customerID,True_Churn,Predicted_Prob,Predicted_Class,gender,SeniorCitizen,Partner,Dependents,tenure,PhoneService,MultipleLines,InternetService,OnlineSecurity,OnlineBackup,DeviceProtection,TechSupport,StreamingTV,StreamingMovies,Contract,PaperlessBilling,PaymentMethod,MonthlyCharges,TotalCharges,gender_SHAP,SeniorCitizen_SHAP,Partner_SHAP,Dependents_SHAP,tenure_SHAP,PhoneService_SHAP,MultipleLines_SHAP,InternetService_SHAP,OnlineSecurity_SHAP,OnlineBackup_SHAP,DeviceProtection_SHAP,TechSupport_SHAP,StreamingTV_SHAP,StreamingMovies_SHAP,Contract_SHAP,PaperlessBilling_SHAP,PaymentMethod_SHAP,MonthlyCharges_SHAP,TotalCharges_SHAP
4376-KFVRS,0,0.010090891,0,1,0,1,1,72,1,2,1,2,2,2,2,2,2,2,1,1,114.05,8468.2,0.08809383,-0.019287476,-0.015056913,-0.08844206,-1.2963259,-0.017409017,0.09872129,0.04885335,-0.40325895,-0.103892885,0.00065779197,-0.1600919,0.033436798,0.030983089,-2.1128747,0.054679383,-0.106248654,0.2705866,0.16012289
2754-SDJRD,0,0.8235123,1,0,1,0,0,8,1,2,1,0,0,0,2,2,2,0,1,1,100.15,908.55,0.04592068,0.14562604,-0.0058527677,0.045586877,0.34726757,-0.012683428,0.20893154,0.13250858,0.12010553,0.0967262,0.010466634,-0.3136173,0.06226287,0.07254208,0.7612927,0.09842714,-0.13110764,0.7652054,0.13994394
9917-KWRBE,0,0.08705208,0,0,0,1,1,41,1,2,0,2,2,2,0,2,0,1,1,1,78.35,3211.2,0.0020775716,-0.016622279,-0.0014717473,-0.08213395,-0.20902245,-0.02139838,0.007148692,-0.13027285,-0.15211348,-0.051761616,0.02720769,0.083342835,0.012366869,-0.13382266,-0.7675257,0.06201505,-0.12028475,0.1613877,0.029936548
0365-GXEZS,0,0.28689158,0,1,0,1,0,18,1,0,1,0,0,2,2,0,0,0,0,2,78.2,1468.75,-0.027979318,-0.020049442,0.04104993,0.012561172,-0.25719327,-0.016237695,-0.11825258,0.11981853,0.18820469,0.058118414,-0.0109174885,-0.3790567,-0.030516567,0.042384364,0.5826247,-0.22187813,0.21470731,0.025994696,-0.064686626
9385-NXKDA,0,0.002180462,0,0,0,1,0,72,1,2,0,2,2,2,0,2,2,2,1,1,82.65,5919.35,-0.019242411,-0.03833112,0.012868244,0.006922748,-1.9448168,-0.046423133,0.119628586,-0.15289223,-0.5747253,-0.11912939,-0.0361662,0.20562546,0.030394655,0.04160021,-1.93025,0.050472375,-0.14661033,-0.43408445,-0.10164948
4686-UXDML,0,0.6202633,1,0,0,0,0,21,1,2,1,0,2,0,0,2,2,0,1,1,99.85,1992.55,0.006823054,-0.015180939,-0.008383535,0.021197977,-0.16698521,-0.01505016,0.14664577,0.15419535,0.063472725,-0.08594899,0.013386635,0.1287414,0.04235858,0.042372648,0.7569997,0.14233918,-0.15821958,0.61356187,-0.14243494
2227-JRSJX,0,0.50993305,1,0,0,0,0,21,1,0,1,0,2,0,2,2,2,0,1,0,99.15,1956.4,0.044484705,-0.016095769,-0.014168959,0.01159895,-0.095065,-0.008238473,-0.15426145,0.118115366,0.03788643,-0.08211885,0.01982238,-0.27869746,0.041300576,0.033984788,0.66565573,0.11022093,-0.15299395,0.9192354,-0.11170233
4830-FAXFM,0,0.14003249,0,1,0,0,1,19,1,2,2,1,1,1,1,1,1,0,1,1,24.1,439.2,-0.03166199,-0.017565506,-0.0033188586,-0.12615654,-0.121069714,0.0023394225,0.21032137,0.052848633,-0.36555374,-0.07354302,-0.008982556,-0.38542515,-0.002725416,-0.03572384,0.5738448,0.09290454,-0.09136893,-0.3784624,-0.0564965
1830-IPXVJ,0,0.016501805,0,0,0,1,1,61,1,0,2,1,1,1,1,1,1,2,0,1,19.75,1311.6,-0.0014211453,-0.037811738,0.014856807,-0.08981604,-0.35652488,-0.0063073346,-0.1605794,0.046135254,-0.25091094,-0.122985154,0.002321477,-0.17944145,-0.056052223,-0.02238531,-1.7043781,-0.08983083,-0.007916585,-0.016012376,0.00064057345
4690-LLKUA,1,0.33262485,0,1,1,0,0,17,1,0,0,0,0,0,0,0,0,0,1,2,45.05,770.6,-0.003329138,0.12921149,-0.00078925263,0.013931452,-0.103158735,-0.07902791,-0.19235964,-0.35467824,0.15361525,0.050077405,0.0106658,0.109721914,-0.022836186,-0.018198837,0.51189446,0.08686016,0.19976264,-0.1275681,-0.0109060975
5804-HYIEZ,0,0.2574805,0,1,0,1,1,70,1,2,1,2,2,0,0,2,2,0,1,2,106.05,7554.05,0.08220211,-0.012827121,-0.0029349115,-0.1487365,-0.64279455,-0.017765852,0.13098416,0.1049017,-0.50154567,-0.09608894,-0.0365602,0.09856252,0.01890822,0.03423538,0.48762512,0.08059532,-0.005740936,0.44990695,-0.032806404
2388-LAESQ,0,0.008559617,0,0,1,1,0,72,1,2,1,2,2,2,2,2,2,2,1,0,114.85,8317.95,-0.12518387,0.13029583,-0.0057504,0.020626165,-1.4768469,-0.02181944,0.03203513,0.034686353,-0.3934148,-0.089434616,-0.002643381,-0.1569683,0.031807855,0.03341011,-2.0533082,0.051691763,-0.023398593,0.21612896,0.0952113
5533-RJFTJ,0,0.19183885,0,1,0,0,0,49,0,1,0,0,0,2,0,0,0,0,1,0,30.2,1453.1,-0.009792413,-0.0250725,-0.043000776,0.044134326,-0.4769317,0.13026842,0.082846865,-0.3210272,0.19015516,0.010425208,-0.0047908006,0.18356809,-0.05231234,-0.05601062,0.5939813,0.081446655,-0.19009781,-0.43852085,-0.08814956
4706-AXVKM,1,0.6836542,1,0,1,0,0,11,1,2,1,0,0,0,0,0,2,0,1,1,84.8,906.85,0.0032723458,0.13664006,-0.012528149,0.038368374,-0.02739656,-0.017329568,0.17639448,0.12616135,0.22017209,0.063039966,0.011459953,0.0889369,-0.024342671,0.08454554,0.71324736,0.104963824,-0.19832954,0.2292896,0.10327631
0997-YTLNY,0,0.100487776,0,0,0,0,1,19,1,0,0,0,0,0,2,0,0,0,0,3,48.8,953.65,0.057459995,-0.04942296,-0.0006687181,-0.044555772,-0.38123867,-0.051246334,-0.08166735,-0.29591104,0.14996837,0.080072574,-0.0032715646,-0.23175877,-0.04163865,-0.040570773,0.41689563,-0.061088502,-0.26214156,-0.22788657,-0.07392054
7971-HLVXI,0,0.042076234,0,1,0,1,1,72,1,2,1,0,0,0,0,0,2,2,1,1,84.5,6130.85,0.026039476,-0.025701983,0.035191067,-0.02880615,-1.2824848,-0.02938566,0.12128349,0.064471394,0.5706379,0.26913705,0.07365298,0.2973301,-0.15878625,0.06745112,-1.6701429,0.07066916,-0.2620989,-0.20139377,-0.013122747
7337-CINUD,0,0.012906147,0,0,0,1,1,8,1,0,2,1,1,1,1,1,1,2,0,0,19.5,159.35,0.029863935,-0.036348753,0.027219737,-0.06599886,0.024363741,-0.0042815353,-0.11759664,0.039583296,-0.30420333,-0.08370237,-0.0057714405,-0.15901323,-0.010869368,-0.07015973,-1.8372439,-0.087950096,-0.044061203,-0.52225393,-0.05941186
1379-FRVEB,0,0.6740091,1,1,0,0,1,15,1,2,1,0,2,0,0,2,0,0,1,2,91.0,1430.05,0.008849971,-0.013014759,0.009361259,-0.14570813,-0.07188372,-0.01488365,0.10041201,0.15668544,0.26956704,-0.045580838,0.0051417137,0.12877716,0.0346665,-0.03251274,0.7672845,0.14567086,0.17153853,0.24880348,0.052424725
4753-PADAS,0,0.24437763,0,0,0,1,0,67,1,2,1,0,2,2,0,2,2,1,1,0,105.7,6816.95,-0.07604166,-0.010014611,0.011301918,0.03608073,-0.47680634,-0.008515635,0.064490564,0.065884106,0.18108545,-0.08021215,0.050029658,0.117815435,0.022074316,0.17342067,-0.7471922,0.050483763,-0.09474987,0.78424317,-0.14297919
5701-GUXDC,0,0.057038803,0,0,0,1,0,26,0,1,0,2,0,2,0,0,0,1,0,1,35.4,978.6,0.023427442,-0.045419727,0.03102519,0.020267723,-0.21634641,0.11069415,0.091441184,-0.09418851,-0.19087227,0.048183624,0.020006444,0.07182581,-0.027449133,-0.2796855,-0.9631553,-0.010313209,-0.12625358,-0.3567297,0.13747373
7235-NXZCP,1,0.728203,1,1,1,0,0,2,1,2,1,0,0,0,0,0,0,0,1,3,74.85,156.4,0.0072595477,0.1996363,-0.00206206,0.024574427,0.57630104,-0.013810422,0.21022014,0.14457004,0.23099072,0.040523157,-0.0072080465,0.16043404,-0.03430763,-0.06337127,0.7874979,0.1407758,-0.1119408,-0.17439581,-0.08093682
0668-OGMHD,0,0.3196843,0,0,0,1,0,21,0,1,0,2,0,0,0,0,0,0,0,2,28.5,629.35,-0.012558904,-0.041272506,0.08284124,0.038235966,-0.087941945,0.20868915,0.10415218,-0.1665467,-0.22369088,0.10140345,0.00422642,0.14403605,-0.032101896,-0.04572964,0.6288827,-0.24238959,0.21404515,-0.43647724,0.056199215
2812-REYAT,0,0.020453354,0,0,0,1,0,49,1,0,2,1,1,1,1,1,1,1,1,0,20.05,923.1,-0.00021521168,-0.028858086,0.008099384,0.018844746,-0.640775,-0.008637922,-0.20698097,0.04862208,-0.2646419,-0.037272397,-0.019468784,-0.20550859,-0.0140235005,-0.23162287,-0.819264,0.017443499,0.14325051,-0.5629809,-0.015727973
8779-YIQQA,0,0.015660856,0,1,0,1,1,21,1,0,2,1,1,1,1,1,1,1,0,3,19.8,350.1,-0.012414333,-0.029392362,0.030277183,-0.04944895,-0.09555137,-0.004706991,-0.17924322,0.038776066,-0.31686288,-0.049117394,-0.022564448,-0.16161352,-0.020498786,-0.22958264,-0.79899037,-0.13116814,-0.30611187,-0.573865,-0.17950115
9701-CDXHR,0,0.1335028,0,0,0,1,0,51,1,0,1,0,0,0,0,0,0,0,0,3,69.15,3649.6,-0.040812608,-0.05652365,0.009589965,0.009248492,-0.60947114,-0.02578944,-0.17174245,0.15024893,0.21787882,0.07287128,-0.0012154466,0.15753901,-0.026375836,-0.038761504,0.57407576,-0.15062621,-0.22110106,-0.23139916,-0.43874487
7130-CTCUS,0,0.22738215,0,1,1,1,0,16,1,0,0,2,2,0,0,0,0,0,1,0,54.55,825.1,-0.032511774,0.1744759,0.004746378,0.01855319,-0.044711262,-0.043128893,-0.13480794,-0.2171734,-0.20259684,-0.08119174,0.013968749,0.124509126,-0.01934748,-0.030201657,0.63978976,0.097582296,-0.16946426,-0.24582194,-0.026595898
1894-IGFSG,1,0.36234078,0,0,0,0,0,22,1,0,1,0,0,0,0,2,2,0,0,2,89.25,1907.85,-0.0030668294,-0.036280867,-0.0014011569,0.0082176095,-0.34973657,-0.0061810995,-0.16080141,0.14628501,0.17708014,0.090369135,0.012879005,0.116566114,0.050374232,0.016286898,0.6491044,-0.21666403,0.127335,-0.006693314,-0.12966584
0871-URUWO,1,0.6356035,1,1,0,1,0,13,1,2,1,0,0,2,0,2,2,0,1,1,102.25,1359.0,-0.012988821,-0.024727404,0.0064010373,0.03597228,-0.09227673,-0.014303516,0.18729962,0.14157887,0.11484606,0.046995427,-0.002528983,0.12540156,0.06318149,0.053005025,0.7160297,0.14121367,-0.20627587,0.50524676,-0.17851254
0057-QBUQH,0,0.024809908,0,0,0,0,1,43,1,2,2,1,1,1,1,1,1,2,1,2,25.1,1070.15,-0.045713108,-0.04889912,0.024639258,-0.11456454,-0.16178499,0.0031643936,0.10586722,0.04461463,-0.30016768,-0.13242279,-0.020062508,-0.22662313,-0.01599823,-0.056365594,-1.6753021,0.054520503,0.09486536,-0.60093385,0.44900298
9611-CTWIH,1,0.70009404,1,0,0,0,0,3,1,0,1,0,0,0,0,2,2,0,1,2,89.45,240.45,0.021385847,-0.018706836,0.001040078,0.0127795115,0.44954973,-0.013935154,-0.26742172,0.15392084,0.2841163,0.06061474,0.007399258,0.08000939,0.021711111,0.022540463,0.79431355,0.08385848,0.08984776,0.2520958,-0.13814795
8058-DMYRU,0,0.46014223,0,1,1,0,0,54,1,2,1,0,2,0,0,0,2,0,1,2,90.05,4931.8,0.029522704,0.1474806,-0.0005436102,0.037406795,-0.5799635,-0.015776081,0.1898061,0.1541746,0.25237176,-0.07498437,0.0043020425,0.16392739,-0.083565444,0.036340684,0.5941616,0.117975086,0.22503299,0.021819368,-0.3300332
5351-QESIO,0,0.4858349,0,1,0,0,1,1,0,1,0,0,0,0,0,0,0,0,0,3,24.2,24.2,-0.0026824542,-0.07964797,-0.039642066,-0.07264897,0.79055375,0.06757706,0.06077335,-0.2888044,0.25300777,0.022571325,-0.010935898,0.1278496,-0.033011965,-0.044425987,0.6673352,-0.30238357,-0.08350015,-0.6247213,0.5852867
4302-ZYFEL,0,0.010918727,0,1,0,1,1,69,1,0,2,1,1,1,1,1,1,1,1,1,20.55,1403.1,0.017153177,-0.013368199,0.049859855,-0.0536953,-0.7630964,0.0047321925,-0.22516671,0.044407926,-0.27712098,-0.005672218,-0.02244565,-0.18831003,-0.003870303,-0.23201121,-0.74963695,0.039930917,-0.15242681,-0.6222881,-0.3040459
6134-KWTBV,0,0.008452066,0,1,0,0,0,62,1,2,2,1,1,1,1,1,1,2,0,0,23.4,1429.65,0.010925489,-0.038601518,-0.019070547,0.022520764,-0.7364508,-0.006587915,0.12051237,0.050323263,-0.26300654,-0.065577514,-0.001446339,-0.18366528,-0.061148643,-0.06347187,-1.6419779,-0.10147953,-0.30714175,-0.4031751,-0.027111422
2034-GDRCN,1,0.7688529,1,0,0,0,0,2,1,0,1,0,0,0,0,2,2,0,1,2,90.4,168.2,0.021175077,-0.011424643,0.0014364154,0.0127795115,0.5249022,-0.013935154,-0.236852,0.12989667,0.28860736,0.06061474,0.0075379517,0.09503478,0.021711111,0.022307346,0.80249816,0.09726236,0.09821707,0.31595218,0.013349526
9544-PYPSJ,0,0.22927208,0,0,1,1,1,62,1,2,1,0,2,2,0,0,2,0,1,1,96.1,6019.35,-0.005244719,0.025469273,-0.046211686,-0.08705513,-1.1214793,-0.018521255,0.12544475,0.13882223,0.19502467,-0.1021622,-0.016286794,0.17324786,-0.12782426,0.027390527,0.60767597,0.0989641,-0.10667905,0.3250943,-0.24887046
4208-UFFGW,1,0.5327971,1,1,1,0,0,2,1,0,0,0,0,0,0,0,0,0,0,3,44.95,85.15,-0.0068370644,0.29396623,-0.00038325932,0.009636864,0.57005537,-0.045955434,-0.103833504,-0.16984013,0.18424156,0.09237482,-0.0048254235,0.14721522,-0.0326008,-0.048433058,0.6650045,-0.18860404,0.006898259,-0.27472347,0.087246
9537-JALFH,0,0.008814787,0,1,0,1,1,69,1,0,2,1,1,1,1,1,1,2,0,0,19.9,1356.7,0.00061154633,-0.025250966,0.053009935,-0.07252866,-0.51302326,-0.006491457,-0.18584502,0.05352098,-0.25394464,-0.08392356,-0.012621741,-0.18212582,-0.043110806,-0.08441883,-1.729725,-0.09180975,0.15066218,-0.38511848,-0.26111054
4415-IJZTP,1,0.866904,1,0,0,0,0,1,1,2,1,0,0,0,0,0,0,0,1,2,74.5,74.5,-0.013813011,-0.02481761,-0.0021585706,0.022364547,0.8341862,-0.019009862,0.15911342,0.18285306,0.27854407,0.054348584,0.0047135474,0.20454627,-0.024215896,-0.046681277,0.92998034,0.14164066,0.13048056,-0.08081654,0.19182439
4701-MLJPN,1,0.12142078,0,1,0,0,0,31,1,0,0,0,0,2,2,0,0,0,1,2,55.25,1715.65,-0.038290616,-0.0229023,0.021686977,0.012245245,-0.6092289,-0.042236842,-0.12103983,-0.28559348,0.15667889,0.029938197,-0.032322552,-0.35718784,-0.038618065,0.010211902,0.46770376,0.074367575,0.19748056,-0.08671053,-0.2660005
7515-LODFU,0,0.0060022413,0,1,1,0,0,69,1,0,2,1,1,1,1,1,1,2,0,1,20.3,1356.3,0.0007198136,0.25487113,-0.03061449,0.040344056,-0.7432047,-0.009810976,-0.24221423,0.03491368,-0.24025021,-0.048429858,-0.006408477,-0.17619683,-0.0449873,-0.08107764,-1.5009311,-0.08682237,-0.12290555,-0.67351425,-0.38385558
4927-WWOOZ,0,0.8574221,1,1,0,1,0,2,1,2,1,0,0,2,0,2,0,0,1,2,91.45,171.45,0.0051587382,-0.02387507,0.00032174255,0.022423748,0.5466277,-0.017384361,0.22823387,0.14776814,0.31718117,0.06640875,0.005838176,0.12519026,0.035630442,-0.05524465,0.8843118,0.14867286,0.07919418,0.32557294,0.0012359819
4067-HLYQI,0,0.4162537,0,0,0,0,0,33,1,0,1,0,0,0,0,0,0,0,1,0,70.4,2406.1,0.042111866,-0.018097503,-0.00411693,0.014522371,-0.4265171,-0.014254646,-0.037752442,0.14927308,0.16586082,0.046821408,0.019662071,0.15738478,-0.030650068,-0.03768211,0.7291457,0.092932254,-0.18886685,-0.16759437,0.21887155
6184-DYUOB,0,0.1843459,0,0,0,1,0,3,1,0,2,1,1,1,1,1,1,0,1,3,19.6,55.25,0.04472443,-0.051384393,0.029029297,0.017951526,0.41797864,-0.017090887,-0.19303091,0.0477169,-0.5796857,-0.056396537,-0.018011855,-0.35483703,-0.011312275,-0.03620039,0.67822766,0.11030143,-0.021162704,-0.46301708,0.018248774
9209-NWPGU,0,0.07533016,0,1,0,0,0,44,1,0,0,2,0,0,2,2,0,1,0,2,65.4,2774.55,0.008637615,-0.029679852,0.00039249996,0.013441677,-0.31118587,-0.014073323,-0.049251046,-0.13436188,-0.2140371,0.052231416,0.0055190213,-0.19260097,0.0248342,-0.12165198,-0.6253908,-0.09780854,0.22114849,-0.19803992,0.20354591
9851-KIELU,1,0.601709,1,1,0,0,0,10,1,0,1,2,2,2,2,2,2,0,1,2,110.1,1043.3,-0.09301718,-0.03948992,0.023880795,0.055796493,0.23870772,-0.0014081534,-0.13789415,0.075040296,-0.25552312,-0.07228796,-0.008965921,-0.32665914,0.04858319,0.004544488,0.55586725,0.07382326,0.08371644,0.90096927,0.3361335
3199-XGZCY,0,0.69293755,1,0,0,0,0,8,1,2,1,0,0,0,0,0,0,0,1,2,75.25,576.7,-0.016281929,-0.023871088,-0.0024715434,0.03356328,0.26268047,-0.013129327,0.15435879,0.16839123,0.27287152,0.056906216,0.005196362,0.14698236,-0.041332267,-0.045976993,0.8180298,0.14589044,0.16427782,-0.12973139,-0.09323931
4226-KKDON,0,0.24988323,0,1,0,0,0,8,1,0,0,0,2,0,2,2,0,0,1,2,66.65,520.95,-0.04667762,-0.012215673,-0.00068205193,0.03096167,0.32855344,-0.02299015,-0.14427707,-0.26923785,0.2122964,-0.09777607,0.01217242,-0.30366635,0.027072871,-0.0031467518,0.60818326,0.09830426,0.15129752,-0.37331167,-0.24487084
1085-LDWAM,0,0.009451108,0,0,0,1,1,69,1,0,2,1,1,1,1,1,1,1,1,1,20.35,1442.65,-0.01784745,-0.013450018,0.04999109,-0.053202186,-0.8746934,0.0049623647,-0.21442404,0.04378402,-0.26432335,-0.005672218,-0.02287864,-0.18813762,-0.0045362352,-0.15092751,-0.8075861,0.038136438,-0.13713136,-0.7083082,-0.2766563
6825-UYPFK,1,0.2087568,0,0,0,0,0,23,1,2,1,0,0,0,0,0,0,0,0,0,75.6,1758.6,-0.008985459,-0.023156714,-0.053054135,0.011144224,-0.32150275,-0.009082145,0.10061282,0.14497231,0.15850765,0.07030437,0.011887929,0.15795943,-0.03262615,-0.03693646,0.6995694,-0.3056348,-0.16765924,-0.36566275,-0.31386822
1767-CJKBA,0,0.0056181448,0,1,0,0,0,66,1,2,2,1,1,1,1,1,1,2,0,3,25.1,1697.7,0.011103659,-0.043319453,-0.0035719895,0.039191272,-0.6331188,-0.008923832,0.03990078,0.03954422,-0.30754542,-0.10855138,-0.009813405,-0.18257038,-0.046667688,-0.076681025,-1.5162338,-0.07369908,-0.19425143,-0.5557481,-0.49593833
7181-BQYBV,1,0.8788914,1,0,0,1,1,1,1,2,1,2,0,2,0,2,2,0,1,2,102.45,102.45,0.029428827,-0.052731585,0.012018132,-0.14893216,0.72850114,-0.02077927,0.1654457,0.1118774,-0.34984463,0.110698864,0.010276927,0.1680879,0.030957185,0.07845974,0.8624535,0.14772528,0.05953038,0.77919894,0.30882657
0178-CIIKR,0,0.12920736,0,0,0,0,0,3,1,0,2,1,1,1,1,1,1,0,0,3,19.95,58.0,0.044503253,-0.061988607,-0.0102861775,0.014728798,0.44162834,-0.009848714,-0.1535155,0.04569322,-0.56506944,-0.080958396,-0.017571684,-0.29674494,-0.013259929,-0.035581533,0.6504724,-0.23837866,-0.1360904,-0.44924998,0.01275761
4256-ZWTZI,0,0.33026865,0,0,0,0,1,5,1,0,0,0,0,0,2,0,0,0,1,3,51.0,286.8,0.047218014,-0.02018597,0.00043783197,-0.05689357,0.6086866,-0.0032850192,-0.101007655,-0.19939172,0.24922667,0.055024173,-0.011496494,-0.22337331,-0.031448003,-0.024695959,0.59082603,0.06511215,-0.14794645,-0.25685066,-0.19770141
9537-VHDTA,0,0.34352905,0,0,0,0,1,1,1,0,0,2,0,0,0,0,0,0,0,3,51.2,51.2,0.01269095,-0.06683701,-0.00035150588,-0.036428347,0.715144,-0.017174864,-0.053412594,-0.19704406,-0.41673136,0.08257087,-0.01025567,0.12236352,-0.02431398,-0.028016701,0.74277693,-0.20581001,-0.13993745,-0.30243143,0.22481743
2754-XBHTB,1,0.59930855,1,0,0,0,0,9,1,0,1,0,0,0,0,2,0,0,1,0,77.65,714.15,0.024691913,-0.010828451,0.0012135218,0.017339187,0.25628796,-0.014494522,-0.16223948,0.15351218,0.2296234,0.05903985,0.015540269,0.13928524,0.033838596,-0.011582601,0.811211,0.10807468,-0.23299475,0.08096372,-0.046671227
5975-BAICR,0,0.07867927,0,1,0,1,1,36,1,0,0,2,0,2,0,0,2,1,1,1,63.7,2188.5,0.040735766,-0.023875298,0.0059550777,-0.03899299,-0.27038088,-0.023025474,-0.104582876,-0.16122161,-0.20174718,0.034878757,-0.012461505,0.07809196,-0.026708707,0.18819135,-0.57744175,0.06826724,-0.09060178,-0.28746074,-0.0088225035
3301-VKTGC,0,0.064695515,0,1,0,1,1,68,1,2,1,2,2,0,0,0,0,1,1,0,85.5,5696.6,0.014061039,-0.014157635,0.014113006,-0.061869174,-0.32805145,-0.013367239,0.058488406,0.05005323,-0.26611537,-0.06426971,-0.006325624,0.07714977,-0.010256025,-0.22501712,-0.8039981,0.04693264,-0.078746796,0.15284179,-0.16342063
2877-VDUER,0,0.0945871,0,0,0,1,1,35,0,1,0,0,0,0,2,2,0,1,0,3,40.9,1383.6,-0.00395359,-0.022810446,0.059147827,-0.06402952,-0.36013007,0.070675254,0.054574195,-0.1463042,0.38430932,0.038625292,-0.0054386267,-0.19940598,0.07408667,-0.046594214,-0.63107055,-0.105267204,0.06391815,-0.29371175,-0.07626472
7717-BICXI,0,0.0104922345,0,1,0,1,1,60,1,0,2,1,1,1,1,1,1,2,0,3,20.55,1205.05,0.05204994,-0.046488523,0.0031289116,-0.09369607,-0.49331445,-0.00941008,-0.1628735,0.04571378,-0.3023408,-0.085733965,-0.0052968813,-0.18107459,-0.06124904,-0.029793892,-1.625675,-0.11834441,-0.063595645,-0.4918833,0.17253178
0562-FGDCR,0,0.002921888,0,0,0,1,1,72,1,2,0,2,2,0,2,2,0,2,0,3,74.55,5430.65,-0.021388432,-0.04773378,0.0067269905,-0.052845545,-1.5038534,-0.038036525,0.09777083,-0.10030349,-0.4578927,-0.13782951,0.06091261,-0.1878432,0.030200576,0.0042518643,-1.659412,-0.1363927,-0.11965697,-0.311472,-0.20857668
3705-PSNGL,1,0.012124932,0,1,0,0,0,45,1,0,2,1,1,1,1,1,1,1,1,2,20.4,930.45,0.014114921,-0.028896779,-0.0023610424,0.02207333,-0.59764534,-0.008534844,-0.2513175,0.048968527,-0.3278739,-0.053561233,-0.024099128,-0.19391145,-0.013692266,-0.31836492,-0.8067152,0.04716274,0.08845732,-0.8337323,-0.11113807
0048-LUMLS,0,0.124415755,0,1,0,1,1,37,1,0,1,0,0,0,0,2,2,1,0,1,91.2,3247.55,-0.019027822,-0.019277371,0.0016878475,-0.039117564,-0.19618708,-0.015501181,-0.08600519,0.059895735,0.11885001,0.06587626,0.017028466,0.07360577,0.03858788,0.17054038,-0.68726856,-0.19104005,-0.22375534,0.067749016,-0.038677737
6497-TILVL,0,0.18413393,0,0,0,1,1,7,1,0,0,2,0,0,0,0,0,0,0,3,50.7,350.35,0.013667382,-0.034695204,0.0035562518,-0.043889508,0.29231894,-0.012499058,-0.049146228,-0.18985702,-0.3817971,0.09580156,-0.012027345,0.08999605,-0.039248023,-0.029340092,0.63777745,-0.19301887,-0.20305529,-0.22655691,-0.1573487
2108-YKQTY,1,0.34889424,0,0,0,0,0,4,1,0,0,0,2,0,0,0,0,0,0,1,50.7,151.3,0.018470997,-0.022498228,-0.0010247983,0.011542308,0.5756121,-0.014003084,-0.07349557,-0.21724787,0.21462908,-0.16664204,0.01074072,0.09501309,-0.015548319,-0.030003257,0.6314637,-0.2887682,-0.086486325,-0.20456745,-0.011864852
3658-KIBGF,1,0.51870865,1,0,0,0,0,1,1,0,0,2,2,0,0,0,0,0,1,2,54.9,54.9,0.009267702,-0.04611192,0.00011718641,0.017206527,0.75422674,-0.03078796,-0.09432716,-0.19298804,-0.3590886,-0.08898957,0.006533808,0.14851762,-0.014577908,-0.019248843,0.8244318,0.15776886,0.11829297,-0.25514174,0.18899405
5482-NUPNA,1,0.18555151,0,0,0,0,0,4,1,0,0,2,2,0,2,0,0,0,1,3,60.4,272.15,0.05654427,-0.030292459,0.00012671591,0.017341133,0.43542388,-0.018318918,-0.09732494,-0.13324723,-0.3902624,-0.066751316,-0.011643115,-0.20529607,-0.020592306,-0.016615605,0.59913206,0.10020209,-0.13410296,-0.3092994,-0.20497705
7410-KTVFV,1,0.16297385,0,1,0,1,0,18,1,0,0,0,0,2,0,0,0,0,1,3,49.55,878.35,-0.0021213058,-0.04252109,0.0051174657,0.012758878,-0.2839184,-0.07973557,-0.16196269,-0.36385894,0.1736765,0.037870444,0.04619396,0.12227811,-0.04286261,-0.04301755,0.45380998,0.09153456,-0.2056113,-0.29005092,-0.0146202585
9033-EOXWV,1,0.12060978,0,0,0,0,0,12,1,2,0,0,0,0,2,2,2,1,0,3,74.05,872.65,-0.062943354,-0.042598628,-0.0021144238,0.026604192,0.12601857,-0.010054146,0.060928866,-0.1300517,0.25944522,0.067185685,-0.010179988,-0.2256246,0.058410507,0.12029588,-0.60992,-0.21597576,-0.087955326,-0.24905168,-0.009862829
8821-XNHVZ,1,0.8260231,1,0,0,1,1,1,1,0,1,0,0,0,0,2,0,0,1,3,80.05,80.05,0.009393586,-0.026357712,0.00678133,-0.08571422,0.86980927,-0.020636477,-0.123739585,0.14742383,0.28925687,0.049574517,-0.012381639,0.15613903,0.028361162,-0.036913633,0.8783905,0.069209546,-0.06865301,0.19096069,0.28602183
8224-KDLKN,0,0.0015202109,0,1,0,1,1,72,1,2,2,1,1,1,1,1,1,2,0,0,25.0,1738.9,0.015890494,-0.032126453,0.019330947,-0.049159642,-1.7533721,-0.030813513,0.02506116,0.05076474,-0.41230407,-0.11282763,-0.021201322,-0.21053237,-0.075298,-0.08739634,-1.6497602,-0.13442898,-0.12703028,-0.53525174,-0.31770316
4825-FUREZ,0,0.010273062,0,1,0,1,0,42,1,0,2,1,1,1,1,1,1,2,0,2,20.25,835.5,-0.009781967,-0.053152118,0.0075414246,0.045257036,-0.36894184,-0.02426824,-0.22299659,0.047936134,-0.28804782,-0.097631514,-0.013097494,-0.16608596,-0.018872198,-0.10054335,-1.5358064,-0.11340052,0.07280308,-0.66350174,-0.01608887
7534-BFESC,1,0.47651514,0,1,1,0,0,24,1,2,1,0,0,0,0,0,0,0,1,2,76.1,1712.7,0.02992486,0.10751458,-0.042768102,0.027150428,-0.3794907,-0.008120563,0.16500847,0.16214515,0.21208355,0.03810605,0.0062106065,0.19714908,-0.034016848,-0.016823731,0.7208916,0.12124993,0.23684357,-0.24004865,-0.3477923
9138-EFSMO,0,0.070205145,0,1,0,1,1,26,1,0,1,0,0,0,0,0,2,1,0,0,78.95,2034.25,0.06333637,-0.019062255,0.035925232,-0.038815234,-0.22619994,-0.012979457,-0.0976133,0.07498246,0.10852734,0.051904727,0.012854511,0.0935893,-0.02830652,0.12932053,-0.84795314,-0.22278284,-0.23943211,-0.059534807,-0.31207678
4227-OJHAL,0,0.08736814,0,0,0,1,1,68,1,2,0,2,2,2,0,2,0,1,1,1,73.0,5163.0,-0.021633305,-0.01805905,0.006045452,-0.061772253,-0.22010946,-0.021260628,0.116515435,-0.12125497,-0.19443819,-0.058118895,0.030506304,0.07572342,0.008607255,-0.1678724,-0.7502853,0.049085442,-0.06418048,-0.049433406,0.16495767
7279-NMVJC,0,0.06865899,0,0,0,0,0,17,1,0,2,1,1,1,1,1,1,1,0,0,19.9,323.15,0.027608044,-0.020551203,-0.010134386,0.006947997,0.16315587,-0.0015827371,-0.14129841,0.039327912,-0.25030914,-0.040074907,-0.010215934,-0.10793888,-0.014209769,-0.17598999,-0.78215355,-0.10885797,0.1635218,-0.2287856,-0.06670739
8591-TKMZH,0,0.04270158,0,1,0,1,1,59,1,2,1,2,2,0,2,2,2,2,1,3,111.1,6555.2,0.043882117,-0.013060864,-0.037069883,-0.1301451,-0.32492104,-0.0044542598,0.04866456,0.051530518,-0.20599797,-0.11959508,-0.009028165,-0.19131748,0.055004064,0.062407408,-1.3826112,0.047521573,-0.37138727,0.64373356,-0.22380894
9283-LZQOH,1,0.44184852,0,1,0,1,1,13,1,2,1,0,0,0,0,0,0,0,1,1,74.4,896.75,-0.0036892572,-0.01873189,0.0073552513,-0.15105765,-0.065955415,-0.016906664,0.0996421,0.12940617,0.2016776,0.053866796,0.0097452,0.14989704,-0.035872187,-0.061987605,0.68127143,0.11547943,-0.15867195,-0.13976859,0.019862674
3594-IVHJZ,0,0.15149769,0,0,0,0,0,2,1,0,2,1,1,1,1,1,1,0,1,3,20.45,42.45,0.048993085,-0.05140285,-0.0028309082,0.017707163,0.49252868,-0.018823178,-0.1949604,0.036341403,-0.5797092,-0.056611814,-0.017571684,-0.36355555,-0.013259929,-0.029562881,0.66776705,0.10869699,-0.069000416,-0.63727313,-0.011149682
1945-XISKS,0,0.013549627,0,0,0,1,0,67,1,0,2,1,1,1,1,1,1,2,0,3,19.65,1335.2,-0.0025828215,-0.031350013,0.057755087,0.05007914,-0.41073585,-0.02181957,-0.15290707,0.047567878,-0.30017954,-0.076708615,0.0018439704,-0.15278804,-0.05080352,-0.069703706,-1.711473,-0.067638,-0.1315092,-0.1513324,-0.06424189
4359-INNWN,0,0.03041578,0,0,0,0,0,17,1,0,2,1,1,1,1,1,1,1,0,1,20.05,337.9,0.027707739,-0.020551203,-0.0035553235,0.007309757,0.14702445,-0.0020965459,-0.14446284,0.031387858,-0.25186154,-0.03868753,-0.010215934,-0.1168314,-0.014098612,-0.18651053,-0.9303564,-0.13082202,-0.11798377,-0.56843483,-0.08964189
7649-SIJJF,0,0.0030632652,0,1,0,1,0,71,1,2,0,2,2,2,2,0,2,2,1,3,80.1,5585.4,0.0132831,-0.045797534,0.01035413,0.0065630865,-1.3088253,-0.049278915,0.11513854,-0.0785566,-0.42407638,-0.14546482,-0.006160087,-0.1932714,-0.10243069,0.029356314,-1.6720786,0.05138164,-0.26327404,-0.3451461,-0.32769594
9254-RBFON,1,0.14721774,0,0,0,1,1,17,1,0,1,0,0,2,2,2,2,1,0,0,98.6,1704.95,-0.032077003,-0.01848283,0.020948196,-0.04609057,0.21392873,-0.0028168596,-0.06410211,0.051695928,0.089064844,0.043950453,-0.015390022,-0.11608858,0.04480676,0.10500528,-0.7670149,-0.21766204,-0.1763645,0.6569489,-0.4776264
0970-ETWGE,1,0.8555529,1,1,0,0,0,1,1,0,1,0,0,0,0,2,2,0,1,2,89.55,89.55,-0.020203386,-0.016860945,0.0010903485,0.018493611,0.90491533,-0.02272031,-0.25266844,0.16599485,0.28013238,0.05672942,0.00797094,0.1636567,0.014031462,0.007859153,0.8391574,0.089148626,0.106287844,0.38557357,0.09947129
7762-ONLJY,0,0.042318594,0,0,0,1,1,6,1,0,2,1,1,1,1,1,1,1,0,3,19.7,94.45,0.024030987,-0.037989967,0.029075356,-0.04672701,0.28325105,-0.010280715,-0.12860303,0.023036094,-0.37242606,-0.04899624,-0.028826851,-0.15163998,-0.016565317,-0.14012796,-0.8119709,-0.11501674,-0.058722723,-0.38509676,-0.07646618
6710-HSJRD,0,0.17214178,0,1,0,1,0,61,1,2,1,0,2,2,2,2,2,0,1,2,114.1,7132.15,0.08861056,-0.0036086515,-0.07374468,0.04340915,-1.2365372,-0.024157692,0.12564537,0.1536717,0.25279745,-0.038303334,0.004236886,-0.30052617,0.063251674,0.011684434,0.47522223,0.07349694,0.17740029,-0.19723843,-0.11660781
8873-GLDMH,0,0.63229454,1,0,0,0,0,6,1,2,1,0,0,0,0,0,0,0,1,3,73.85,401.3,-0.0071357805,-0.033796668,-0.0024715434,0.020371418,0.48191205,-0.013129327,0.15708752,0.16839123,0.2974117,0.04441444,-0.015193659,0.13404514,-0.0505244,-0.057106603,0.7891777,0.14722466,-0.1961655,-0.14213303,-0.13108055
9907-SWKKF,1,0.6810444,1,0,1,0,0,1,0,1,0,0,0,0,0,0,0,0,0,3,25.05,25.05,-0.018911405,0.4557378,0.005658533,0.01899031,0.7730204,0.110918306,0.049356837,-0.28647867,0.18802379,0.048096105,-0.0051519005,0.16601317,-0.0335904,-0.071221545,0.7056047,-0.2190962,-0.037562266,-0.5003049,0.45869818
4658-HCOHW,1,0.48552635,0,0,0,1,1,21,1,0,1,0,2,2,2,2,2,0,1,2,102.8,2110.15,0.019392664,-0.010205695,0.01392862,-0.06695489,-0.09380409,-0.0070312484,-0.16962026,0.14082271,0.048157256,-0.067709915,-0.0071807294,-0.29074526,0.033222172,0.012685807,0.6605762,0.09777757,0.08100492,0.59952,-0.0025208606
9330-VOFSZ,0,0.047585215,0,0,0,1,0,60,1,2,1,0,2,2,2,2,2,2,1,1,110.8,6640.7,-0.042195827,-0.006583308,-0.17284843,0.032435134,-0.6541968,-0.0078903735,0.06050423,0.058825567,0.18776628,-0.12210367,0.0032649734,-0.20411102,0.049613897,0.031557173,-1.5542217,0.051880624,-0.01305824,0.52256745,-0.16845892
2860-RANUS,1,0.4046397,0,0,1,0,0,20,1,2,1,0,0,0,0,0,2,0,1,1,85.8,1727.5,0.005743264,0.10057198,0.0004317955,0.024810849,-0.3092527,-0.011787871,0.14357713,0.14287978,0.17276582,0.035201225,0.011459953,0.14349368,-0.0485738,0.040625073,0.72821176,0.08874377,-0.25492197,0.019614108,-0.37053803
6234-PFPXL,0,0.41170502,0,1,0,1,0,22,1,2,1,2,0,0,2,2,0,0,0,1,95.9,2234.95,-0.09096399,-0.021091966,-0.031830456,0.016743165,-0.08810516,-0.014443395,0.09702019,0.0891359,-0.09316898,0.11298336,0.013661228,-0.3413159,0.05688917,-0.04703136,0.67081153,-0.29748988,-0.11656853,0.6057282,0.1713413
7205-BAIAD,0,0.011452158,0,0,0,0,0,40,1,0,2,1,1,1,1,1,1,2,1,0,20.6,827.3,0.021790652,-0.050284024,0.0033091654,0.030747458,-0.3885374,-0.0154078305,-0.19955039,0.041295514,-0.26337323,-0.08338353,-0.009644877,-0.16840945,-0.01974693,-0.07102496,-1.6128414,0.038944844,-0.029531922,-0.6717042,0.038518697
3858-VOBET,1,0.5294024,1,1,0,0,0,23,1,2,1,0,0,0,0,0,0,0,1,2,74.95,1710.45,0.012158493,-0.020291546,-0.0042438796,0.024746465,-0.31477022,-0.007505069,0.15744792,0.16513957,0.22132328,0.042933278,0.006097988,0.19721101,-0.035000913,-0.013539295,0.7097761,0.13611603,0.2399996,-0.14030172,-0.21032633
5103-MHMHY,1,0.52913404,1,0,0,0,1,1,1,0,0,0,0,0,0,0,0,0,0,3,45.95,45.95,0.008530566,-0.05385345,-0.00049580954,-0.035911337,0.81765604,-0.0203319,-0.062127143,-0.27822307,0.25344774,0.07886878,-0.0097803725,0.13000363,-0.024368273,-0.02778462,0.70476586,-0.19361645,-0.11266395,-0.26123282,0.25301015
6119-SPUDB,0,0.020582348,0,1,0,0,0,46,0,1,0,2,0,2,2,0,0,2,0,3,38.25,1755.35,0.0013063583,-0.03976934,-0.036732905,0.027172877,-0.28866327,0.060649294,0.04386135,-0.099958554,-0.23634717,0.18555005,0.047219045,-0.16305277,-0.038871218,-0.057606492,-1.3982277,-0.0995291,-0.10249758,-0.37508315,-0.24271832
9389-ACWBI,0,0.45025688,0,0,0,1,1,5,1,0,1,0,0,0,0,0,0,0,0,1,69.95,320.4,0.018534286,-0.010270869,0.0074692806,-0.0329681,0.4753362,-0.012928648,-0.121372074,0.14742461,0.24151187,0.09842624,0.01007672,0.11250979,-0.017141365,-0.033400495,0.76027054,-0.19854641,-0.13227044,-0.2684972,-0.1945708
3454-JFUBC,0,0.0054918444,0,1,1,0,0,68,1,0,2,1,1,1,1,1,1,2,1,1,20.0,1396.0,0.000787486,0.23848996,-0.029745782,0.040356398,-0.7655983,-0.006709323,-0.21637139,0.037453886,-0.24563773,-0.042351354,-0.006408477,-0.18463811,-0.0449873,-0.080026604,-1.7037604,0.046237756,-0.16096286,-0.646894,-0.3789924
1768-ZAIFU,1,0.7876435,1,0,1,0,0,1,0,1,0,0,0,0,0,0,0,0,1,2,25.2,25.2,-0.026141802,0.30503058,0.013522118,0.039467145,0.72381634,0.10607348,0.15157312,-0.28997505,0.17522345,0.054011013,0.0015632035,0.17323023,-0.026247792,-0.05050505,0.76850164,0.107265584,0.13929252,-0.48800874,0.48231244
7017-VFULY,0,0.18417092,0,0,0,1,0,2,1,0,2,1,1,1,1,1,1,0,0,0,20.1,43.15,0.05427285,-0.049226794,0.009760236,0.014864752,0.42446083,-0.015573068,-0.1670524,0.043037765,-0.5227905,-0.08411293,-0.0013552269,-0.30097187,-0.0029367541,-0.034628365,0.6245278,-0.1973287,0.014006418,-0.20343053,-0.044639003
9221-OTIVJ,1,0.74894285,1,0,1,0,0,14,1,2,1,0,2,2,0,2,2,0,1,2,104.85,1531.4,-0.010189593,0.13010792,-0.0012602229,0.03587677,0.050303914,-0.0064273765,0.1774693,0.1597567,0.10587373,-0.06668891,0.0044035786,0.1142452,0.05000955,0.03270481,0.72364485,0.11099428,0.09770545,0.5167606,-0.08308328
2482-CZGBB,1,0.5539494,1,1,0,0,0,10,1,0,1,0,0,0,0,0,0,0,1,2,70.0,740.0,-0.0032762412,-0.012019563,-0.0037155575,0.014725506,0.20225932,-0.0151880635,-0.17589675,0.15665135,0.2522722,0.052296635,0.012753932,0.15142007,-0.03492584,-0.011309454,0.74620354,0.109088235,0.20206465,-0.24960077,-0.12793647
7018-WBJNK,0,0.5326022,1,1,0,0,1,13,1,0,1,0,0,0,0,2,0,0,1,1,78.3,1033.95,0.029325617,-0.029217783,0.002418531,-0.07065277,-0.03320034,-0.015065255,-0.10776235,0.12087224,0.20822793,0.07199801,0.0162035,0.14496745,0.028884059,0.0018261839,0.6799272,0.10617438,-0.17703055,0.054044057,0.14787927
3331-HQDTW,1,0.17908278,0,0,0,0,0,34,1,2,1,2,2,2,0,2,2,0,1,3,109.8,3587.25,0.0016926515,-0.045475826,0.020144738,0.04278533,-0.47146264,-0.008532213,0.09412873,0.107094996,-0.53065044,-0.07908986,0.048115596,0.06510366,0.0674283,0.07823265,0.4119619,0.08336077,-0.0046517076,0.43251592,-0.7860512
4695-VADHF,1,0.1787073,0,1,0,1,1,18,1,0,0,0,0,2,0,0,2,0,0,2,57.45,990.85,-0.040299684,-0.043966018,0.007778213,-0.039673604,-0.15491799,-0.085939094,-0.15272021,-0.38644397,0.13950935,0.09875985,-0.011941777,0.124887,-0.02277574,0.018977782,0.45060292,-0.14205436,0.15282418,-0.268695,-0.119816594
4086-WITJG,0,0.0031615098,0,1,0,1,1,71,1,0,2,1,1,1,1,1,1,2,0,1,19.7,1301.1,0.0071326215,-0.024752405,0.029730411,-0.06953485,-1.2127434,-0.03186235,-0.22663404,0.04555173,-0.3859728,-0.13347442,-0.022570405,-0.195548,-0.07938486,-0.07924157,-1.6105243,-0.14226773,-0.19959033,-0.22066616,-0.15195948
6297-NOOPG,0,0.06416758,0,0,0,1,0,70,1,2,1,0,2,2,2,2,2,2,1,2,110.5,7752.05,-0.18451513,-0.011388534,-0.027500337,0.0443355,-0.17515181,-0.021473903,0.11703641,0.06419311,0.22709246,-0.11687901,0.004948732,-0.13395566,0.026469642,0.018251808,-1.8595469,0.054584134,-0.057657212,0.29874802,0.10169547
8777-PVYGU,0,0.029884351,0,0,0,1,0,52,1,0,0,2,0,2,0,2,0,1,1,3,64.3,3410.6,-0.0364249,-0.047964495,0.0039796936,0.010176669,-0.46357343,-0.030472983,-0.13913982,-0.1498125,-0.25749287,0.0332211,0.061137777,0.08509567,0.031967822,-0.11660269,-0.6679834,0.034400657,-0.12135017,-0.2962221,-0.3637947
4378-MYPGO,0,0.12948571,0,1,0,1,1,68,1,0,1,2,2,2,0,2,2,2,1,0,105.25,7173.15,0.12056882,-0.015790574,-0.017400382,-0.13973804,-0.10447155,-0.012402384,-0.08527861,0.05412153,-0.16807228,-0.11567142,-0.0012373847,0.114832446,0.022653915,0.049840517,-1.4558865,0.05302789,0.13840625,0.66825783,0.03795219
9313-CDOGY,0,0.0711663,0,1,0,1,1,38,1,0,2,1,1,1,1,1,1,0,0,2,19.6,717.3,-0.03385706,-0.027141575,0.014928439,-0.088013776,-0.4262495,-0.008532426,-0.21516676,0.07216497,-0.40195748,-0.11528966,-0.021130873,-0.28507426,-0.005733464,-0.07554338,0.56778204,-0.21991128,0.15376475,-0.2921951,-0.1125286
4121-AGSIN,0,0.03403268,0,0,0,1,1,58,1,2,2,1,1,1,1,1,1,1,1,1,24.5,1497.9,0.014835324,-0.016903903,0.03686413,-0.09437801,-0.43753594,0.0054301256,0.060718097,0.044969045,-0.26128355,0.0003037098,-0.023441065,-0.21047668,-0.004929673,-0.12695451,-0.7569583,0.09197385,-0.11258867,-0.50813776,0.001910286
0432-CAJZV,0,0.60273474,1,1,0,0,0,3,1,0,1,0,0,0,0,2,2,0,0,3,90.7,237.65,-0.025132898,-0.04819796,0.00027335063,0.009335319,0.47714418,-0.008897184,-0.20620398,0.15572701,0.2922382,0.1036104,-0.013070244,0.08967491,0.043746296,0.01996014,0.73075324,-0.23181759,-0.07991984,0.37751198,-0.22063719
9097-ZUBYC,0,0.17681363,0,1,0,1,0,14,1,0,0,0,0,0,2,0,0,0,0,0,48.8,664.4,-0.045569114,-0.024859987,0.0049711694,0.01488776,0.08974017,-0.04154317,-0.103623256,-0.23493916,0.16128741,0.08064982,0.016831666,-0.18799554,-0.030515168,-0.027579151,0.48425525,-0.17989998,-0.19995518,-0.17296979,-0.09203473
9638-JIQYA,0,0.6233752,1,1,0,0,0,2,0,1,0,0,0,0,0,0,0,0,1,1,24.9,49.7,0.021223936,-0.039207377,0.020326423,0.04828534,0.6366219,0.10066946,0.11847979,-0.18803135,0.2726232,0.052789375,0.007871218,0.16620295,-0.027971271,-0.05725049,0.71002805,0.1353508,-0.16293614,-0.5943086,0.33235767
1024-GUALD,1,0.6600364,1,0,0,1,0,1,0,1,0,0,0,0,0,0,0,0,1,2,24.8,24.8,-0.02584381,-0.06112939,-0.039168023,0.0053428607,0.61012536,0.05217508,0.17372112,-0.29436454,0.23558901,0.057962023,0.0035526238,0.15677473,-0.048755925,-0.046560716,0.75910425,0.12279742,0.15525754,-0.39915285,0.2952559
8024-XNAFQ,0,0.0062171197,0,0,1,0,0,72,1,2,1,2,2,2,2,0,2,2,1,0,107.4,7748.75,-0.18780512,0.14712955,0.02116352,0.01052904,-2.118686,-0.017380914,0.030164303,0.03022339,-0.30226317,-0.14097661,-0.006594914,-0.15716755,-0.09713479,0.021475222,-1.7353907,0.07497546,-0.017771296,0.44431832,-0.023794744
7587-RZNME,1,0.5068316,1,1,0,0,0,3,1,0,0,0,0,0,0,0,0,0,1,2,43.3,123.65,-0.0061452584,-0.037753757,0.00063671754,0.012317667,0.5103429,-0.022566902,-0.17530571,-0.223812,0.23027301,0.062905364,0.0007545294,0.14574724,-0.018333506,-0.014279914,0.6689429,0.094131194,0.14250624,-0.2608192,-0.03298786
1346-UFHAX,0,0.36114138,0,0,0,0,0,13,1,2,1,2,0,0,0,0,0,0,1,1,80.0,1029.35,-0.024613596,-0.038489714,-0.0039041915,0.030781401,-0.06022844,-0.00891998,0.10475712,0.07600208,-0.39964047,0.0793364,0.009272949,0.105082445,-0.04112396,-0.067817464,0.7648397,0.12386766,-0.062095106,-0.15156774,0.04327266
6374-NTQLP,0,0.040360026,0,1,1,1,1,72,1,0,1,2,0,2,2,2,2,2,1,1,104.1,7447.7,0.130303,0.12440555,-0.04040752,-0.042576272,-1.4985398,-0.011082328,-0.1355056,0.033766642,-0.40135366,0.21509631,-0.016062599,-0.17052688,0.0193239,0.050770577,-1.4178003,0.061302207,-0.18797259,0.83656806,0.33080053
6625-FLENO,0,0.016268225,0,1,0,1,0,58,1,0,2,1,1,1,1,1,1,2,0,3,20.75,1185.95,0.051719632,-0.0625401,0.0078619355,0.054668155,-0.23738609,-0.022692934,-0.16808705,0.04571378,-0.29930142,-0.06937264,0.0016476737,-0.1746087,-0.056337543,-0.07696954,-1.5571623,-0.117424235,-0.17847648,-0.45108533,0.2569189
7375-WMVMT,0,0.014078975,0,1,1,1,0,71,1,0,1,0,2,2,2,0,2,2,1,1,95.5,6707.15,0.0035519332,0.18610439,0.0015428066,0.004408367,-1.1567371,-0.032861155,-0.16754596,0.043824673,0.40612662,-0.1482909,-0.048737004,-0.32864657,-0.18884826,0.012695752,-1.2821567,0.05975779,-0.21581422,0.023680605,-0.3717243
6910-HADCM,1,0.86358356,1,0,0,0,0,1,1,0,1,0,0,2,0,0,0,0,0,2,76.35,76.35,0.004903742,-0.018348472,-0.016203957,0.016520485,0.95224077,-0.008739587,-0.09209431,0.16286466,0.2868412,0.07940622,-0.043902647,0.19272211,-0.0072417916,-0.018858362,0.9041242,-0.21604563,0.1219409,0.22100006,0.37347406
7401-JIXNM,0,0.014798354,0,0,0,1,1,54,1,2,0,2,2,2,2,2,2,2,0,1,91.3,4965.0,-0.004190663,-0.062831126,-0.0011483405,-0.074654505,-0.22306763,-0.015593656,0.09121181,-0.119027756,-0.17991397,-0.15106823,-0.0030720532,-0.18316542,0.04217523,0.0124970395,-1.8102437,-0.10313006,-0.04356329,-0.23310378,-0.08721461
7338-ERIVA,0,0.036460657,0,1,0,0,1,39,0,1,0,2,0,0,2,2,0,1,0,0,45.05,1790.6,-0.000589457,-0.022004688,-0.0058499216,-0.05719354,-0.1787095,0.064212404,0.05246313,-0.10180053,-0.18561225,0.058387477,-0.0015797404,-0.1784519,0.032165665,-0.15417005,-0.8138832,-0.073229514,-0.20266694,-0.31030858,-0.14633262
5376-DEQCP,1,0.7939894,1,0,0,0,0,1,1,0,1,0,0,0,0,0,0,0,1,2,70.6,70.6,0.0063227504,-0.016838396,-0.0021585706,0.011356032,0.79116875,-0.019009862,-0.13292572,0.16777447,0.26145703,0.051000945,0.00697989,0.18863495,-0.017085742,-0.01949852,0.8846724,0.09779391,0.14932698,-0.19262677,0.18202363
0909-SELIE,0,0.007378593,0,1,0,1,0,61,1,2,0,2,2,2,2,0,2,2,1,0,80.8,4860.85,-0.00029944198,-0.05738601,-0.007732315,0.017326694,-0.86965054,-0.018141303,0.07902045,-0.14908892,-0.22437109,-0.16462147,-0.010988061,-0.18855345,-0.10364926,0.021678159,-1.7210495,0.044003073,-0.14464448,-0.38121232,0.026817128
5419-KLXBN,1,0.3566334,0,0,0,1,1,25,1,0,1,0,2,2,0,2,0,0,1,0,89.15,2257.75,0.016785724,-0.011898144,0.0018530674,-0.07079247,-0.32003844,-0.018921671,-0.1700687,0.1375206,0.1700925,-0.06930724,-0.011620746,0.13890322,0.03303994,-0.03379847,0.76313597,0.10808522,-0.27420363,0.0072752624,0.063177034
0365-TRTPY,0,0.14982516,0,0,0,0,0,37,1,2,1,2,2,2,0,0,0,0,0,0,91.2,3382.3,0.015778761,-0.030336775,0.00076394924,0.012315814,-0.37087494,-0.007445708,0.02919082,0.08333774,-0.34864384,-0.10757148,-0.009847785,0.10887701,-0.04173796,-0.045952566,0.65538687,-0.2627953,-0.12268732,0.1448555,-0.38936016
6712-OAWRH,1,0.4983307,0,0,1,0,0,26,1,0,1,0,0,0,0,2,2,0,1,2,91.25,2351.8,0.0072767423,0.095247716,0.00044345728,0.0143082915,-0.39430374,-0.012146738,-0.20586763,0.15703781,0.191161,0.051156558,0.010341877,0.13158013,0.049504276,0.025349671,0.6490674,0.050078996,0.11455577,0.027772535,0.079984
2428-ZMCTB,0,0.105631724,0,1,0,0,0,10,1,0,2,1,1,1,1,1,1,0,0,1,19.75,208.25,-0.051458303,-0.037395705,-0.010706078,0.018205237,0.1966289,-0.0037636003,-0.20885944,0.050410636,-0.45013115,-0.071136855,-0.00025595905,-0.28261435,-0.021672456,-0.052723486,0.5751945,-0.20081912,-0.06367951,-0.21664232,-0.25551444
1963-VAUKV,1,0.2874108,0,0,0,0,0,1,1,0,2,1,1,1,1,1,1,0,0,3,20.4,20.4,0.10568857,-0.079858385,-0.0048443708,0.014678494,0.8560387,-0.008036061,-0.14306001,0.06572426,-0.4786228,-0.02544185,-0.017571684,-0.24999417,-0.006139884,-0.030811684,0.75387865,-0.21195315,-0.01851322,-0.526804,0.14687525
9381-NDKME,1,0.42911127,0,0,1,1,0,24,0,1,0,0,0,2,0,0,2,0,1,1,40.65,933.3,0.0064098043,0.15734899,0.01061755,0.058851734,-0.27862766,0.14706688,0.20792413,-0.24906673,0.13232633,0.057241745,-0.0018053205,0.1581617,-0.031728458,0.07501511,0.5618846,0.06277634,-0.19139366,-0.31366533,0.19440979
3729-OWRVL,0,0.4744309,0,1,1,0,0,65,1,2,1,2,0,2,2,2,2,2,1,2,110.35,7246.15,0.16232738,0.10311231,0.15582526,0.06259061,-0.10011474,-0.007129915,0.07828091,0.03866448,-0.2557341,0.31879398,0.0008986758,-0.111931294,0.025688864,0.05651699,-0.81588775,0.045878507,0.11940631,0.87706214,0.19261134
0895-LMRSF,0,0.1718276,0,1,0,0,0,23,1,0,0,0,0,0,0,2,2,1,1,0,64.9,1509.8,0.13635418,-0.016978117,-0.030484023,0.008551561,0.01701798,-0.020960258,-0.08708482,-0.1749244,0.33351064,0.022846512,0.014348374,0.09334294,0.02555619,0.17099948,-0.54110974,0.101704404,-0.12179175,-0.33199972,-0.12240367
2676-SSLTO,0,0.021632377,0,1,0,0,0,49,1,2,0,0,0,0,2,2,0,2,1,0,66.15,3199.0,-0.009575468,-0.030180054,0.009751344,0.018591886,-0.326978,-0.018518418,0.049593978,-0.16039434,0.19580707,0.14454597,0.010846987,-0.19907264,0.017669518,-0.06592184,-1.6775757,0.06582704,-0.20707515,-0.432205,-0.14760517
8495-PRWFH,0,0.2482153,0,0,1,0,0,42,1,2,0,0,0,2,0,0,0,0,0,2,55.65,2421.75,-0.00534057,0.22011057,-0.0018078808,0.01464214,-0.37112752,-0.08219889,0.060071193,-0.4386805,0.13168922,0.066887654,0.0017439266,0.12139256,-0.041753802,-0.04951211,0.5276601,-0.21114217,0.17510085,-0.24528606,0.068623155
9030-QGZNL,0,0.013041679,0,0,0,0,0,8,1,0,2,1,1,1,1,1,1,2,0,3,20.85,161.65,0.026379513,-0.04871823,0.003030743,0.027228251,0.062163405,-0.008578365,-0.13089752,0.029054653,-0.3225607,-0.08014019,-0.01532516,-0.1548264,-0.024165567,-0.064763315,-1.8541272,-0.10167121,-0.107592896,-0.50484914,-0.006893115
9972-NKTFD,0,0.07251673,0,0,0,0,0,28,1,0,0,0,2,0,2,0,0,0,0,0,54.65,1517.5,0.04453223,-0.027751088,-0.030783031,0.015535971,-0.5682621,-0.058267027,-0.04663021,-0.327148,0.11959773,-0.042585827,0.019286959,-0.25421312,-0.02327924,-0.038492564,0.530434,-0.18716604,-0.13773358,-0.42270765,-0.06379906
7998-WNZEM,0,0.004158218,0,1,0,0,0,71,1,2,0,2,2,2,2,0,2,2,0,0,80.6,5708.2,0.0006972285,-0.041564927,-0.0066876058,0.008830802,-1.3244646,-0.040437385,0.06025645,-0.12261897,-0.31840977,-0.1491686,-0.03917216,-0.18767422,-0.103867106,0.010770995,-1.5538764,-0.13511167,0.003924548,-0.36562866,-0.1250732
0979-PHULV,1,0.5720237,1,1,0,1,1,69,1,2,1,0,0,2,0,2,2,0,1,1,99.45,7007.6,0.04521481,-0.012423636,-0.0033157766,-0.13596496,-0.5549218,-0.017550644,0.20668523,0.15231936,0.22241852,0.099818215,-0.006341647,0.15054682,0.03633269,0.047343485,0.62795895,0.111496024,-0.12305166,0.69685566,-0.20408152
6445-TNRXS,0,0.11442127,0,1,0,1,1,68,1,2,1,2,2,2,2,2,2,2,1,0,114.7,7849.85,0.11283054,-0.013434908,-0.10377652,-0.13475633,-0.05157792,-0.00067402143,0.058437835,0.048221983,-0.21599269,-0.12657858,0.012134976,-0.1239835,0.02755509,0.0317588,-1.405484,0.045475237,0.118421555,0.37213722,0.35215655
9586-JGQKH,0,0.033646706,0,0,0,1,0,64,1,2,1,0,2,0,2,2,2,2,1,0,105.4,6794.75,-0.05479942,-0.019934647,0.00040415136,0.025658106,-0.8085208,-0.00801484,0.047436025,0.05589112,0.15437414,-0.13797924,0.0022450585,-0.23966685,0.041682,0.044310436,-1.6479403,0.048309397,-0.12752481,0.5087287,-0.19304827
3966-HRMZA,0,0.5432534,1,0,1,0,0,3,1,0,1,0,0,2,0,0,0,0,0,3,75.05,202.9,0.010610878,0.18821003,-0.0031785476,0.01030692,0.4803664,-0.013986941,-0.11901235,0.12767206,0.19455811,0.08859522,0.07497398,0.111425936,-0.02647027,-0.066986166,0.7268428,-0.25035197,0.013340706,-0.18835416,-0.13588966
5498-IBWPI,0,0.036678318,0,0,0,1,1,66,1,0,0,0,0,0,2,0,0,1,1,1,49.4,3251.85,0.023248455,-0.011372809,0.003310705,-0.039850198,-0.7431778,-0.008285569,-0.0136142075,-0.15105775,0.21357499,0.04134104,0.025941394,-0.20556204,-0.020919468,-0.15475604,-0.70525235,0.022889998,-0.14895153,-0.2973874,-0.049095504
6823-SIDFQ,0,0.0034143687,0,1,0,0,0,28,1,0,2,1,1,1,1,1,1,1,0,1,18.25,534.7,-0.023443349,-0.023379993,-0.0034952392,0.017026557,-0.42256415,-0.0026560249,-0.19797477,0.044702012,-0.25663674,-0.046004333,-0.010450887,-0.16260089,-0.011343502,-0.24750136,-0.77298117,-0.38424,-0.1600566,-1.8123192,-0.1511988
2323-ARSVR,0,0.106632456,0,1,0,1,0,67,1,0,1,2,2,2,2,2,2,2,1,2,111.05,7321.05,0.12770274,-0.010666867,-0.052206676,0.04648228,-0.14092676,-0.020870578,-0.071066886,0.052077148,-0.23632756,-0.10496886,-0.008652227,-0.15363537,0.025109299,0.031103367,-1.2657956,0.03604943,0.06792359,0.5457915,0.056493297
5468-BPMMO,0,0.07234398,0,1,0,1,0,46,1,0,2,1,1,1,1,1,1,0,0,2,19.6,851.2,-0.011087387,-0.043094285,0.017667277,0.02735798,-0.55454874,-0.022414338,-0.22778551,0.081128374,-0.39729643,-0.06902513,-0.0135570355,-0.31651816,-0.012932341,-0.076047964,0.56609195,-0.21911672,0.15852223,-0.2748173,-0.114530526
0486-HECZI,1,0.28570592,0,1,0,1,0,55,1,2,1,2,2,0,0,2,0,0,1,2,96.75,5238.9,0.03299038,-0.031846035,-0.015472508,0.038770866,-0.49686804,-0.026360085,0.1272391,0.10839921,-0.47256842,-0.1305432,0.006106627,0.17873251,0.0476111,-0.04094575,0.6296494,0.14195518,0.17228669,0.2506288,-0.38687214
2178-PMGCJ,0,0.28975677,0,1,0,0,0,22,1,0,1,0,0,0,0,0,0,0,1,3,69.7,1490.4,0.0041174293,-0.035852738,-0.03257228,0.0071424707,-0.3184578,-0.007505069,-0.12505414,0.15893158,0.20429489,0.015965892,-0.0023041044,0.17203198,-0.042048477,-0.043308713,0.62254345,0.09699166,-0.23979092,-0.27310088,-0.009364631
4660-IRIBM,0,0.4602921,0,1,0,1,1,18,1,0,1,2,0,2,0,2,0,0,1,3,87.9,1500.5,-0.0036062628,-0.02791656,0.018339239,-0.04570282,-0.16872603,-0.019071046,-0.08935673,0.11776427,-0.39078543,0.03813855,0.064825885,0.12401025,0.077605106,-0.042209953,0.71373415,0.07565066,-0.02192259,0.3282693,0.14101876
9674-EHPPG,0,0.024079205,0,1,0,1,0,46,0,1,0,2,0,2,2,0,0,2,0,1,40.4,1842.7,-0.0045047,-0.031117309,0.042475775,0.04833984,-0.249349,0.11569331,0.05439315,-0.096993335,-0.19706258,0.1853438,-0.004491092,-0.16415867,-0.029397286,-0.076329075,-1.4504672,-0.09183307,-0.16339758,-0.33945653,-0.20049532
5606-AMZBO,0,0.48438,0,0,0,1,0,10,1,2,1,2,0,0,0,0,0,0,1,1,78.15,765.15,0.010051684,-0.026308019,0.0032669895,0.032124203,0.15352347,-0.014314676,0.115419276,0.10624641,-0.4510627,0.067592666,0.009272949,0.1575328,-0.041081857,-0.022666551,0.8076688,0.124609716,-0.07704062,0.051930685,-0.02004009
0665-XHDJU,0,0.11187853,0,1,0,1,0,72,1,2,1,0,2,0,0,2,2,2,1,2,99.4,7285.7,0.1415877,-0.019962333,0.0422218,0.0239305,-0.9660221,-0.047615662,0.13744755,0.07270439,0.67783403,-0.14062361,0.06619744,0.3160504,0.05060235,0.037955623,-1.9202523,0.0973122,0.23576836,0.09374407,0.07864991
5402-HTOTQ,0,0.27284908,0,1,0,0,0,16,1,2,0,0,2,0,0,0,0,0,0,2,55.3,875.35,0.010450794,-0.040936626,0.020360636,0.02550195,-0.06116678,-0.041014835,0.08798333,-0.24349765,0.17623883,-0.15293097,0.0063248444,0.09135662,-0.022393554,-0.027253048,0.5404295,-0.39407003,0.17580032,-0.05520531,-0.026967905
8258-GSTJK,1,0.86123294,1,1,1,0,0,3,1,2,1,0,0,0,0,0,0,0,1,2,77.0,237.75,0.01908959,0.14629796,-0.01289595,0.027083244,0.56469494,-0.013810422,0.21223748,0.16838107,0.26034257,0.051659264,0.02741858,0.16433689,-0.024954703,-0.058624502,0.8617706,0.1424502,0.12060119,0.15566106,0.06305446
3787-TRIAL,0,0.2643976,0,1,0,1,1,21,0,1,0,0,0,0,0,0,0,0,1,2,26.05,565.75,0.015185341,-0.01390624,0.017419597,-0.2793419,-0.22764738,0.042273954,0.13019079,-0.29512954,0.20873345,0.06747835,0.0046986705,0.16677919,-0.031109592,-0.047811534,0.55654997,0.05575132,0.23078407,-0.47537804,-0.09953099
6175-IRFIT,0,0.59677386,1,1,0,0,0,5,1,0,1,0,0,0,0,0,2,0,0,3,78.75,426.35,-0.021042984,-0.033936273,-0.012469261,0.009459206,0.62481713,-0.0076805074,-0.1460502,0.15561025,0.29843363,0.094564684,-0.012588214,0.13492274,-0.026723381,-0.06420122,0.7237171,-0.25367817,-0.13215126,0.105050564,0.0052126707
6317-YPKDH,1,0.48378754,0,0,0,0,0,1,0,1,0,0,2,0,0,0,0,0,0,0,29.95,29.95,-0.01676447,-0.07312565,0.002969115,0.010173854,0.7048232,0.05916141,0.055066653,-0.27014738,0.22842005,-0.10781884,0.007176879,0.13450988,-0.017962689,-0.03648855,0.7199762,-0.2916372,-0.1573199,-0.33313203,0.3664729
5692-FPTAH,1,0.58103484,1,0,0,0,0,1,1,0,0,0,0,0,0,0,0,0,1,3,45.4,45.4,0.007469747,-0.04863065,0.00058644766,0.011592774,0.8101242,-0.032129068,-0.12578624,-0.28199697,0.24027903,0.043269765,-0.0093443375,0.14138876,-0.024849463,-0.0316222,0.72385913,0.10184882,-0.13129476,-0.29404238,0.275526
5373-SFODM,1,0.423336,0,1,1,1,0,36,1,2,1,0,0,0,0,0,2,0,1,1,85.25,3132.75,-0.020667791,0.1081862,0.020361355,0.026708523,-0.5969824,-0.009603903,0.10323581,0.14165694,0.185688,0.04679611,0.023737388,0.13158035,-0.016206631,0.07818753,0.668888,0.058349065,-0.2694809,0.18780236,-0.12810402
0868-VJRDR,0,0.041002646,0,1,0,1,0,64,1,0,1,2,2,0,2,2,2,2,1,1,104.05,6605.55,0.03971448,-0.013624935,-0.05280244,0.031380903,-0.74341863,-0.008167087,-0.07801692,0.04823975,-0.183439,-0.13131528,0.014335627,-0.19847031,0.048253555,0.015656997,-1.4373761,0.04108957,-0.021528646,0.71048224,-0.18402015
4079-VTGLK,0,0.05141587,0,1,1,1,0,30,1,2,0,0,0,2,0,2,2,2,0,2,74.85,2181.75,0.0072628316,0.23002206,0.004479549,0.037128348,-0.23228195,-0.034261238,0.10838209,-0.18129826,0.31501016,-0.009112049,-0.018010177,0.16123417,0.023919076,0.047346003,-1.8517183,-0.16950926,0.22406651,-0.29123235,-0.23722476
1166-PQLGG,0,0.0035862732,0,0,0,1,1,72,1,0,2,1,1,1,1,1,1,2,0,0,19.55,1463.45,-0.016357308,-0.0332983,0.05599939,-0.04638053,-1.6165988,-0.029472386,-0.094361514,0.052867875,-0.40452492,-0.08397956,-0.02553104,-0.17992371,-0.080161944,-0.073513605,-1.7404178,-0.13539195,-0.007129026,-0.19348869,0.07384266
5296-BFCYD,0,0.0062372796,0,1,0,1,1,46,1,0,2,1,1,1,1,1,1,2,1,3,20.1,936.85,-0.0089196535,-0.052427802,0.0018214919,-0.10462993,-0.4815784,0.00047263945,-0.20391816,0.050659746,-0.3089781,-0.09024364,-0.02130237,-0.19506164,-0.026741225,-0.092797406,-1.6903721,0.05190575,-0.19500394,-0.6143711,-0.040242337
6568-POCUI,0,0.048122913,0,0,0,1,0,45,1,0,1,0,0,0,2,2,2,2,1,1,95.2,4285.8,-0.006393011,-0.041097086,-0.033265688,0.036313593,-0.2965832,-0.009123908,-0.12770107,0.049133234,0.15004559,0.16531369,0.05391989,-0.1662072,0.014768235,0.010659853,-1.6585712,0.06290653,-0.09450857,0.34274712,-0.38780865
2839-RFSQE,1,0.11460937,0,0,0,0,0,2,1,0,2,1,1,1,1,1,1,0,0,3,20.65,38.7,0.049408495,-0.07996266,-0.004292848,0.014339981,0.46162474,-0.014222693,-0.15518099,0.035966627,-0.56506944,-0.080958396,-0.017571684,-0.29671177,-0.013259929,-0.030811684,0.62644196,-0.2372953,-0.08091243,-0.58926076,-0.01754605
2188-SXWVT,0,0.04255333,0,0,0,0,0,34,1,0,0,2,2,0,0,0,0,1,0,3,55.0,1885.15,-0.011805907,-0.038520694,0.021986539,0.011548637,-0.38261858,-1.5212921e-05,-0.049856946,-0.027233455,-0.26771012,-0.04164322,-0.010386755,0.059715375,-0.039278913,-0.05931313,-0.7512082,-0.13656084,-0.13917182,-0.096967116,-0.105245866
8849-GYOKR,1,0.2858401,0,0,0,1,0,54,1,2,1,2,2,0,0,2,2,1,0,0,106.55,5763.3,-0.016762922,-0.013641856,0.011522318,0.055626888,0.015302158,-0.006950061,0.025516124,0.050296925,-0.15250012,-0.0847354,0.005135224,0.050300486,0.055873968,0.15838648,-0.46390396,-0.20233631,-0.045155223,0.7167885,-0.025212
3623-FQBOX,0,0.07136691,0,1,0,0,0,21,1,0,2,1,1,1,1,1,1,0,1,3,19.95,416.4,-0.039033,-0.040531933,-0.0099508595,0.019131195,-0.19601294,-0.013854464,-0.23235011,0.059009705,-0.41552433,-0.05560478,-0.011309282,-0.3807535,-0.0266231,-0.04052636,0.5941595,0.13726649,-0.24967384,-0.4257356,-0.18873695
2649-HWLYB,0,0.104530625,0,1,0,1,0,65,1,2,0,2,0,2,2,0,2,2,0,0,76.15,4929.55,0.005595891,-0.03679922,0.04115817,0.02876719,0.1325553,-0.01585235,0.07847544,-0.15847966,-0.17644422,0.39239597,-0.010667703,-0.15451197,-0.024487816,0.033880454,-1.0586933,-0.09994471,-0.0672755,-0.32022938,0.3119152
0599-XNYDO,0,0.34205344,0,0,0,1,0,20,1,0,1,0,0,0,0,0,0,0,1,0,69.8,1540.35,0.010427294,-0.017539555,0.039437763,0.0074796816,-0.21348748,-0.014327736,-0.11292577,0.142425,0.16207041,0.02855163,0.016497113,0.15757796,-0.030349262,-0.04572265,0.7079669,0.10639817,-0.20464614,-0.24846199,-0.096302666
2514-GINMM,1,0.9077533,1,1,0,0,0,1,1,0,1,0,0,0,0,2,0,0,1,2,79.5,79.5,-0.0056219297,-0.0147887925,-0.006917627,0.017767645,0.9311798,-0.022001604,-0.17412382,0.14911364,0.27588865,0.050855856,0.007412879,0.17466953,0.009954346,0.0021843587,0.89984703,0.1018225,0.1744949,0.55110264,0.21289119
8401-EMUWF,0,0.15537901,0,1,0,1,1,42,1,2,0,2,2,0,0,2,0,0,1,0,69.4,3058.3,-0.024797687,-0.028968388,0.0044725733,-0.10839781,-0.45837334,-0.0482101,0.05363063,-0.2867384,-0.22099333,-0.0822628,0.0017057157,0.17197423,0.018833496,-0.047073197,0.6121557,0.08480088,-0.16604586,-0.15276618,0.0332582
5766-ZJYBB,1,0.32064325,0,1,0,0,0,1,1,0,2,1,1,1,1,1,1,0,0,3,19.4,19.4,-0.043227024,-0.07977657,-0.011036036,0.012276214,0.77746844,-0.009318287,-0.16156061,0.06675082,-0.4829236,-0.02544185,-0.017578866,-0.25521272,-0.005834563,-0.01113526,0.7579849,-0.2138391,0.038893685,-0.14235324,0.10427181
2604-IJPDU,0,0.53487676,1,0,0,1,0,20,1,0,1,2,2,0,2,2,0,0,1,2,96.55,1901.65,0.06076249,-0.014265031,-0.030381626,0.015173899,-0.0830969,-0.017851384,-0.10783147,0.07278916,-0.1022551,-0.100265115,0.012083127,-0.3455884,0.044278387,-0.021799626,0.7104659,0.12443668,0.13156883,0.7885955,0.052140668
2501-XWWTZ,0,0.4091237,0,1,0,0,0,11,1,0,1,0,0,0,0,0,0,0,0,2,70.2,760.05,-0.0031291388,-0.028860599,-0.004793847,0.011616755,-0.048252348,-0.012908344,-0.1096384,0.12527885,0.21380556,0.0889317,0.012753932,0.12142349,-0.03492584,-0.0096012615,0.66142315,-0.26892307,0.20305535,-0.17059283,-0.06502668
6370-ZVHDV,0,0.0054370053,0,0,0,1,0,61,1,2,2,1,1,1,1,1,1,2,0,0,25.3,1554.9,-0.0126426965,-0.03852733,0.004111912,0.03420708,-0.8125803,-0.012642765,0.04244054,0.051348265,-0.25507623,-0.09143028,-0.0018793271,-0.18181458,-0.064752705,-0.06704163,-1.6604362,-0.08457801,-0.30124357,-0.4830703,-0.22424266
3027-YNWZU,0,0.012209731,0,0,0,1,0,64,1,2,2,1,1,1,1,1,1,2,0,1,25.0,1584.8,-0.012543002,-0.038373623,0.020262966,0.050952915,-0.48948285,-0.013624337,0.024131982,0.042229977,-0.25662863,-0.099748,-0.0018793271,-0.18159744,-0.056880146,-0.030152401,-1.553577,-0.09684109,0.02426825,-0.46999496,-0.20453447
4526-ZJJTM,0,0.28410587,0,0,1,1,0,25,1,0,1,0,2,2,0,0,2,0,0,0,88.4,2191.15,0.012358371,0.20776479,0.0042986562,0.013537242,-0.39583382,-0.020410465,-0.14698993,0.12885708,0.14699714,-0.116326444,-0.018156795,0.10789896,-0.040772337,0.09354918,0.68277663,-0.22022872,-0.25856942,0.03195003,-0.087660044
0440-QEXBZ,0,0.11424691,0,0,0,0,0,44,1,2,0,0,0,0,0,0,0,0,1,3,50.15,2139.1,-0.001981169,-0.041546017,-0.0010651818,0.022639634,-0.7058368,-0.07706598,0.11210286,-0.4948658,0.20695426,0.013876615,-0.0020911172,0.14928275,-0.05377369,-0.057567533,0.46214134,0.08333797,-0.22715162,-0.37844774,-0.007793499
0330-IVZHA,1,0.51204103,1,0,0,1,0,5,1,0,1,0,0,0,0,0,0,0,0,2,69.95,330.15,0.0074736867,-0.013434322,0.007468728,0.008715785,0.36142543,-0.00553279,-0.10250531,0.15340848,0.25618812,0.104837276,0.006627151,0.11502196,-0.018383926,-0.022053529,0.75670016,-0.21778049,0.14335403,-0.24770053,-0.19643085
9758-MFWGD,0,0.10652655,0,0,1,1,1,48,0,1,0,0,2,0,0,0,0,1,0,0,29.9,1388.75,-0.014051968,0.14450952,0.045428697,-0.12317542,-0.19747162,0.12394697,0.040798333,-0.12424317,0.30288854,-0.02841348,-0.0047618356,0.121937685,-0.018090634,-0.11742221,-0.88760173,-0.0041863606,-0.23061441,-0.16722086,0.060246803
4229-CZMLL,1,0.7404881,1,1,0,0,0,6,1,2,1,0,0,0,0,0,0,0,1,2,74.9,469.8,0.01797207,-0.02393959,-0.002372703,0.022876073,0.3935105,-0.0134218605,0.18586196,0.17172995,0.28340638,0.05704339,0.0056293495,0.1673592,-0.04203947,-0.05534007,0.81946754,0.15561122,0.13435711,-0.108999506,-0.07097937
0742-MOABM,1,0.31416294,0,1,0,1,0,4,1,0,0,0,0,0,2,0,0,0,0,3,50.05,179.35,-0.046933874,-0.03176572,0.0025899862,0.01161867,0.6035655,-0.012614717,-0.06352315,-0.19503744,0.23728867,0.09150258,-0.008855796,-0.29679862,-0.033053696,-0.012234911,0.5750093,-0.16069247,-0.086993925,-0.23771112,-0.06686235
4277-BWBML,0,0.0026655647,0,1,0,1,1,72,1,0,2,1,1,1,1,1,1,2,0,0,19.95,1322.85,0.012769148,-0.03321648,0.03178895,-0.0515728,-1.616087,-0.029702557,-0.13677162,0.053491786,-0.40784812,-0.12181252,-0.021993203,-0.20044273,-0.07949601,-0.077516414,-1.6903569,-0.13551283,0.116588585,-0.29534897,-0.19240311
5136-GFPMB,0,0.28684944,0,1,0,0,0,54,1,2,1,0,0,2,0,0,2,0,0,1,89.4,4869.5,-0.0013730351,-0.04893006,0.0006249206,0.015628042,-0.5128929,-0.009819588,0.15348308,0.1389176,0.17533354,0.086519755,-0.013349098,0.15218772,-0.08925237,0.045270313,0.63583547,-0.19614217,-0.14334144,0.03982551,-0.29003504
7520-HQWJU,0,0.08854962,0,0,0,1,1,66,1,2,0,2,2,2,0,0,0,0,1,0,67.45,4508.65,0.010636629,-0.025706144,0.0071919085,-0.05255072,-0.86746943,-0.045225523,0.10010357,-0.24422945,-0.25348786,-0.043531418,0.0030105955,0.1684765,-0.01557465,-0.044416483,0.5826595,0.06229066,-0.10873621,-0.23292285,-0.2827678
6304-IJFSQ,1,0.44321215,0,1,0,0,0,3,1,0,0,0,2,0,0,0,0,0,1,3,49.9,130.1,-0.009678777,-0.052024107,2.3152577e-05,0.014412332,0.6265512,-0.0222912,-0.13392185,-0.23727874,0.23503168,-0.07832377,-0.0091726985,0.13876101,-0.026974443,-0.018410861,0.6305619,0.13667312,-0.07715631,-0.26135135,-0.034340482
0297-RBCSG,0,0.17848533,0,1,0,0,0,19,1,0,0,0,2,0,2,0,2,1,1,0,65.35,1231.85,0.12130672,-0.023528581,-0.0095534865,0.01549343,0.17531964,-0.017203977,-0.04998871,-0.15078436,0.3110935,-0.01145184,0.014340216,-0.19177963,-0.02321029,0.16973226,-0.3252312,0.101689905,-0.088492244,-0.295412,-0.19975725
6013-BHCAW,0,0.033373415,0,1,0,1,1,61,1,2,0,0,0,2,2,2,2,2,1,0,81.0,4976.15,0.017462693,-0.03631473,-0.012017169,-0.06728808,-0.83077055,-0.015207449,0.09971052,-0.17506202,0.23643345,0.33333805,-0.011535739,-0.18680976,0.02827761,0.039008953,-1.363726,0.05160326,-0.28422695,-0.28042018,0.14071628
4402-FTBXC,0,0.121942356,0,1,0,0,0,54,1,0,1,2,0,2,0,2,0,0,0,3,89.8,4667.0,0.01871902,-0.059366446,0.00018499466,0.008491544,-0.47494388,-0.011790677,-0.12920868,0.12142235,-0.35142285,0.11165751,0.030738719,0.15277223,0.060479186,-0.032435723,0.6219351,-0.11789296,-0.33336455,0.14550772,-0.686421
1471-GIQKQ,0,0.45558637,0,0,0,0,0,1,1,0,0,0,2,0,0,0,0,0,0,2,49.95,49.95,0.0062650735,-0.042317167,-0.0012404523,0.015327788,0.75208366,-0.022617912,-0.068282716,-0.2916898,0.21254952,-0.1562137,0.0068551153,0.11961624,-0.014632201,-0.016395135,0.7087256,-0.2698658,0.109597,-0.37488255,0.19821885
4283-FUTGF,1,0.5966265,1,1,1,0,0,19,1,2,1,0,0,2,0,0,0,0,1,2,79.85,1471.75,0.011678552,0.10682621,-0.03252604,0.024487,-0.23230053,-0.007604188,0.16272818,0.14646858,0.22824359,0.021584097,0.0023421606,0.12375642,-0.034016848,-0.0373557,0.71861625,0.12803583,0.21779917,-0.014405887,-0.09370247
9548-LERKT,0,0.008550065,0,1,0,1,0,24,1,0,2,1,1,1,1,1,1,2,0,3,19.75,483.15,-0.01624412,-0.052441146,0.02983654,0.033960722,-0.4165836,-0.019998398,-0.2000239,0.036084536,-0.29804605,-0.07962591,-0.013728535,-0.16284831,-0.02725401,-0.09299281,-1.6492292,-0.10745695,-0.23979248,-0.29726848,-0.13035315
8059-UDZFY,0,0.36098933,0,0,1,0,1,33,1,2,1,0,2,2,0,2,2,0,1,0,105.35,3465.05,0.005106575,0.084189706,-0.034051776,-0.14369063,-0.4307953,-0.016056892,0.14746061,0.15175891,0.18447828,-0.0991053,0.00941703,0.10860722,0.032332562,0.04677455,0.6166267,0.051399685,-0.1919481,0.36753052,-0.41188154
0410-IPFTY,0,0.4583527,0,0,0,1,0,31,1,0,1,0,2,0,0,0,2,0,1,0,83.85,2674.15,0.044261426,-0.018316967,0.02248002,0.017655933,-0.46677324,-0.0086142775,-0.13095853,0.15046835,0.16457781,-0.048855305,0.022877254,0.12892342,-0.008305065,0.060190868,0.71130455,0.10499827,-0.17813565,0.15795721,0.15651383
2478-EEWWM,0,0.4508896,0,1,0,1,0,59,0,1,0,0,0,0,0,2,2,0,1,2,44.3,2666.75,0.029393049,-0.022214016,0.090309165,0.07481535,-0.5217047,0.2748652,0.11342321,-0.33111548,0.21288824,0.04310466,0.008968077,0.18601204,0.07178593,0.042829707,0.51563996,0.09490113,0.25473312,-0.31954896,0.033063155
4619-EVPHY,0,0.12282138,0,0,1,1,0,20,1,0,1,0,0,0,0,2,2,1,1,0,91.0,1859.5,-0.10139784,0.084849656,0.0039561177,0.010676133,0.0500538,-0.011817018,-0.1050081,0.059582636,0.17972979,0.036718898,0.01528651,0.07635448,0.041588437,0.14079392,-0.96067613,0.057698045,-0.25154164,0.07756068,-0.32116264
2277-DJJDL,0,0.36555332,0,1,1,1,0,60,1,2,1,0,0,0,2,2,2,0,1,2,99.0,6017.9,0.037592456,0.04892371,-0.036874775,0.032799408,-1.1974473,-0.02490289,0.19597964,0.13215542,0.23106186,0.10657307,0.02128122,-0.40249297,0.07623046,0.021914277,0.53772056,0.09928647,0.26508668,0.5487298,-0.19573252
2911-WDXMV,0,0.31473494,0,1,0,0,1,18,1,2,1,0,0,2,0,0,0,0,1,1,80.55,1406.65,-0.0103335455,-0.010589442,-0.031062914,-0.11432177,-0.23552561,-0.016681531,0.1051381,0.14442793,0.19461201,0.009440715,-0.010725368,0.12479652,-0.034615323,-0.057957612,0.68649685,0.09811101,-0.24429543,-0.10804627,-0.21771777
3639-XJHKQ,0,0.23025131,0,0,0,0,1,19,1,0,0,2,2,2,0,0,0,0,1,2,60.6,1297.8,0.0010054468,-0.015091665,-0.004956856,-0.0604754,-0.068369344,-0.04355415,-0.10107985,-0.24175309,-0.18933207,0.0069557866,-0.008613337,0.13519482,-0.014602674,-0.009069474,0.6123323,0.11990499,0.16741872,-0.2869369,-0.15664461
8173-RXAYP,0,0.007793321,0,0,0,1,1,24,1,0,2,1,1,1,1,1,1,2,0,3,19.7,452.55,0.016838178,-0.04692237,0.02690157,-0.0810327,-0.4204299,-0.00806899,-0.18083644,0.03546063,-0.29486936,-0.09452131,-0.021735359,-0.16099004,-0.025451768,-0.07274349,-1.7041435,-0.099495456,-0.1739327,-0.3860682,-0.10539766
4537-CIBHB,0,0.0378368,0,0,0,1,1,9,1,0,2,1,1,1,1,1,1,1,0,3,20.25,172.35,0.024788903,-0.021879837,0.00824081,-0.05634821,0.24767543,-0.0036016565,-0.11030943,0.03476932,-0.35940784,-0.049504373,-0.028826851,-0.14683074,-0.01748063,-0.13905172,-0.774774,-0.11033984,-0.0922828,-0.5836738,-0.007838906
5442-BXVND,0,0.0738176,0,0,0,1,1,33,1,2,2,1,1,1,1,1,1,0,0,0,24.25,838.5,0.04042353,-0.034217034,0.009647441,-0.087089434,-0.3963878,-0.0074037206,0.076699615,0.07343649,-0.3694662,-0.09930001,-0.01254311,-0.3431513,-0.0035861647,-0.031795427,0.52914107,-0.21698052,0.024851916,-0.71584445,0.08331648
2308-STERM,0,0.11929887,0,0,0,0,0,2,1,0,2,1,1,1,1,1,1,0,0,3,19.4,61.05,0.045666877,-0.061988607,-0.0102861775,0.014728798,0.39613676,-0.009848714,-0.1533821,0.04569322,-0.56506944,-0.080958396,-0.018011855,-0.28788695,-0.013070993,-0.03571228,0.635189,-0.23837866,-0.02762708,-0.3980434,-0.18701161
7159-NOKYQ,0,0.06664094,0,1,0,1,0,67,1,2,1,0,2,2,0,0,2,2,1,2,93.15,6368.2,0.04984545,-0.02116536,0.014766261,0.019510316,-0.3099811,-0.027057862,0.12788096,0.0680162,0.40003937,-0.15529612,0.001820982,0.22289783,-0.06838688,0.0380094,-2.1404152,0.06422435,0.25414255,-0.07379849,-0.05529741
6075-QMNRR,0,0.14852346,0,0,0,0,0,52,1,0,0,2,0,0,0,0,0,0,1,0,49.75,2535.55,0.03932987,-0.030539071,-0.00033277908,0.017867649,-0.6420081,-0.03713359,-0.062174555,-0.35913476,-0.17121013,0.019489633,0.015670186,0.16026218,-0.03828351,-0.038964152,0.5884649,0.07702073,-0.0650474,-0.3421847,0.1719033
3694-GLTJM,0,0.10667937,0,0,0,0,0,5,1,0,2,1,1,1,1,1,1,0,1,1,19.65,92.05,0.051384922,-0.031730738,-0.009385899,0.017830897,0.20425761,-0.019625034,-0.20219214,0.036489233,-0.52422154,-0.057467926,-0.0013552269,-0.3597783,-0.004773252,-0.039817885,0.6491158,0.09569759,-0.15932018,-0.563858,-0.15714207
9629-NHXFW,0,0.4370095,0,0,0,1,1,1,1,0,2,1,1,1,1,1,1,0,1,3,19.4,19.4,0.04577881,-0.06725429,0.031717278,-0.056217637,0.84755075,-0.01465202,-0.14970346,0.0681506,-0.44528475,-0.045419477,-0.019462483,-0.28592435,-0.003473261,-0.027713537,0.8125811,0.12143008,0.043985732,-0.18667325,0.12650156
7167-PCEYD,0,0.0046336884,0,1,0,0,0,67,1,0,2,1,1,1,1,1,1,2,1,3,19.8,1311.3,0.0034254247,-0.028274307,-0.008759904,0.041080385,-0.4685547,-0.008652452,-0.17580922,0.042618074,-0.31132323,-0.12303759,0.002276959,-0.18631339,-0.050306775,-0.0774485,-1.8096508,0.03623604,-0.24216965,-0.56467545,-0.3911939
2748-MYRVK,1,0.1035005,0,0,0,0,0,63,1,2,1,0,2,0,0,2,2,1,0,0,99.9,6137.0,-0.047414728,-0.011133127,0.022092894,0.030048892,-0.9947021,-0.006718049,0.06864122,0.056096997,0.16970162,-0.080358356,0.009060052,0.060851432,0.050566632,0.16066486,-0.705369,-0.2798042,-0.25345036,0.56062216,0.080907054
4223-WOZCM,0,0.5401174,1,1,1,0,0,2,1,0,0,0,0,2,0,0,0,0,0,3,49.95,107.1,-0.010116741,0.26818478,-0.00038325932,0.009222371,0.59903544,-0.025111832,-0.08872051,-0.21738836,0.16831358,0.092132315,0.056402314,0.12257149,-0.0326008,-0.04702338,0.61788946,-0.18699747,0.032212224,-0.20408428,0.056503426
6946-LMSQS,1,0.13975205,0,1,1,1,0,25,1,2,1,2,0,0,0,0,2,1,1,2,89.05,2177.45,0.045382824,0.11230916,0.00435594,0.019596372,-0.078846514,-0.016190777,0.11881662,0.05561177,-0.32165036,0.050524235,-0.006200269,0.09011172,-0.04737844,0.16321807,-0.9039688,0.05823541,0.10905987,-0.021178624,-0.19993405
5469-NUJUR,0,0.007128131,0,1,0,0,0,19,1,0,2,1,1,1,1,1,1,2,1,3,19.95,373.5,-0.012175222,-0.051406942,-0.0028575924,0.027480302,-0.17410176,-0.014156562,-0.19824225,0.034527563,-0.3134593,-0.07633634,-0.010926867,-0.16891913,-0.027423201,-0.08633162,-1.9832718,0.05661985,-0.24296862,-0.539868,-0.10351067
6388-TABGU,0,0.0132606225,0,1,0,0,1,62,1,0,0,2,2,0,0,0,0,1,0,0,56.15,3487.95,0.027653228,-0.025340157,0.007964145,-0.042299207,-0.80952173,-0.02818021,-0.055378668,-0.14847383,-0.19919237,-0.060263444,0.010942582,0.07905599,-0.048751466,-0.20198719,-0.78162813,-0.12202132,-0.37548673,-0.26550773,-0.22196408
1261-FWTTE,0,0.47071233,0,1,1,0,0,23,0,1,0,0,0,0,0,0,2,0,1,0,34.65,768.45,-0.000675083,0.15565686,0.0019324536,0.06561116,-0.2383961,0.17249137,0.21353264,-0.24696709,0.15846609,0.07080484,0.006597967,0.18514188,-0.030326575,0.0798609,0.46561065,0.075279705,-0.14664854,-0.29149067,0.23545834
8590-YFFQO,0,0.02721681,0,1,0,1,0,70,1,0,0,2,2,2,2,0,0,2,0,1,64.95,4523.25,-0.0028981995,-0.04651911,0.0043054842,0.04534759,-0.2531094,-0.016999511,-0.12293744,-0.10592843,-0.1641139,-0.11511697,-0.014081461,-0.15902819,-0.05427505,0.003939334,-1.2250811,-0.07830104,-0.096360445,-0.29621077,0.17026718
0082-OQIQY,0,0.33114278,0,1,0,0,0,29,1,0,1,0,0,0,2,2,2,0,1,2,94.2,2607.6,-0.049670536,-0.014109726,0.0011393687,0.017089324,-0.40474752,-0.009000929,-0.22564393,0.1358443,0.0747212,0.060609207,0.024744881,-0.37664512,0.050765187,0.007366484,0.5128848,0.07944422,0.15442078,0.2833393,0.023652852
9465-RWMXL,1,0.5805402,1,1,0,1,0,32,1,2,1,0,0,2,0,0,0,0,1,2,78.9,2447.95,-0.003582076,-0.02008203,0.011846225,0.02175063,-0.5164023,-0.019997034,0.11302962,0.17507233,0.22750743,0.042577807,-0.019734766,0.18611264,-0.034638178,-0.0061868923,0.7093055,0.120882384,0.2666509,0.11515544,0.0049490305
2930-UOTMB,1,0.078454286,0,0,0,0,0,31,1,2,0,2,0,2,2,0,0,0,0,1,65.25,1994.3,0.06300831,-0.03007627,-0.0016915324,0.0021143293,-0.4468558,-0.024371834,0.05976731,-0.21242091,-0.19883649,0.055814836,-0.011331367,-0.28664765,-0.03975028,-0.03763272,0.5369786,-0.15864894,-0.09581167,-0.35199764,-0.23592047
9128-CPXKI,0,0.10593853,0,0,0,0,0,59,1,0,1,0,0,2,0,2,2,2,0,2,95.8,5655.45,-0.032368556,-0.036451448,0.07126609,0.030571794,-0.33285213,-0.009981242,-0.14295247,0.057640146,0.24109273,0.28408557,-0.017724814,0.12305259,0.04020607,0.01462581,-1.4954876,-0.21110746,0.16419452,0.3237207,-0.15521972
0484-FFVBJ,0,0.09997811,0,1,0,0,0,32,1,0,0,0,0,0,0,2,2,1,1,0,64.85,2010.95,0.082519904,-0.018027974,-0.0018838888,0.008597407,-0.24912009,-0.025350543,-0.08090719,-0.18852954,0.20687869,0.038411006,0.026038134,0.09223261,0.025631402,0.17099948,-0.6286115,0.10292427,-0.19279012,-0.28044257,-0.23681082
1100-DDVRV,0,0.42290106,0,1,0,1,0,17,0,1,0,0,2,0,0,2,2,0,1,3,49.8,836.35,0.004629554,-0.046882246,0.05550125,0.067500584,-0.10669537,0.23692149,0.14778192,-0.2828514,0.20312554,-0.12186058,-0.0046886923,0.12823586,0.075020835,0.073179826,0.50094,0.16476837,-0.097314544,-0.26889026,0.009928286
9313-QOLTZ,0,0.0249997,0,1,0,0,0,26,1,0,2,1,1,1,1,1,1,0,0,3,20.9,518.3,-0.039024323,-0.054412562,-0.0048107384,0.020727316,-0.63505656,-0.010402485,-0.21607703,0.06789867,-0.4326203,-0.06977098,-0.01411095,-0.3342905,-0.026915198,-0.065531865,0.4814157,-0.20846581,-0.23800054,-0.66294825,-0.17195188
3338-CVVEH,0,0.7684225,1,1,0,0,0,12,1,2,1,0,0,0,0,2,2,0,0,2,94.55,1173.55,0.019838795,-0.045866024,0.0015692164,0.026947446,-0.005847589,-0.004872321,0.1821102,0.13556403,0.13336407,0.13140331,0.0068170177,0.09796312,0.06379078,0.008930936,0.65477544,-0.36664912,0.12546577,0.62060905,0.46273607
1131-SUEKT,0,0.095254414,0,1,0,1,1,61,1,0,1,0,2,0,2,2,2,1,1,0,98.45,6145.2,0.05830097,-0.0043546124,-0.011848536,-0.11229312,-1.1959486,-0.001431739,-0.14426188,0.06294905,0.1955221,-0.10221978,0.0098788,-0.18708436,0.041301973,0.17637281,-0.41550392,0.08318799,-0.22846358,0.43572333,0.1382953
7602-DBTOU,0,0.0043994966,0,0,0,1,0,71,1,0,2,1,1,1,1,1,1,2,0,3,19.6,1416.5,-0.01219765,-0.030345088,0.06004882,0.04057086,-1.3705475,-0.04715678,-0.17539158,0.047538683,-0.4468553,-0.08350076,-0.0267631,-0.17055719,-0.08718873,-0.073292054,-1.6070172,-0.12935428,-0.13308029,-0.22473185,0.097192355
1385-TQOZW,0,0.12796324,0,0,0,0,0,9,1,0,2,1,1,1,1,1,1,0,1,1,20.45,147.55,0.058137916,-0.018277742,-0.0033141375,0.021140702,0.21168223,-0.009564323,-0.18868497,0.04742766,-0.46124297,-0.056897953,-0.0013552269,-0.32637626,-0.021215025,-0.038627405,0.63116395,0.09373864,-0.09382311,-0.6664855,-0.04729013
6892-XPFPU,1,0.71381974,1,1,1,1,0,24,1,2,1,0,2,2,0,2,2,0,1,2,104.25,2433.9,0.008763988,0.102704994,0.015854176,0.038070798,-0.21634348,-0.021066722,0.19404727,0.176095,0.11671688,-0.08658811,0.004422513,0.14401764,0.04241668,0.039823156,0.6602426,0.109841235,0.12805842,0.48053962,0.025616989
4115-NZRKS,0,0.62413067,1,0,1,0,0,7,1,0,1,0,0,0,0,2,2,0,1,2,89.15,574.35,0.0166797,0.08012691,0.0007733464,0.020059789,0.29460225,-0.014835311,-0.26802886,0.15537678,0.27425998,0.05651054,0.010223305,0.10177356,0.05078828,0.030374786,0.76144564,0.038749192,0.06515853,-0.020269431,-0.09742533
5514-YQENT,0,0.20165634,0,1,0,0,1,41,1,0,1,2,2,2,2,2,2,2,1,2,111.15,4507.15,-0.00081061997,-0.040384013,0.082785405,-0.11058801,0.35959524,-0.001808611,-0.102410525,0.050834283,-0.19562353,-0.07527287,-0.0027568894,-0.12791875,0.028258763,0.027661867,-1.4689535,0.052903492,0.08666826,1.006433,0.10463804
6319-IEJWJ,1,0.500097,1,1,0,1,1,20,1,0,1,0,0,0,0,2,2,0,1,2,90.2,1776.55,0.0031356064,-0.009431064,0.003803178,-0.052585237,-0.19906043,-0.019644469,-0.1851263,0.15594068,0.21774143,0.05403393,0.012875958,0.16377322,0.050517667,-0.0039415746,0.6604642,0.09612777,0.15388954,0.13568781,-0.18858849
8849-AYPTR,0,0.33099028,0,1,0,1,0,33,1,0,1,0,0,0,0,2,2,0,0,2,91.25,2964.05,-0.0104836775,-0.036362045,0.005909768,0.011767888,-0.4532534,-0.020806234,-0.19290078,0.14812617,0.19776765,0.082894206,0.025041655,0.1152009,0.032968152,0.014438944,0.5901738,-0.21896099,0.15449207,0.059496585,-0.15999487
5893-PYOLZ,0,0.016462214,0,1,0,0,0,56,1,0,0,0,2,2,2,2,2,2,1,1,81.8,4534.45,0.0069019804,-0.07580564,0.006401371,0.03817847,-0.43751344,-0.023138901,-0.15357158,-0.16067354,0.1976276,-0.08008335,-0.024296401,-0.1881111,0.024738431,0.0071013565,-1.6789335,0.046495844,-0.12923725,-0.4085736,-0.008369513
7180-PISOG,1,0.8560428,1,1,0,1,1,1,1,2,1,0,0,0,0,0,0,0,1,2,74.5,74.5,0.014011931,-0.0204793,0.006142752,-0.11014909,0.845763,-0.019933278,0.14142822,0.18784069,0.28246775,0.06338065,0.004710501,0.23040688,-0.02453885,-0.050595522,0.9030402,0.12196033,0.13486852,-0.06218397,0.1838878
8443-ZRDBZ,1,0.76389366,1,1,0,0,0,4,1,2,1,0,0,0,0,0,0,0,1,2,76.05,318.9,0.03286611,-0.024054708,-0.040943168,0.022528935,0.51979387,-0.0134218605,0.18557285,0.17116237,0.31802666,0.05674105,0.00713112,0.16424781,-0.025054865,-0.05534007,0.86390173,0.14088029,0.13238902,-0.06334522,-0.16971102
9079-YEXQJ,1,0.20965344,0,0,0,0,0,54,1,2,1,0,2,2,2,2,2,0,0,2,111.1,6014.85,-0.041906413,-0.016463637,0.014893848,0.03774555,-0.6820663,-0.011097356,0.108136475,0.14569546,0.18028894,-0.07933351,0.0046003605,-0.2689301,0.05456777,0.022884442,0.4501777,-0.212643,-0.050741725,0.11460838,-0.04820744
3780-YVMFA,0,0.3171946,0,0,0,1,1,8,1,0,0,0,0,0,2,2,2,0,1,2,68.55,564.35,0.058827654,-0.0070851836,0.005594964,-0.08222916,0.3556844,-0.012025163,-0.11679806,-0.2648736,0.2029772,0.0820979,0.011564746,-0.26752046,0.025265291,0.018913336,0.6237801,0.07044747,0.12606312,-0.32220024,-0.22595343
6968-MHOMU,0,0.14165203,0,1,0,1,0,58,0,1,0,0,0,0,0,2,2,1,1,1,45.0,2689.35,0.109085836,-0.017712986,0.022234261,0.043466903,-0.35012427,0.08359625,0.07265945,-0.13483231,0.20863836,0.028881948,0.008998335,0.104922086,0.037909277,0.2159458,-0.66904676,0.085586086,-0.29001638,-0.32920244,0.016599843
0899-LIIBW,0,0.40918195,0,1,0,1,0,34,1,2,1,0,0,2,0,2,2,0,0,2,100.85,3527.3,0.014681799,-0.044441745,-0.0059138015,0.01806846,-0.46935788,-0.019820813,0.13901614,0.166338,0.22895849,0.069238774,-0.0023865767,0.08689325,0.051969156,0.037508667,0.6392468,-0.34525177,0.13810258,0.38720518,-0.40817735
3677-IYRBF,1,0.7726003,1,0,1,0,0,2,0,1,0,0,0,2,0,0,0,0,1,2,30.4,78.65,-0.029898664,0.20330194,0.01633219,0.05725566,0.5283903,0.11637749,0.16162044,-0.20834428,0.22148937,0.059567556,0.007909807,0.1727224,-0.027163908,-0.049192686,0.7635493,0.118552536,0.123614825,-0.264897,0.30109048
8393-DLHGA,1,0.54977745,1,1,0,0,1,25,1,0,1,0,2,0,0,2,2,0,1,2,95.9,2448.75,-0.012230286,-0.0092559615,0.03051357,-0.09886258,-0.28557956,-0.017535174,-0.18309087,0.17268452,0.11365083,-0.12336727,0.0047045024,0.17047998,0.045208253,0.006401615,0.6501963,0.14577694,0.13981983,0.37196204,0.12752038
7691-XVTZH,0,0.05937362,0,0,0,1,0,68,1,2,1,0,0,2,0,2,0,2,1,0,89.95,5974.3,-0.026257766,-0.013467846,0.009168279,0.010328406,-0.28309003,-0.0105043445,0.08543409,0.056181863,0.22825326,0.23673946,-0.008304399,0.09801294,0.018834163,-0.074296996,-1.8141576,0.05631735,-0.13108703,-0.12788686,-0.023687344
5360-LJCNJ,0,0.21457246,0,0,0,1,0,71,1,2,1,0,2,2,0,2,2,2,1,0,105.15,7555.0,-0.25356403,-0.016129723,0.036376953,0.008625627,-0.43861294,-0.021267982,0.06874233,0.06240427,0.4441812,-0.107121386,-0.012528963,0.19196342,0.046664793,0.07877004,-1.5188328,0.07681732,0.113523565,0.6613197,0.33031383
3891-PUQOD,1,0.5704746,1,0,0,0,1,1,1,0,0,0,0,2,0,0,2,0,0,2,59.2,59.2,0.02616787,-0.05343908,-0.002325256,-0.037028663,0.76322055,-0.02787867,-0.09685665,-0.30558562,0.21616516,0.095155865,0.0024728188,0.13512103,-0.01643194,0.018569427,0.7101419,-0.20283376,0.1052195,-0.3180455,0.32120448
0952-KMEEH,1,0.6921792,1,1,0,0,0,13,1,2,1,2,0,0,0,2,2,0,0,3,98.15,1230.25,-0.051806875,-0.061147176,-0.045354888,0.02282593,0.04141248,-0.0033296652,0.0905404,0.11397474,-0.2247451,0.09789045,-0.007372373,0.09778687,0.08997475,0.05691131,0.72579587,-0.4255297,-0.09739728,1.2751036,0.1640192
4919-IKATY,1,0.50450844,1,1,0,1,1,5,1,2,1,2,0,2,0,0,0,0,1,2,84.5,453.75,0.006703738,-0.01686478,0.0067738746,-0.10870337,0.35085803,-0.013908841,0.11560835,0.11317377,-0.601338,0.085740775,0.007145229,0.13164192,-0.020606369,-0.06424916,0.8092109,0.08465226,0.088660315,0.04362956,0.049131528
9746-UGFAC,0,0.041960083,0,0,0,0,0,22,1,0,2,1,1,1,1,1,1,1,0,0,20.85,450.65,0.015220426,-0.020424956,-0.0038924506,0.015707733,-0.105856866,-0.002693694,-0.17880887,0.037621107,-0.22252384,-0.04133546,-0.018811263,-0.12865917,-0.014209769,-0.15597871,-0.6479361,-0.10454037,-0.009222283,-0.42262933,-0.06997205
9108-EQPNQ,0,0.013743135,0,0,0,1,1,10,1,2,2,1,1,1,1,1,1,2,0,1,26.1,225.55,-0.0017903983,-0.04376722,0.0043906504,-0.10621376,0.00477482,-0.006112165,0.065332875,0.0318103,-0.32054204,-0.09381255,-0.00838391,-0.15588053,-0.011228375,-0.060281657,-1.9040575,-0.09970404,-0.048434123,-0.4435783,-0.026675768
0531-ZZJWQ,0,0.446119,0,1,1,1,0,55,1,2,1,0,0,0,0,0,0,0,1,2,74.0,4052.4,0.019339034,0.13284443,0.009414126,0.030140027,-0.5584098,-0.026600042,0.13773036,0.1554895,0.215242,0.047127455,0.0043818317,0.17761205,-0.042809464,-0.04331618,0.66810435,0.09397428,0.23863593,-0.19277772,-0.233261
8763-KIAFH,0,0.014057234,0,0,0,1,1,27,1,0,2,1,1,1,1,1,1,1,1,3,20.55,583.3,0.012478729,-0.02425925,0.0075219716,-0.06848315,-0.43020502,0.003047143,-0.19013286,0.048380204,-0.35580018,-0.054558527,-0.028269155,-0.14539109,-0.020907268,-0.18319336,-0.8030251,0.047288023,-0.16114065,-0.7179589,-0.13662824
5863-OOKCL,0,0.013504672,0,0,0,0,0,10,1,0,2,1,1,1,1,1,1,0,0,3,18.85,163.2,0.047177408,-0.053172514,-0.0048714615,0.021164017,-0.17001244,-0.0068234713,-0.14499298,0.052074004,-0.5265435,-0.09068878,-0.011041061,-0.2824361,-0.032230154,-0.043054953,0.56929344,-0.51099265,-0.15196624,-1.782355,-0.12042563
2958-NHPPS,0,0.042097975,0,1,0,0,0,23,1,0,2,1,1,1,1,1,1,0,0,2,20.85,473.9,-0.032452658,-0.03252111,-0.004922259,0.024435591,-0.5053076,-0.010045483,-0.2427327,0.0550548,-0.40629795,-0.09026179,-0.0131168645,-0.36382607,-0.013250972,-0.07002603,0.5070547,-0.22405817,0.12561008,-0.6455705,-0.13328484
9530-GRMJG,0,0.02891284,0,1,0,1,1,70,1,2,0,0,2,2,2,2,2,2,1,2,84.1,5979.7,0.040328715,-0.0305447,0.006773726,-0.08623706,-0.44839206,-0.02312733,0.13932046,-0.19136557,0.32657707,-0.17491186,0.01147039,-0.23587742,0.020619364,0.0047931205,-1.801724,0.06232934,0.18936607,-0.22339857,-0.050905086
1809-DMJHQ,1,0.3026466,0,0,0,0,1,5,1,0,0,0,0,0,0,0,0,0,0,3,46.0,221.7,0.01023496,-0.03506587,-0.00049580954,-0.03442266,0.5355227,-0.014716305,-0.1036689,-0.25805107,0.24732283,0.10303798,-0.011338001,0.078429714,-0.03205334,-0.028774234,0.6005162,-0.19283937,-0.18283372,-0.22178303,-0.24452308
0164-XAIRP,0,0.0131612,0,0,0,0,0,24,1,0,2,1,1,1,1,1,1,2,1,0,19.55,470.2,0.022654133,-0.039631516,-0.0054649846,0.026598778,-0.19563603,-0.009904084,-0.18739164,0.031275854,-0.261252,-0.08048934,-0.012749725,-0.1561337,-0.013324575,-0.071155705,-1.8471279,0.04463862,-0.008277667,-0.41591814,-0.0887196
2926-JEJJC,0,0.0658463,0,0,0,0,0,8,1,0,2,1,1,1,1,1,1,1,1,0,20.2,140.95,0.023757292,-0.014630571,-0.0026141522,0.013060964,0.21961288,-0.00526658,-0.14320004,0.030600918,-0.2842638,-0.039892673,-0.011159766,-0.14637783,-0.02157531,-0.15174343,-0.8333026,0.026569748,0.0896159,-0.38253018,0.030246262
1169-WCVAK,0,0.20631155,0,1,0,1,0,19,1,2,1,2,2,0,2,0,0,0,1,1,88.8,1672.35,-0.065234445,-0.016543062,0.0037967735,0.018601952,-0.040927947,-0.013369861,0.09773639,0.07027292,-0.360076,-0.053830396,0.013436552,-0.3229296,-0.044368856,-0.032525353,0.69235605,0.105116114,-0.15287176,0.092592455,-0.2893104
1217-VASWC,0,0.27229643,0,1,1,1,0,43,1,0,1,0,2,2,0,2,2,1,1,0,100.55,4304.0,0.034000468,0.16285501,0.012575365,0.047727235,-0.12379074,-0.00875211,-0.13378577,0.05849679,0.13680479,-0.0583291,-0.014463227,0.03848168,0.04023192,0.19638194,-0.6923289,0.08632935,-0.2160806,0.5660128,-0.066144474
2452-KDRRH,0,0.52112514,1,1,1,0,0,67,1,2,1,0,0,2,0,2,2,0,1,1,101.4,6841.05,0.009172625,0.08001947,-0.0054996377,0.0129875075,-0.5243078,-0.01380923,0.16933377,0.1297795,0.21039008,0.081830285,0.0003419463,0.18459234,0.036073655,0.051219057,0.5844014,0.0561553,-0.11987215,0.5768117,-0.38584298
6402-EJMWF,0,0.40110725,0,1,0,0,0,4,1,0,0,0,0,0,0,0,2,0,1,3,55.3,238.5,-0.019893542,-0.034986097,0.021830296,0.010480753,0.5764901,-0.015155708,-0.23434786,-0.18323366,0.24991849,0.04852201,-0.010314986,0.11013972,-0.033104178,0.024915842,0.5747578,0.09024333,-0.16206868,-0.072419,-0.29340273
7663-CUXZB,0,0.0793135,0,1,0,1,0,59,1,2,1,2,2,2,2,2,2,2,0,2,113.75,6561.25,0.056962505,-0.0052951295,-0.033448514,0.042313065,-0.18324459,-0.020914568,0.058846958,0.050623953,-0.18244833,-0.09012181,0.0024345093,-0.15219371,0.04400657,0.047222205,-1.3952084,-0.12914355,0.0066159884,0.5073392,-0.026831463
4312-KFRXN,0,0.0025975113,0,1,0,1,0,72,1,2,2,1,1,1,1,1,1,2,0,3,25.4,1710.9,0.013545128,-0.031820223,0.024766782,0.04074824,-1.6260998,-0.048497908,0.09672224,0.045435548,-0.48333362,-0.113682225,-0.02498367,-0.2061335,-0.08232477,-0.08288411,-1.5347177,-0.13440114,-0.011551963,-0.46063483,-0.2815277
3011-WQKSZ,0,0.12921396,0,1,0,0,1,19,1,0,2,1,1,1,1,1,1,0,1,2,20.0,377.55,-0.027043508,-0.011244946,-0.0029976321,-0.08395557,0.027996259,0.0027351966,-0.22330087,0.059009705,-0.41054073,-0.09136375,-0.0053146384,-0.37566638,-0.0052462122,-0.06556215,0.6252883,0.13671607,0.15487868,-0.39793986,-0.16514933
9747-DDZOS,1,0.6762104,1,0,0,0,0,1,1,0,1,0,0,2,0,0,0,0,0,0,73.5,73.5,0.017882349,-0.022351038,-0.003493379,0.0073922463,0.8040285,-0.007666704,-0.115797594,0.15273376,0.2358094,0.07133277,-0.002090595,0.17974147,-0.016625838,-0.03413249,0.8814847,-0.24094823,-0.24588522,-0.10401475,0.2282368
2091-MJTFX,1,0.12060805,0,0,0,1,1,30,0,1,0,0,0,0,2,2,2,0,0,1,51.2,1561.5,0.036950205,-0.03618376,0.020852346,-0.062343985,-0.5078209,0.10953964,0.07077095,-0.22578958,0.139554,0.08329077,0.012024391,-0.3282633,0.05487639,0.01764839,0.52808034,-0.10426429,-0.12930225,-0.32066262,-0.296416
0388-EOPEX,1,0.48263615,0,0,0,1,0,2,1,0,1,2,0,0,0,0,0,0,1,2,74.4,139.4,0.010499273,-0.020203933,0.0053008837,0.012003613,0.3822437,-0.007488643,-0.120173335,0.08140535,-0.42764372,0.07315858,0.0065045934,0.15363991,-0.018337296,-0.02342624,0.7852741,0.109875344,0.13090804,-0.07848378,-0.07531431
3161-ONRWK,0,0.012772198,0,1,0,1,1,60,1,0,0,2,2,2,2,0,0,1,1,0,65.85,3928.3,0.030955782,-0.021425055,-0.0070599667,-0.053771563,-0.9107642,-0.009218132,-0.08867002,-0.13057078,-0.18675947,-0.040706065,0.0019545685,-0.1956409,-0.04812337,-0.2035235,-0.586922,0.037565075,-0.3841813,-0.22117762,-0.28036505
2587-EKXTS,0,0.3136749,0,1,0,0,0,44,1,2,1,2,2,2,0,2,2,0,1,2,111.5,4915.15,0.01079028,-0.038344946,-0.0017964412,0.03738425,-0.2703305,-0.012251565,0.08214434,0.10929878,-0.47453412,-0.07909666,-0.013660408,0.08676528,0.044702478,0.028721377,0.47224674,0.09983415,0.09610471,0.38183457,-0.29358104
9752-ZNQUT,0,0.61339813,1,0,0,0,0,1,1,0,0,0,2,0,0,0,0,0,1,2,48.6,48.6,0.0047628414,-0.035302255,-2.711748e-05,0.018397005,0.75251293,-0.032275036,-0.11845994,-0.2954637,0.22320764,-0.10096109,0.0068551153,0.14521782,-0.014632201,-0.019774042,0.7419923,0.12800485,0.13353871,-0.2521479,0.2253989
9572-WUKSB,0,0.43802437,0,1,0,1,0,3,0,1,0,0,0,0,2,0,0,0,1,2,29.9,92.25,0.00064652914,-0.034318563,-0.043386854,0.045590032,0.3929159,0.0489773,0.17241144,-0.17804213,0.2508643,0.07046082,0.004041165,-0.4263157,-0.04972635,-0.043814607,0.65199494,0.1104701,0.15035537,-0.32600686,0.0029245587
3836-FZSDJ,0,0.0041408837,0,1,1,1,0,71,1,2,2,1,1,1,1,1,1,2,0,0,24.85,1901.0,0.012545555,0.24564101,0.02218713,0.025943592,-1.3985578,-0.03509269,0.038432818,0.048751853,-0.37912166,-0.07733318,-0.02152991,-0.20145611,-0.07711645,-0.072653085,-1.4456737,-0.11497962,-0.10256105,-0.5471057,-0.35379076
8805-JNRAZ,0,0.34305254,0,0,0,0,0,2,1,0,0,0,2,0,0,0,0,0,0,3,49.2,103.7,0.00897198,-0.06969639,-0.0012404523,0.011300252,0.5557337,-0.024050115,-0.064554505,-0.18396771,0.2381819,-0.16521773,-0.009605687,0.10743529,-0.026660703,-0.026541531,0.61672926,-0.32102433,-0.11383507,-0.2100197,0.07756636
3069-SSVSN,0,0.21438669,0,0,0,0,0,1,0,1,0,0,0,0,0,0,0,1,0,3,25.85,25.85,-0.03911218,-0.07012317,0.0020611193,0.007919254,0.4781887,0.04331705,0.046633508,-0.13847277,0.5468327,0.042789087,-0.01331694,0.11609074,-0.025764443,-0.10047698,-0.98732793,-0.2003907,0.035548173,-0.255116,0.26126257
8015-IHCGW,0,0.0076380167,0,0,0,1,1,72,1,2,1,2,2,2,2,2,2,2,1,2,115.5,8425.15,-0.13878836,-0.016402978,-0.003742193,-0.09363439,-1.3054861,-0.020016853,0.092260204,0.047620375,-0.4268405,-0.09875644,0.0027472987,-0.16345887,0.029663539,0.024964841,-2.133578,0.057945296,0.049579967,0.23822404,0.039977036
8132-YPVBX,0,0.7324612,1,0,0,0,0,6,1,0,1,0,2,0,0,0,2,0,1,3,85.95,514.6,0.023044875,-0.02380169,0.0009338014,0.015766073,0.5023624,-0.013591154,-0.17413378,0.16812868,0.31682697,-0.07535565,-0.01272449,0.08668122,-0.05337113,0.031788375,0.7759442,0.15303038,-0.0030120618,0.35705295,-0.019198988
0235-KGSLC,1,0.8252435,1,0,0,0,0,1,1,0,1,0,0,2,0,2,0,0,1,1,85.55,85.55,0.019937862,-0.018330172,0.002174469,0.01653213,0.9194571,-0.02436241,-0.18099445,0.13349438,0.24764174,0.052795403,-0.007792685,0.12922868,0.0054808375,-0.034206122,0.9290937,0.109910734,-0.26890805,0.43044963,0.13990691
1302-UHBDD,0,0.47350538,0,1,1,0,0,20,1,0,1,0,0,0,0,2,2,0,0,2,89.95,1648.45,0.002656448,0.21696733,-0.0011089586,0.010301691,-0.24058798,-0.012796505,-0.16129196,0.14712732,0.18219334,0.09742211,0.011087288,0.1382487,0.04966267,0.06399911,0.6499941,-0.15176688,0.10685452,0.14709146,-0.31290638
3722-WPXTK,1,0.8599915,1,1,0,0,0,1,1,0,1,0,0,0,0,2,2,0,1,2,88.35,88.35,-0.01951452,-0.01703828,0.0010903485,0.018493611,0.93162256,-0.02272031,-0.24159504,0.16599485,0.28013238,0.06361981,0.00797094,0.1636567,0.014031462,0.007859153,0.8377764,0.109811686,0.106287844,0.3665646,0.09040027
7531-GQHME,0,0.1296189,0,1,0,0,0,12,1,0,2,1,1,1,1,1,1,0,0,1,20.05,265.45,-0.050748263,-0.030482989,-0.004728547,0.018205237,0.19486937,-0.004987059,-0.19483338,0.05123732,-0.3770164,-0.06783648,2.1594518e-05,-0.24032985,-0.021672456,-0.054297704,0.59770757,-0.21863064,-0.07355086,-0.29932386,-0.07871015
1335-NTIUC,0,0.50089943,1,1,0,0,0,9,0,1,0,0,0,0,0,0,0,0,1,2,24.95,190.25,0.020012679,-0.021580005,-0.0171073,0.06736556,0.2683391,0.09444527,0.11970128,-0.2324659,0.26680738,0.064284205,0.0039856117,0.1403718,-0.039054222,-0.047407843,0.64617836,0.13165839,0.20345907,-0.6219817,0.0058115176
9367-TCUYN,0,0.0767197,0,0,0,0,0,12,1,0,2,1,1,1,1,1,1,0,0,3,20.1,223.6,0.04477724,-0.060867347,-0.0047081267,0.017961757,0.039082535,-0.008074626,-0.16272528,0.054160383,-0.4690449,-0.06838723,-0.012158517,-0.19829518,-0.035160974,-0.042981498,0.59243065,-0.23615044,-0.30812252,-0.36811003,-0.21217509
1536-HBSWP,0,0.48187605,0,0,0,0,0,1,1,0,0,0,0,0,2,0,0,0,1,2,49.9,49.9,0.04338447,-0.026005147,0.0009089493,0.01565918,0.71146405,-0.027072439,-0.114924446,-0.18094042,0.19186322,0.055746,0.0071720174,-0.38365132,-0.016760278,-0.015982699,0.6943584,0.08446951,0.11732402,-0.3216508,0.14133564
8573-JGCZW,0,0.048785426,0,1,0,0,0,17,1,0,2,1,1,1,1,1,1,1,1,0,19.65,351.55,-0.023067607,-0.015026654,-0.009227334,0.009216359,0.20458661,-0.0065420866,-0.1801113,0.03208676,-0.29970014,-0.039494153,-0.009782946,-0.13525139,-0.014093385,-0.24793418,-0.82012814,0.035558727,-0.006000107,-0.26874334,-0.12742871
2694-CIUMO,0,0.46497723,0,0,0,0,0,12,1,2,1,0,0,0,2,0,0,0,1,1,79.55,958.25,0.044321045,-0.024299884,-0.035897568,0.036601767,0.073345974,-0.011132934,0.12359811,0.080527104,0.22438124,0.053759776,0.009803799,-0.21880661,-0.04088086,-0.043183714,0.7333172,0.056762986,-0.17289805,0.2484518,-0.22886677
2027-FECZV,1,0.6172183,1,1,0,0,0,12,1,2,1,0,2,2,0,2,2,0,1,2,106.7,1253.9,0.0017347347,-0.026820846,-0.011757368,0.04620383,-0.034197554,-0.006045494,0.1669822,0.16344362,0.14823413,-0.07799347,0.0014180987,0.106462486,0.05166505,0.025597537,0.6577999,0.16266315,0.12889677,0.297282,-0.2745854
9103-TCIHJ,1,0.20977597,0,0,0,0,0,15,1,2,0,2,0,0,0,0,0,0,1,3,55.7,899.8,0.009924728,-0.052417982,-0.0007900291,0.025737347,-0.0065252706,-0.038901154,0.123681486,-0.23339237,-0.33553344,0.04977698,-0.0050134314,0.091460675,-0.049674492,-0.064730264,0.65903425,0.114585385,-0.29395166,-0.35010275,0.07978072
1545-JFUML,0,0.007067512,0,1,0,1,0,71,1,2,1,2,2,2,0,2,0,2,1,2,99.0,6994.6,0.091193534,-0.017545924,0.0023732672,0.022667725,-1.49065,-0.049897425,0.12748688,0.056624167,-0.5732238,-0.14612983,-0.026911076,0.11213749,0.035826422,-0.037072722,-2.01201,0.07795668,0.056301437,0.023002204,-0.14805676
0524-IAVZO,1,0.6201047,1,0,0,1,0,30,1,2,1,0,0,0,0,0,2,0,1,2,85.0,2624.25,-0.007766122,-0.020572957,0.023622705,0.022420784,-0.47347033,-0.01714274,0.11819991,0.1782058,0.23924227,0.052633435,0.009876226,0.13783266,-0.016307792,0.061111216,0.69714504,0.116719626,0.17490795,0.20666504,0.03589565
5519-TEEUH,0,0.011444657,0,1,0,0,1,33,1,0,2,1,1,1,1,1,1,1,1,3,20.15,682.15,-0.011185329,-0.022824217,-0.001795234,-0.07195393,-0.39127776,0.0054823337,-0.20484403,0.050089046,-0.36488804,-0.055389814,-0.01979957,-0.1622939,-0.02059573,-0.25509125,-0.90958726,0.06358629,-0.24050957,-0.68678856,-0.109830916
6654-QGBZZ,0,0.42665738,0,0,0,0,0,1,1,0,2,1,1,1,1,1,1,0,0,3,19.9,19.9,0.021387706,-0.079858385,-0.011086306,0.012125276,0.84113353,-0.007651124,-0.13855514,0.06612691,-0.4786228,-0.02544185,-0.017571684,-0.22116177,-0.006139884,-0.026280941,0.7822474,-0.21326669,-0.069882475,-0.133145,0.45936635
2294-DMMUS,0,0.12892428,0,0,0,1,1,62,1,2,0,0,0,0,0,2,2,0,1,1,70.45,4300.45,-0.002510065,-0.026904492,-0.042387526,-0.07091676,-0.9396947,-0.0782788,0.103891514,-0.40056014,0.15362693,0.06687901,0.010436566,0.14955737,0.066414066,0.031730097,0.55709124,0.05848766,-0.05736289,-0.22522329,-0.2155538
0017-IUDMW,0,0.007935539,0,0,0,1,1,72,1,2,1,2,2,2,2,2,2,2,1,1,116.8,8456.75,-0.12189067,-0.019824548,-0.021982241,-0.08732794,-1.3948258,-0.01721154,0.09146238,0.045514632,-0.3870034,-0.103892885,0.0009787214,-0.15930471,0.029663539,0.029843772,-2.1242115,0.022299709,-0.08837164,0.41987893,0.10699706
5018-LXQQG,0,0.0857634,0,0,0,1,1,30,1,0,0,2,0,0,2,0,2,0,0,0,66.3,1923.5,0.0553972,-0.041136924,0.009102279,-0.03916589,-0.4064033,-0.022606041,-0.06635882,-0.25736806,-0.18101124,0.06491425,0.018329594,-0.28595012,-0.03651609,0.041915145,0.5198182,-0.13304625,-0.073587745,-0.30002525,-0.18357195
5808-TOTXO,0,0.050585974,0,0,0,0,1,3,1,0,2,1,1,1,1,1,1,1,1,1,20.55,57.4,0.022900064,-0.026215982,-0.0016806906,-0.049743447,0.38833493,0.0039079473,-0.1521584,0.02465201,-0.3148368,-0.043388452,-0.0126103945,-0.16924569,-0.0036727479,-0.15207158,-0.93759006,0.060426425,-0.08109989,-0.56437486,0.12552167
1174-FGIFN,0,0.18943673,0,0,0,1,1,28,1,2,1,0,0,0,2,0,2,1,1,2,90.45,2509.25,-0.05717875,-0.009669435,0.0021933827,-0.08516983,-0.17024244,-0.0035844138,0.061922587,0.068146855,0.2576111,0.08660122,0.006344394,-0.23023951,-0.045244657,0.11057082,-0.72237384,0.07518125,0.2061567,0.062245246,-0.017720062
0730-KOAVE,0,0.59615785,1,1,0,0,0,30,1,2,1,2,2,0,0,0,2,0,1,1,94.3,2679.7,-0.052532464,-0.017905166,0.00019770948,0.025748953,-0.34363827,-0.009831955,0.11992567,0.10743153,-0.10844681,-0.059881937,0.024376564,0.16495508,-0.04721648,0.041540083,0.68770796,0.12833388,-0.11921267,0.64391273,0.2532432
1218-VKFPE,1,0.012346679,0,0,0,1,1,12,1,0,2,1,1,1,1,1,1,0,0,3,19.0,233.55,0.047617454,-0.054407448,0.008798114,-0.07000224,-0.22199507,-0.007109468,-0.14194477,0.05550445,-0.46762004,-0.09576657,-0.014049318,-0.21748425,-0.01832379,-0.044360857,0.552705,-0.49902207,-0.16235058,-1.7562442,-0.22666349
5313-FPXWG,0,0.030142492,0,1,0,0,0,51,1,2,2,1,1,1,1,1,1,1,1,0,24.6,1266.4,-0.024408868,-0.022209475,-0.0064782454,0.02523675,-0.25923216,-0.0036445651,0.08019931,0.045792434,-0.28145084,-0.02803644,-0.017993987,-0.21440287,-0.009077176,-0.19401255,-0.75028783,0.037768494,-0.14541169,-0.6565133,0.0021746545
2834-JKOOW,0,0.059942577,0,0,0,0,0,15,0,1,0,2,2,2,2,0,0,1,0,3,45.9,693.45,0.00091259077,-0.037398633,-0.028893549,0.030041527,0.057234056,0.056112237,0.05526032,-0.06792517,-0.2588008,-0.05981453,0.074336514,-0.12767072,-0.038645633,-0.116043,-0.7396168,-0.19178112,-0.1404532,-0.2296124,0.05943038
9430-NKQLY,0,0.0020298064,0,1,0,1,1,72,1,2,2,1,1,1,1,1,1,2,1,1,25.1,1790.8,0.015613058,-0.030498555,0.018013071,-0.06102989,-1.7507801,-0.020147115,0.10480049,0.04317149,-0.42448583,-0.103361145,-0.021201322,-0.21928014,-0.075186834,-0.084497064,-1.641775,0.05006081,-0.16900569,-0.4762049,-0.3027631
0363-QJVFX,1,0.13578765,0,1,0,0,0,32,1,2,1,2,2,0,2,2,2,0,1,1,108.15,3432.9,-0.039031077,-0.026483059,-0.01119091,0.036226902,-0.23539303,-0.005746143,0.086970024,0.08149044,-0.47617364,-0.094104744,0.007927548,-0.19934657,0.04239243,0.03265623,0.37463573,0.07832207,-0.114123255,0.32090557,-0.6614353
1658-TJVOA,0,0.44459793,0,0,1,0,0,6,1,0,1,2,0,0,0,0,0,0,1,2,74.1,450.9,0.0062145526,0.1001858,-0.002280999,0.01506043,0.2090346,-0.01492472,-0.14507288,0.10378684,-0.4273599,0.067987986,0.009189946,0.15158354,-0.03404766,-0.026323663,0.7647584,0.10988716,0.109493315,-0.051863205,-0.11860603
6685-GBWJZ,0,0.03359096,0,1,0,1,0,63,1,0,0,2,2,0,2,2,0,1,0,1,70.8,4448.8,0.01237095,-0.029450512,0.008347738,0.021165265,-0.6533777,-0.014187655,-0.051300004,-0.11485672,-0.19580175,-0.048721563,0.019201864,-0.16037263,0.036466967,-0.14316262,-0.60595137,-0.0931938,-0.021112641,-0.17943747,-0.096730776
6328-ZPBGN,1,0.67878044,1,0,1,0,0,11,1,2,1,0,0,0,0,2,2,0,1,0,95.15,997.65,0.016408328,0.1256411,0.0292269,0.04063012,-0.021588236,-0.009698175,0.1972363,0.12973471,0.070433185,0.07860404,0.0114232795,0.094517015,0.0740435,0.10627391,0.6745513,0.053325504,-0.20782766,0.39553928,-0.061076403
4003-FUSHP,0,0.1742485,0,1,0,0,0,19,1,0,0,0,0,0,2,2,0,0,1,1,61.55,1093.2,-0.0035299119,-0.03769302,-0.0006518403,0.015276582,-0.1549338,-0.05601201,-0.16771707,-0.28732845,0.13204487,0.059204467,0.016985655,-0.32024905,0.023700552,-0.033250913,0.43827936,0.09058202,-0.12717794,-0.36999953,0.2758836
7690-KPNCU,0,0.085447125,0,1,0,1,1,64,1,0,0,2,0,2,0,2,2,1,1,1,73.05,4688.65,0.06984152,-0.023656486,-0.03940893,-0.041563097,-0.6812026,-0.022015894,-0.11641154,-0.15457225,-0.18288355,0.04939335,-0.0066626547,0.0808944,0.038762093,0.20340103,-0.4098999,0.052246835,-0.0010875262,-0.04300947,-0.093476914
2969-WGHQO,0,0.060846526,0,0,0,1,1,7,1,0,0,2,2,2,0,2,0,1,0,2,69.45,477.05,0.0004876213,-0.011349813,0.0039508147,-0.08541744,0.19101368,-0.018883288,-0.04903312,-0.11202665,-0.24912617,-0.10845227,0.020576313,0.0699418,0.011905304,-0.12628788,-0.8108415,-0.1666051,0.1350939,-0.25450298,-0.12784165
1855-CFULU,0,0.14858498,0,0,1,0,0,4,1,0,2,1,1,1,1,1,1,0,0,3,20.05,91.45,0.044652943,0.3542414,-0.0038508852,0.016022902,0.25401604,-0.017400196,-0.13380979,0.038284406,-0.519391,-0.09357575,-0.010527956,-0.34466195,-0.012756554,-0.023821762,0.62122554,-0.15460248,-0.045234162,-0.5655303,-0.09979806
9788-YTFGE,0,0.11594365,0,1,0,0,0,7,1,0,2,1,1,1,1,1,1,0,1,3,19.95,147.5,-0.04337604,-0.03067035,-0.009022573,0.020872133,0.2608423,-0.011337392,-0.21770516,0.053377535,-0.5645539,-0.05596036,-0.017138695,-0.33770177,-0.029103192,-0.054709814,0.6414237,0.10240185,-0.14772765,-0.44673154,-0.09536959
8266-VBFQL,0,0.6618064,1,1,0,0,0,4,1,0,1,0,0,2,2,0,2,0,1,2,90.4,356.65,-0.068757154,-0.011046939,0.0023650457,0.01615594,0.61121994,-0.012364859,-0.24410349,0.12289906,0.296195,0.06169268,0.0031114365,-0.28804362,-0.02141989,0.00526503,0.76148003,0.077577084,0.07611958,0.42815146,-0.09591619
2325-NBPZG,0,0.44014743,0,0,0,0,0,3,1,0,1,2,0,0,0,0,0,0,1,2,74.55,233.65,0.010457149,-0.027135104,-0.002014267,0.012184006,0.35633454,-0.014024563,-0.1552841,0.1037806,-0.42603445,0.073826335,0.006365899,0.14529006,-0.017727222,-0.02155858,0.7798555,0.110794604,0.13231878,-0.093958005,-0.16480929
9906-NHHVC,0,0.069181815,0,0,1,0,0,65,0,1,0,0,2,2,0,2,2,2,1,0,53.5,3517.9,-0.035584975,0.2984736,-0.0026964596,0.003609472,-0.30739808,0.09766406,0.09694014,-0.10858493,0.27220434,-0.055144433,-0.009413029,0.14785333,0.02775971,0.05509238,-1.3349535,0.025704594,-0.25450104,0.0063590114,-0.4734835
2541-YGPKE,0,0.09796678,0,1,0,1,1,42,1,0,0,2,0,0,2,0,2,1,0,1,63.7,2763.35,-0.005059204,-0.031089244,0.006538134,-0.04919883,-0.21012957,-0.010171535,-0.039064202,-0.13871899,-0.18119098,0.05117035,0.0054026823,-0.1564335,-0.02742529,0.20046718,-0.39614064,-0.13462843,-0.056381848,-0.23988557,0.24114238
5049-MUBWG,0,0.065871246,0,1,0,0,0,26,1,0,0,2,0,0,2,2,2,1,0,0,75.0,1908.35,0.019716939,-0.027012167,-0.0022790218,0.013372947,-0.1909546,-0.012565457,-0.079742275,-0.15121835,-0.13622643,0.044591885,0.0061134947,-0.16685693,0.025222179,0.16445397,-0.45488694,-0.1535191,-0.10612349,-0.1374682,-0.25730455
2332-TODQS,0,0.03463588,0,0,0,0,0,48,1,2,2,1,1,1,1,1,1,1,0,1,25.05,1171.5,-0.048990976,-0.039702244,-0.0032714598,0.02652594,-0.36745226,-0.0032793826,0.0888752,0.04326923,-0.27308738,-0.061627373,-0.018426975,-0.23962976,-0.0134211,-0.11654747,-0.705716,-0.13085067,-0.08203074,-0.61836624,0.28533947
4419-UJMUS,0,0.07731932,0,1,0,1,1,69,1,2,1,0,0,0,2,2,2,2,1,2,99.35,6856.45,0.036155164,-0.009620847,-0.025054807,-0.08408493,-0.34681493,-0.006074028,0.15213515,0.05981834,0.24909912,0.35947728,-0.00054201134,-0.24421987,0.01416735,0.013087433,-1.8270417,0.1062681,0.13490264,0.26166525,-0.2734371
2233-TXSIU,0,0.060550556,0,1,0,1,1,17,0,1,0,2,0,2,0,2,0,1,0,1,44.45,792.15,0.011132351,-0.032903522,0.0153676905,-0.057966996,0.12196726,0.051190905,0.09504241,-0.086812735,-0.22330849,0.06357961,0.0195396,0.07616279,0.026770977,-0.26249558,-0.94454736,-0.11488288,-0.15211521,-0.31037694,0.012065758
6770-XUAGN,1,0.44402063,0,0,0,1,1,1,1,0,2,1,1,1,1,1,1,0,1,2,21.0,21.0,0.059574105,-0.054478545,0.00998847,-0.09663165,0.8402722,-0.01503696,-0.16499005,0.06774795,-0.43614176,-0.071905255,-0.0066914596,-0.31243297,-0.002200374,-0.03895049,0.7961274,0.11201952,0.06082787,-0.43482676,0.5120939
2919-HBCJO,1,0.62005305,1,0,0,0,0,4,1,0,1,0,2,0,0,0,0,0,1,0,76.65,333.6,0.008384994,-0.013338374,-0.051772356,0.0142098665,0.62531114,-0.00984048,-0.15800996,0.15935646,0.2769472,-0.0773941,0.012588729,0.14028817,-0.01494591,-0.033566877,0.8466351,0.13963892,-0.122559056,-0.054380726,-0.14855327
9508-ILZDG,0,0.4762581,0,0,1,0,0,34,1,2,1,0,2,0,2,2,0,0,1,2,96.35,3190.25,0.031702813,0.10143485,0.018204385,0.04240413,-0.4521629,-0.009513861,0.09584956,0.14812249,0.24363151,-0.11072367,0.0073014973,-0.3163642,0.052444153,-0.0356772,0.63036686,0.12308994,0.14729372,0.42641008,-0.18962792
5442-BHQNG,0,0.5550825,1,0,0,0,0,2,1,0,1,0,0,0,0,0,0,0,0,2,70.35,139.25,0.00745452,-0.014357115,-0.003371906,0.008321535,0.41147384,-0.0075861504,-0.09791349,0.1277354,0.24650979,0.10550504,0.00697989,0.12215326,-0.017781515,-0.019847972,0.7663536,-0.23406939,0.13982746,-0.20414928,-0.07278392
7250-EQKIY,1,0.5874015,1,0,0,1,1,1,1,0,0,0,0,2,0,0,0,0,0,3,50.45,50.45,0.010205528,-0.046748817,0.0030527674,-0.03511723,0.847529,-0.020858282,-0.06339042,-0.28346586,0.25251165,0.07701709,0.106083155,0.12513667,-0.02446522,-0.02527917,0.69848496,-0.19223201,-0.00094261253,-0.2803642,0.25530237
6838-HVLXG,0,0.0643652,0,0,0,0,0,12,1,0,2,1,1,1,1,1,1,0,0,3,20.3,246.7,0.044912636,-0.060867347,-0.0047081267,0.0179786,-0.013496632,-0.009185583,-0.16272528,0.05142654,-0.46741217,-0.06838723,-0.012158517,-0.19829518,-0.035160974,-0.044555716,0.56870943,-0.2141954,-0.22960503,-0.6073174,-0.18238382
9767-FFLEM,0,0.35580704,0,1,0,0,0,38,1,0,1,0,0,0,0,0,0,0,1,1,69.5,2625.25,-0.039806522,-0.018449035,-0.0024855854,0.015381674,-0.39510533,-0.010198379,-0.09205142,0.14738828,0.1669036,0.03455633,0.016732462,0.16765153,-0.031739715,-0.036876746,0.6961134,0.08128636,-0.20902042,-0.21525227,0.18058752
2245-ADZFJ,0,0.016560756,0,0,0,1,1,31,1,2,0,0,2,0,2,2,2,2,0,0,80.55,2471.6,0.017538331,-0.03670913,0.0034367808,-0.07600169,-0.2267318,-0.020288132,0.011092256,-0.1847309,0.17087707,-0.10292493,0.00921602,-0.1808785,0.024850568,0.016228301,-1.9159536,-0.14624128,-0.11935727,-0.18843174,-0.089784704
1150-WFARN,1,0.16112731,0,0,0,1,1,67,1,2,1,2,0,2,2,2,2,2,1,1,108.75,7156.2,-0.18161507,-0.0070325243,-0.074098065,-0.13899119,-0.18295868,-0.00087405415,0.059434976,0.043064713,-0.21268404,0.26619866,0.00080230454,-0.11421215,0.017605115,0.0611924,-0.9583519,0.04531504,-0.062679835,0.850647,-0.011401599
9054-FOWNV,0,0.55903286,1,1,0,1,1,22,1,2,1,0,0,2,0,2,0,0,1,2,88.75,1885.15,0.010957838,-0.014409773,0.0022288084,-0.118910156,-0.2690847,-0.019917278,0.116034076,0.16151634,0.22379355,0.055840276,-0.00020316016,0.16868682,0.053880483,-0.0330422,0.7203336,0.11512394,0.17881323,0.09304153,-0.15821964
7997-EASSD,0,0.044585794,0,0,0,1,0,63,1,2,1,0,0,0,2,0,0,1,1,1,81.2,4965.1,-0.023640117,-0.014104841,-0.008556513,0.013837978,-0.85401046,-0.0070992876,0.086285055,0.05296893,0.20076329,0.063955896,0.012397632,-0.18422343,-0.11242529,-0.15999989,-0.8740586,0.053395957,-0.110131785,-0.05573669,-0.09512266
7560-QJAVJ,0,0.0419952,0,0,0,0,0,70,1,0,0,2,0,2,2,2,2,2,0,0,79.6,5589.45,-0.0014713788,-0.035510026,-0.024910845,0.014741672,-0.20954083,-0.010938864,-0.084538065,-0.098795526,-0.17267302,0.2892965,-0.013838917,-0.13994095,0.0071808146,0.004647579,-1.2283989,-0.12393149,-0.040515594,-0.13487957,-0.07405535
2668-TZSPS,0,0.21301877,0,1,0,0,0,1,1,0,2,1,1,1,1,1,1,0,0,3,20.45,20.45,-0.09719345,-0.07977657,-0.0047941008,0.014829432,0.84798187,-0.0097032245,-0.17802006,0.066348165,-0.4829236,-0.02544185,-0.017138695,-0.27811122,-0.0060235,-0.027448667,0.74333584,-0.21252556,-0.01823266,-0.49909195,0.0063305628
9139-WQQDY,1,0.08377817,0,0,0,1,1,49,1,2,1,0,2,0,0,2,2,1,0,3,100.45,4941.8,-0.051311653,-0.029378887,0.012932112,-0.104772486,-0.35337612,-0.017783223,0.09545992,0.081853196,0.2333485,-0.08368325,-0.011703955,0.09259186,0.04770587,0.12289835,-0.7059655,-0.24419583,-0.28277507,0.32197243,-0.46667707
6726-NNFWD,0,0.02099254,0,0,1,1,0,71,1,0,1,0,2,2,0,0,2,2,0,1,89.45,6435.25,-0.0070071556,0.2806501,0.02079836,0.010784085,-1.1896818,-0.036587775,-0.14030552,0.047766518,0.48666802,-0.11976043,-0.053605303,0.22432123,-0.1826069,0.032618977,-1.5018829,-0.14412488,-0.23100483,-0.27224514,-0.017942864
9330-DHBFL,0,0.047942493,0,0,0,1,1,23,1,0,0,2,2,2,2,0,0,1,1,3,66.25,1533.8,0.002867983,-0.024273481,0.034176465,-0.051184595,-0.30988446,-0.008158056,-0.070433065,-0.104695305,-0.2651559,-0.01072464,0.080714226,-0.16402963,-0.024376258,-0.045530953,-0.63820326,0.049690854,-0.08861825,-0.29587072,-0.005708821
5727-MYATE,0,0.0017823473,0,1,0,1,1,72,1,2,0,2,2,2,2,2,2,2,1,1,90.8,6397.6,0.016283322,-0.041412756,0.0036415667,-0.02892574,-1.9521004,-0.036650226,0.11398659,-0.12653147,-0.42927086,-0.14226723,-0.03484659,-0.2159068,0.032765165,0.014984449,-1.9524876,0.06412143,-0.17071912,-0.28465438,-0.10882335
2824-DXNKN,0,0.007562199,0,0,0,1,1,72,1,2,0,2,0,2,0,2,0,2,1,0,71.45,5025.85,-0.017128643,-0.03828583,0.00596296,-0.0265245,-1.7503065,-0.040985122,0.060459502,-0.13433833,-0.5320397,0.3075993,-0.031587336,0.14433715,0.025244739,-0.03903639,-1.4085163,0.055580016,-0.09087194,-0.34362108,0.026282378
6166-ILMNY,1,0.44974968,0,0,0,0,0,2,1,0,1,0,0,0,0,0,0,0,0,0,69.75,144.55,0.017856354,-0.016656803,-0.003493379,0.007512944,0.48937038,-0.0042827353,-0.12758802,0.13049787,0.2280528,0.095938735,0.01115606,0.10700002,-0.017321609,-0.0351221,0.7807536,-0.23471949,-0.15272641,-0.29850596,-0.13017847
5236-XMZJY,0,0.15807456,0,0,0,0,0,42,1,0,0,2,2,2,0,0,0,0,0,0,59.65,2536.55,0.043436877,-0.036767054,-0.0021565557,0.011675736,-0.33971226,-0.039966628,-0.038650863,-0.25024638,-0.16838086,-0.067458995,-0.0151610775,0.11938227,-0.023056218,-0.037946656,0.60456973,-0.22202307,-0.14860582,-0.27655363,0.26422182
1709-EJDOX,0,0.011653593,0,0,0,1,1,47,1,0,2,1,1,1,1,1,1,2,0,3,19.75,948.9,0.010668972,-0.056242015,0.009532154,-0.09415009,-0.5722616,-0.008436726,-0.18033597,0.049042005,-0.29431444,-0.092847064,-0.021735359,-0.17855623,-0.026989972,-0.07599428,-1.5218738,-0.09702426,-0.18531533,-0.2887456,0.23438805
4962-CHQPW,0,0.010096533,0,1,0,0,1,29,1,0,2,1,1,1,1,1,1,1,0,3,19.85,535.05,-0.015306057,-0.02982315,-0.009038249,-0.05912887,-0.38501474,-0.0024699857,-0.19732228,0.04909521,-0.35360998,-0.05892314,-0.01979957,-0.16052462,-0.02059573,-0.2375766,-0.8297101,-0.12228579,-0.27684546,-0.64339906,-0.16391332
0301-FIDRB,0,0.0035365985,0,0,0,1,1,72,0,1,0,2,2,2,2,2,2,2,1,0,63.8,4684.3,-0.024311695,-0.05017783,0.012493365,-0.10042139,-1.6392637,0.2659585,0.050997816,-0.087972276,-0.41866663,-0.093426436,-0.02093281,-0.27240425,0.02998659,0.014841293,-1.6934747,0.038718406,-0.1167371,-0.3849304,-0.10209779
1820-TQVEV,1,0.8787821,1,1,0,0,0,1,1,0,1,0,0,0,0,0,0,0,1,2,69.55,69.55,-0.0058266176,-0.024591658,-0.0021083006,0.01673871,0.82676405,-0.020666573,-0.15725234,0.17111318,0.2648423,0.051000945,0.007703442,0.25097543,-0.017399482,-0.010332179,0.8928449,0.098059215,0.16234402,0.067085475,0.45887724
9115-YQHGA,0,0.1007659,0,1,0,0,0,40,1,0,0,0,0,0,2,0,0,0,1,2,51.1,2092.9,-0.02613927,-0.02239241,-0.00064383977,0.022617662,-0.6261151,-0.0614089,-0.1335894,-0.398593,0.16319333,0.027466126,0.012748417,-0.35388464,-0.040346567,-0.0035390134,0.4371759,0.07736984,0.20798342,-0.3380943,-0.08332594
1541-ETJZO,1,0.37428683,0,1,0,0,0,1,1,2,0,0,0,2,2,0,0,0,0,3,62.05,62.05,-0.03684847,-0.039251305,-0.0002541156,0.012053119,0.7361495,-0.021439018,0.10070576,-0.2680332,0.23094434,0.056646768,0.10621931,-0.44144964,-0.030904762,-0.03723319,0.6631202,-0.23476298,-0.04257713,-0.39653975,0.17881012
6230-BSUXY,1,0.87633663,1,0,1,0,0,1,1,0,1,0,0,2,0,0,2,0,1,2,85.0,85.0,0.020978995,0.12627465,-0.011716734,0.02037211,0.9757977,-0.020512149,-0.21544589,0.16332226,0.21448149,0.05774187,0.0027829288,0.14165105,-0.0030766695,0.032700773,0.8593088,0.077416986,0.07177251,0.38980854,0.103753515
6797-LNAQX,1,0.038389307,0,1,0,1,1,70,1,2,1,0,2,0,0,2,2,2,0,0,98.3,6859.5,0.007139098,-0.02289421,0.01668995,-0.0596556,-0.3668394,-0.018694498,0.07777476,0.061398514,0.20468165,-0.14718367,-0.014013373,0.15131874,0.027710348,0.038079184,-1.8460312,-0.23112789,0.033739038,0.18434091,-0.2680382
9588-YRFHY,0,0.008185765,0,1,0,0,0,49,1,0,2,1,1,1,1,1,1,2,1,1,19.9,1022.6,-0.018176211,-0.049959466,0.004571378,0.03574419,-0.34814036,-0.0068303454,-0.20009169,0.046399985,-0.27499506,-0.07639025,-0.009211889,-0.19026358,-0.019041391,-0.093247004,-1.7496532,0.010786679,-0.13144729,-0.66484034,-0.013128299
1092-GANHU,1,0.33234745,0,1,0,0,0,17,1,0,1,0,0,2,0,0,0,0,1,2,76.65,1313.55,0.018192217,-0.01615688,-0.04700611,0.010221897,-0.22159457,-0.0075252536,-0.18078141,0.14812337,0.20767513,0.014663711,-0.015422495,0.14723791,-0.030924678,-0.0145079065,0.68744826,0.11458396,0.20905338,-0.30890203,-0.36274
5951-AOFIH,0,0.1564806,0,1,0,0,0,33,1,0,0,0,2,2,0,2,0,0,1,1,66.4,2245.4,-0.034432817,-0.025863368,-0.0012595574,0.021385325,-0.50399613,-0.077276215,-0.11231198,-0.4046071,0.12596248,-0.04240248,-0.037074324,0.14080025,0.024035797,-0.031652182,0.5799618,0.09845219,-0.17570114,-0.2386201,0.05917361
7029-RPUAV,1,0.49806044,0,1,1,1,0,17,1,2,1,0,0,2,0,2,2,0,1,1,100.45,1622.45,-0.012932318,0.09471751,0.014307178,0.01656042,-0.24492846,-0.016334202,0.14480028,0.14926532,0.0812777,0.05590773,-0.007948783,0.13643761,0.05364018,0.04430563,0.6935407,0.09486278,-0.2523896,0.43087393,-0.43449634
4700-UBQMV,0,0.12578197,0,1,0,1,1,21,1,2,0,2,0,0,0,2,2,1,1,0,75.9,1549.75,0.06943628,-0.012650285,0.09087991,-0.057109755,0.07657832,-0.022591695,0.07016016,-0.16810496,-0.17619376,0.019740077,0.0016985664,0.095172875,0.02670482,0.20471492,-0.65069276,0.09175848,-0.1281674,-0.19577943,-0.22510912
3594-UVONA,1,0.13459747,0,0,0,0,0,35,1,2,0,2,0,2,2,2,2,1,1,1,85.95,3110.1,0.012671135,-0.019015491,0.003128109,0.018310964,-0.2810221,-0.0100749405,0.0091247,-0.12003415,-0.17248558,0.068360046,0.0055804024,-0.14666536,0.04159151,0.1992275,-0.4743359,0.0512718,-0.088866234,0.08104519,0.010507569
7750-EYXWZ,0,0.093406424,0,0,0,0,0,12,0,1,0,0,2,2,2,2,2,1,0,2,60.65,743.3,-0.07838814,-0.039649867,-0.031556323,0.04544553,0.12787901,0.06733227,0.04874951,-0.110865586,0.21853825,-0.12445124,0.005081367,-0.23406737,0.02901018,0.0454991,-0.6431842,-0.24771705,0.07138172,-0.34992966,-0.022616085
7054-ENNGU,0,0.21813978,0,0,0,1,0,9,1,0,0,0,2,0,0,0,0,0,0,3,50.85,466.6,0.010327494,-0.028636348,0.0073355907,0.0153240245,0.29217088,-0.028899364,-0.07729618,-0.2781182,0.22664557,-0.15079418,-0.010123223,0.06917637,-0.038920406,-0.024215909,0.55329823,-0.27232775,-0.10151851,-0.23918083,-0.15156178
0402-OAMEN,0,0.0014081267,0,0,0,1,1,72,1,2,2,1,1,1,1,1,1,2,0,0,24.45,1709.1,-0.0122361425,-0.032129444,0.019492382,-0.048782557,-1.7936106,-0.030583343,0.016809497,0.050140835,-0.40898088,-0.1046056,-0.02163431,-0.20731123,-0.07907125,-0.08418177,-1.6488342,-0.20332086,-0.117663585,-0.5366823,-0.27167392
2195-VVRJF,0,0.19900502,0,1,1,1,0,18,1,0,0,2,0,0,0,0,2,0,1,1,59.1,1011.05,-0.031660017,0.18653308,0.008659893,0.014099514,-0.121370584,-0.044055916,-0.17808405,-0.25257933,-0.13757412,0.049805958,0.014230099,0.13798359,-0.022328923,0.04835687,0.55746245,0.00033000484,-0.11472663,-0.29726595,-0.16111526
8819-ZBYNA,0,0.2801707,0,0,0,1,0,58,1,2,1,2,2,0,2,2,2,2,1,1,109.1,6393.65,-0.026622098,-0.0057729715,-0.0138611,0.052179758,-0.0037592733,-0.0074536935,0.039648376,0.046086058,-0.15181972,-0.11768062,0.0061458996,-0.1503716,0.031537708,0.05472541,-1.1570485,0.041410234,-0.13371317,1.2459308,0.35604987
7748-UMTRK,0,0.5394388,1,0,1,0,1,30,1,2,1,0,0,0,2,2,2,0,1,2,101.3,2974.5,0.010709847,0.08406325,-0.0059267865,-0.13277607,-0.31737646,-0.0046033706,0.1293852,0.1439396,0.21642126,0.105116196,-0.004549348,-0.252077,0.04942441,0.035626825,0.642221,0.07141631,0.11773644,0.49310267,-0.17454499
1741-WTPON,0,0.041299347,0,1,0,1,1,56,1,2,1,2,2,2,2,2,2,2,0,3,115.85,6567.9,0.041759778,-0.015819319,-0.04306523,-0.110075556,-0.42855203,-0.0064215604,0.06617195,0.050623953,-0.2034668,-0.108185634,0.041356888,-0.15018938,0.04630846,0.05614977,-1.402196,-0.06081069,-0.3449929,0.697511,-0.22161265
7209-JCUDS,1,0.79793304,1,1,0,0,0,10,1,0,1,0,0,2,0,2,2,0,1,2,94.9,1048.85,0.0009366153,-0.025182001,0.030136297,0.018448431,0.27197418,-0.003106122,-0.28583923,0.15906373,0.13935971,0.07576604,-0.011553303,0.1275473,0.063854024,0.022175321,0.6712588,0.12542802,0.101494156,0.52425593,0.41663283
2485-ITVKB,1,0.72690874,1,0,0,1,0,2,0,1,0,0,0,0,0,0,2,0,1,2,35.1,68.75,-0.032876212,-0.044479873,-0.042060845,0.041394264,0.4427954,0.08697049,0.19447197,-0.21648024,0.25831833,0.07485011,0.0035526238,0.15992872,-0.04967204,0.078144245,0.7451832,0.1554325,0.14285254,-0.2880252,0.3179203
9648-BCHKM,0,0.018205935,0,0,0,1,1,18,1,2,2,1,1,1,1,1,1,2,1,1,24.65,471.35,0.044726714,-0.03952118,0.003824901,-0.09752926,-0.078014374,0.0020045969,0.102187134,0.030306783,-0.28703228,-0.08249047,-0.009396173,-0.18190643,-0.010106641,-0.061686944,-1.8739356,0.099107094,-0.050403725,-0.47082976,0.02228751
0743-HRVFF,0,0.11256579,0,0,0,1,1,51,0,1,0,0,0,2,2,2,2,1,1,2,56.15,2898.95,-0.11682002,-0.014996268,0.025470447,-0.18854913,-0.38784152,0.064870074,0.08739531,-0.15408047,0.2473479,0.06970583,0.0053108307,-0.3270419,0.028117068,0.08458473,-0.5633865,0.05323304,0.19554314,-0.19551854,0.07108444
2522-AHJXR,0,0.095286086,0,1,0,1,0,60,1,2,1,2,0,2,2,2,2,0,1,0,109.45,6572.85,0.012362665,0.0015745014,-0.007253247,0.029171523,-1.2902138,-0.0077879922,0.095094785,0.085015364,-0.43666235,0.099581346,-0.0013295636,-0.31765208,0.064291485,0.03798627,0.35995662,0.034919154,-0.28109413,0.5828113,-0.26228133
9143-CANJF,0,0.09008836,0,0,0,1,1,24,1,0,0,2,0,0,2,0,0,0,0,2,55.15,1319.85,0.027199438,-0.026377464,-0.049143475,-0.044857882,-0.38588706,-0.020587653,-0.08163548,-0.17034762,-0.21237603,0.05162964,0.010790824,-0.28246447,-0.03713582,-0.009823468,0.5431352,-0.15191817,0.16813663,-0.2821415,-0.30952662
1444-VVSGW,1,0.35616797,0,1,0,1,0,70,1,2,1,2,2,2,2,2,2,1,0,1,115.65,7968.85,0.088905,-0.006635323,-0.060961574,0.06740744,-0.22256847,-0.0060291206,0.100938976,0.051651746,-0.25656095,-0.042267237,0.01029521,-0.007823598,0.02616522,0.15251495,-0.305277,-0.061089054,-0.010011988,0.48248836,0.45604825
6898-MDLZW,0,0.15179749,0,1,0,0,0,12,1,0,0,0,2,0,2,0,0,0,1,3,53.75,648.65,-0.046527974,-0.035396483,-0.0012616019,0.020598833,0.034440707,-0.042822953,-0.13190873,-0.2523254,0.20904619,-0.07199594,-0.002663891,-0.22104433,-0.04471847,-0.020618768,0.5071614,0.098802224,-0.2147231,-0.26993927,-0.18544972
0074-HDKDG,0,0.038481854,0,1,0,1,1,25,1,0,0,2,2,2,0,0,0,1,1,0,61.6,1611.0,-0.0022222418,-0.018309213,0.005160822,-0.03917289,-0.17706594,-0.024072096,-0.08004126,-0.14621437,-0.17674592,-0.038186215,0.015821813,0.0950189,-0.015622779,-0.15529239,-0.87173873,0.07048739,-0.1639433,-0.2991344,-0.14782833
3982-JGSFD,0,0.015052324,0,1,0,0,0,36,1,0,2,1,1,1,1,1,1,1,1,1,20.35,695.85,-0.018332528,-0.018805562,-0.0015486759,0.017534474,-0.45640832,-0.0124605205,-0.22180393,0.043150395,-0.27824795,-0.037971787,-0.007346036,-0.15604843,-0.014274324,-0.26831636,-0.7939199,0.054972276,-0.10933034,-0.7649849,-0.08768779
7928-VJYAB,0,0.49597034,0,1,0,1,1,11,1,0,1,0,0,0,0,2,2,0,0,2,90.6,1020.2,-0.04192486,-0.03493675,0.004120551,-0.06313775,-0.039862458,-0.019891221,-0.16525091,0.12744376,0.23112606,0.115001366,0.012875958,0.100051686,0.045587555,0.01675503,0.6346379,-0.1396456,0.11558567,0.23772867,-0.10315821
1522-VVDMG,1,0.61750233,1,1,0,1,1,7,1,0,1,0,2,0,2,2,0,0,1,2,89.75,608.8,-0.052613623,-0.0030138965,0.00062248437,-0.115331985,0.42958337,-0.0049273614,-0.13542138,0.13829099,0.29702076,-0.095286444,0.010989289,-0.30481398,0.0335711,-0.0034142358,0.7910175,0.10639305,0.08287646,0.4105657,-0.05792183
2665-NPTGL,0,0.6923751,1,0,1,1,0,26,1,2,1,0,0,2,0,2,2,0,1,0,98.1,2510.7,0.016051522,0.09379754,0.0234816,0.020933047,-0.3194708,-0.011611851,0.12438241,0.15890972,0.0690216,0.08179279,-0.007974097,0.14943929,0.05286363,0.056445073,0.72075945,0.101601705,-0.24980836,0.7816636,-0.0018054093
8728-SKJLR,0,0.3042421,0,1,0,0,0,41,1,0,1,0,0,0,2,0,0,0,1,2,74.25,3089.1,-0.055821635,-0.016312025,-0.003388858,0.021603985,-0.44785073,-0.012916243,-0.10008344,0.13733679,0.19017842,0.049964003,0.0129641695,-0.4271987,-0.021953192,-0.013281159,0.5666221,0.084755644,0.22638421,-0.10712381,0.1381676
7733-UDMTP,0,0.38260406,0,0,1,0,0,57,0,1,0,0,2,2,0,2,2,0,1,2,55.0,3094.05,-0.026343761,0.1543869,-0.034712277,0.023389615,-0.57833695,0.075947255,0.115973875,-0.25497806,0.18620634,-0.07520565,0.0015574667,0.18730864,0.02507594,0.033660576,0.5574885,0.09156104,0.1768392,-0.086994916,-0.0021081162
0431-APWVY,1,0.12981236,0,0,0,1,1,28,1,0,1,0,0,0,0,2,2,1,1,0,90.1,2598.95,-0.026297558,-0.008657754,0.002755615,-0.04357964,-0.20978712,-0.0127185425,-0.07486759,0.06329323,0.12619731,0.06158312,0.020011097,0.07869822,0.04217309,0.16111276,-0.8705125,0.07010159,-0.26865348,0.008313585,0.027440716
5081-NWSUP,0,0.102107674,0,0,0,0,0,10,1,0,0,0,2,0,2,0,2,1,0,3,64.9,685.55,-0.032565985,-0.032096785,-0.0034130844,0.01807355,0.16870205,-0.010998277,-0.042029433,-0.11835521,0.3257333,-0.06379305,-0.005326976,-0.21248892,-0.03984913,0.08861379,-0.5500274,-0.17441283,-0.06860039,-0.30775902,-0.06420317
2746-DIJLO,0,0.09080079,0,0,0,0,0,41,1,2,0,0,2,0,0,0,0,1,1,1,56.3,2364.0,-0.0027729236,-0.021850755,0.00037760532,0.015765604,-0.21308869,-0.024750913,0.03145864,-0.1564953,0.2566614,-0.033979196,0.006735853,0.077096745,-0.026699735,-0.15741079,-0.87020624,0.0869328,-0.18692885,-0.20781873,0.17230286
7277-OZCGZ,0,0.26770627,0,0,0,0,0,22,1,0,1,2,0,0,2,0,2,0,1,2,89.05,1886.25,0.035634656,-0.016663954,0.00014299543,0.014147084,-0.09965524,-0.0044328454,-0.12644185,0.093045786,-0.30996507,0.075346835,0.0124592595,-0.3304607,-0.04641507,0.016066592,0.64509946,0.07694245,0.112853095,0.037293375,-0.14206289
5236-PERKL,1,0.18379255,0,0,0,0,0,57,1,2,1,2,2,2,0,2,2,2,1,0,112.95,6465.0,-0.049020324,-0.005692481,0.1337843,0.03288924,-0.14604403,-0.005302105,0.048115555,0.04845836,-0.20451279,-0.100453325,0.0025834495,0.1135511,0.03149512,0.056524105,-1.392481,0.07126241,0.12563108,0.7948857,0.002690138
2788-CJQAQ,0,0.01996719,0,1,0,0,0,13,1,0,2,1,1,1,1,1,1,1,0,3,19.45,270.2,-0.023137039,-0.03552295,-0.009879073,0.011406978,0.055019937,-0.005339629,-0.16535309,0.03439489,-0.35755166,-0.040156063,-0.021553991,-0.114131585,-0.036729883,-0.23947866,-0.83987635,-0.13997233,-0.17369986,-0.5446601,-0.19804941
3096-WPXBT,0,0.089709036,0,0,0,1,1,61,1,2,1,2,2,2,0,0,2,1,1,1,100.7,6018.65,-0.034028154,-0.004916893,-0.04901944,-0.102287844,-0.91773164,-0.012164179,0.070815064,0.053020667,-0.23959845,-0.08320712,0.025648864,0.085118204,-0.12468682,0.14738229,-0.60121953,0.07575186,0.016613968,0.49861127,-0.072069876
9962-BFPDU,0,0.39867142,0,0,0,1,1,1,1,0,2,1,1,1,1,1,1,0,0,3,20.05,20.05,0.021827752,-0.07776227,0.010986824,-0.044968113,0.8633047,-0.016239034,-0.13503699,0.06777582,-0.47727862,-0.03277585,-0.019022312,-0.22343436,-0.0036621974,-0.027586848,0.78231937,-0.20228146,-0.070448935,-0.19955568,0.4220595
2892-GESUL,0,0.01814782,0,0,0,1,1,18,1,0,2,1,1,1,1,1,1,2,0,3,19.35,309.25,0.018531851,-0.049695544,0.02690157,-0.06807152,-0.107157856,-0.00806899,-0.15015578,0.034307916,-0.2961497,-0.08396854,-0.013250656,-0.13021126,-0.025262833,-0.070439145,-1.8273154,-0.080335855,-0.16086738,0.038059406,0.011486373
9741-YLNTD,0,0.8216809,1,1,0,0,0,6,1,2,1,0,0,0,2,0,2,0,1,0,87.95,522.35,-0.04325366,-0.019594068,0.0010508784,0.025815308,0.7669867,-0.008719778,0.2863083,0.13599132,0.3218356,0.079674184,0.01350692,-0.28535023,-0.05706005,0.08289964,0.79296607,0.13622215,-0.09046675,0.42440227,0.013787965
1205-WNWPJ,1,0.32249823,0,0,0,0,0,7,1,0,0,0,0,0,2,2,0,0,1,3,59.5,415.95,0.052055497,-0.025763152,-0.00016732707,0.019302748,0.5149792,-0.021747012,-0.12994477,-0.24371517,0.22885782,0.0532885,-0.010906469,-0.21643703,0.05334274,-0.025967497,0.6114996,0.08068116,-0.07715363,-0.36035952,-0.19493474
3173-NVMPX,0,0.3134959,0,0,0,1,1,9,1,2,0,0,2,0,0,0,0,0,1,3,55.3,501.2,-0.005031039,-0.022036359,-0.05589524,-0.14814545,0.30351174,-0.026322072,0.075900935,-0.28243893,0.24928032,-0.09153354,-0.013220902,0.10750878,-0.026355922,-0.03056901,0.6428043,0.1266869,-0.12138261,-0.224058,-0.19330393
9661-MHUMO,1,0.43401557,0,1,1,1,1,1,1,0,0,0,0,0,2,0,0,0,1,1,49.25,49.25,-0.053875558,0.15742566,0.0016102266,-0.064520136,0.7929703,-0.012145399,-0.11933646,-0.13815868,0.14865504,0.043005016,0.009065154,-0.46670353,-0.016357984,-0.028686311,0.62231946,0.065858535,-0.1528866,-0.17959642,0.17509729
6000-APYLU,1,0.6166477,1,1,0,0,0,9,1,0,1,0,0,0,0,0,2,0,1,2,80.8,713.1,-0.015961148,-0.010412072,-0.013005124,0.015951939,0.2501166,-0.014985273,-0.248809,0.15877067,0.2683175,0.05648117,0.012645714,0.13246873,-0.034017846,0.012334824,0.73587257,0.10900299,0.1389489,0.042019453,-0.07117141
0048-PIHNL,0,0.022095334,0,0,0,1,0,49,1,0,2,1,1,1,1,1,1,1,0,0,20.45,900.9,0.0028490224,-0.03107718,0.008954061,0.016297828,-0.5517512,-0.010118388,-0.1881117,0.052851394,-0.2581759,-0.03785315,-0.019468784,-0.19367978,-0.0140235005,-0.22850753,-0.6941375,-0.07439697,0.08525574,-0.6065079,0.0007806306
9420-LOJKX,1,0.7955076,1,0,0,0,0,15,1,0,1,2,2,0,0,2,2,0,1,1,99.1,1426.4,0.0640448,-0.018526966,-0.005386116,0.009513716,0.061979126,-0.008421999,-0.099836916,0.095096424,-0.0822445,-0.06374146,0.01929153,0.10073368,0.04126513,0.035727993,0.78040814,0.15041289,-0.093009226,1.1260822,0.2942869
7061-OVMIM,0,0.03697595,0,0,0,1,1,30,1,0,2,1,1,1,1,1,1,1,0,0,19.55,608.5,0.023073023,-0.018703608,0.031242006,-0.059575256,-0.16746189,-0.0030026927,-0.16792898,0.05397191,-0.2574565,-0.058900747,-0.02649431,-0.13012436,-0.00669226,-0.17062321,-0.7862432,-0.090954095,0.06169134,-0.34876198,-0.08764015
5671-RQRLP,0,0.11704668,0,0,1,1,0,70,1,2,1,0,0,0,0,0,0,2,1,1,75.65,5411.4,-0.014660316,0.17597781,0.06357607,0.028028633,-0.14030802,-0.00898858,0.11982756,0.045716707,0.24026707,0.22973228,0.013373605,0.08607149,-0.027053941,-0.05870077,-1.4604118,0.054733112,-0.12846434,-0.37631902,0.18612848
5129-JLPIS,0,0.68093115,1,1,0,0,0,25,1,0,1,2,0,2,2,2,2,0,1,2,105.5,2686.05,-0.06176325,-0.01698412,-0.0051084226,0.017518135,0.0191451,-0.0063730497,-0.1492563,0.09688621,-0.12775636,0.09520422,0.025296856,-0.29872358,0.050703835,0.009962989,0.573828,0.061395872,0.10406489,1.1892663,0.22997263
5170-PTRKA,0,0.021328488,0,0,0,1,1,49,0,1,0,2,0,0,2,0,0,1,1,1,35.8,1782.0,-0.0121938195,-0.01591356,0.015011281,-0.18072061,-0.4301393,-0.023047388,0.07904628,-0.10483841,-0.21669796,0.042931013,-0.0031420188,-0.23171653,-0.029194536,-0.114678666,-0.7894488,-0.0077974275,-0.1511964,-0.38321108,-0.21997856
4819-HJPIW,0,0.14951839,0,1,0,0,0,18,0,1,0,0,0,0,0,0,0,0,0,3,25.15,476.8,0.0056124646,-0.060515575,-0.029933069,0.018377984,-0.29075742,0.1253951,0.083802715,-0.25127116,0.22034885,0.078750364,-0.0049293293,0.12401157,-0.05086267,-0.055933256,0.45421726,-0.2869014,-0.26685667,-0.49509495,-0.0066187773
8780-RSYYU,0,0.04447121,0,0,0,0,0,25,1,0,2,1,1,1,1,1,1,0,1,1,19.2,532.1,0.05427367,-0.021805195,-0.0036789244,0.02677215,-0.4963598,-0.010635864,-0.23642375,0.06442183,-0.34989434,-0.060571115,-0.012769095,-0.3050656,-0.010728632,-0.050205328,0.5933898,0.36328036,-0.14562932,-1.2853217,-0.13124663
2335-GSODA,0,0.01898863,0,1,0,0,1,23,0,1,0,2,0,2,2,0,0,2,0,3,40.1,857.75,-0.000113896676,-0.0388252,0.02216369,-0.092850044,-0.34390527,0.03472232,0.07175538,-0.07183847,-0.23998883,0.18131928,0.048613712,-0.16285796,-0.022664199,-0.08027642,-1.5907019,-0.06447212,-0.16903663,-0.39764106,0.02107969
5696-CEIQJ,0,0.035510447,0,1,0,1,1,67,1,0,1,0,2,2,2,2,2,2,0,0,103.15,6895.5,0.051402796,-0.02148182,-0.011555319,-0.1681179,-0.16855372,-0.006527979,-0.091977365,0.05637091,0.14689884,-0.11379304,-0.004856945,-0.1686563,0.022610998,0.0056994515,-1.9032283,-0.118389495,0.021412732,0.20547393,0.014722235
6169-PPETC,0,0.009961049,0,1,0,1,1,35,1,0,2,1,1,1,1,1,1,2,0,0,20.5,759.35,-0.024112811,-0.048030414,0.0035454838,-0.084842734,-0.3593434,-0.007935991,-0.20246436,0.050647944,-0.26234186,-0.095948905,-0.0050959634,-0.16941726,-0.017646791,-0.08637845,-1.5636764,-0.090794824,-0.011814426,-0.61373836,0.039552867
4237-RLAQD,1,0.58567756,1,1,0,0,0,1,1,0,0,0,0,0,0,0,0,0,1,3,45.85,45.85,-0.006931063,-0.048694003,0.00063671754,0.011807633,0.851923,-0.041338757,-0.13434193,-0.28398585,0.24366435,0.043269765,-0.008911349,0.15773551,-0.025163203,-0.022455864,0.7124329,0.09812932,-0.1306367,-0.28583458,0.26404458
7359-WWYJV,0,0.009487035,0,1,0,1,0,72,1,2,1,2,2,2,2,2,2,2,0,1,114.45,8375.05,0.08800404,-0.016723074,-0.013067363,0.027430253,-1.3935736,-0.027708268,0.09392613,0.04794678,-0.3892364,-0.10251925,-0.0010235435,-0.13728592,0.035918165,0.024013171,-2.1241992,-0.16286075,-0.097495355,0.3595826,0.18980142
8620-RJPZN,0,0.38615254,0,0,0,0,0,1,1,0,2,1,1,1,1,1,1,0,0,2,20.7,20.7,0.059549473,-0.06673499,-0.0048443708,0.024834411,0.78161603,-0.008036061,-0.15570715,0.06572426,-0.46947977,-0.030656187,-0.0052408315,-0.2564592,-0.0046780594,-0.038909473,0.76531833,-0.19658327,0.055745415,-0.517827,0.58808005
7426-WEIJX,0,0.16644639,0,1,1,1,1,60,1,2,1,2,0,0,0,0,0,0,1,2,80.95,4859.1,0.027568037,0.12764497,-0.020080881,-0.10005814,-1.1060629,-0.018209875,0.071421936,0.09798179,-0.4642703,0.08690013,0.021653378,0.17256446,-0.12680136,0.008132566,0.6135649,0.05358919,0.27024686,-0.08079816,-0.19678622
7629-WIXZF,0,0.10850391,0,0,0,0,0,7,1,0,0,2,0,0,0,0,2,1,1,2,59.1,369.25,-0.046420746,-0.013783826,0.00050783774,0.013357412,0.26904652,-0.015612248,-0.11669947,-0.104684345,-0.26647002,0.052208994,-0.0034662408,0.09561815,-0.030960433,0.15910727,-0.7720365,0.071122125,0.12567875,-0.44291314,-0.030489502
2616-FLVQC,0,0.012778068,0,1,0,0,0,64,1,0,2,1,1,1,1,1,1,2,0,3,19.55,1240.15,0.001637666,-0.045616396,-0.015530623,0.03920849,-0.3285962,-0.007812875,-0.16311063,0.042271268,-0.30248162,-0.12531999,0.001836788,-0.1561019,-0.06269342,-0.068304904,-1.6632458,-0.16049922,-0.07178783,-0.19890547,-0.012887061
9163-GHAYE,0,0.2176751,0,0,0,0,0,15,1,0,0,0,2,0,0,0,0,0,0,2,48.85,736.8,0.004296588,-0.022687994,-0.002896279,0.017609635,0.00018459349,-0.05289828,-0.104493685,-0.3095737,0.17165287,-0.15382908,0.012196167,0.07081283,-0.02001011,-0.01974558,0.50744134,-0.31501198,0.18498358,-0.12768596,-0.07038618
4464-JCOLN,1,0.02949265,0,1,0,1,1,2,1,0,2,1,1,1,1,1,1,1,0,3,19.85,35.9,-0.027391883,-0.056714315,0.030872695,-0.0395219,0.37080863,-0.02182355,-0.17185336,0.021430394,-0.3812992,-0.050128374,-0.028393863,-0.16870724,-0.0125366235,-0.16791259,-0.9237907,-0.1425845,-0.16507144,-0.516526,0.006691482
2971-SGAFL,0,0.31856072,0,0,0,0,0,13,1,2,0,2,0,2,0,2,2,0,1,2,78.75,995.35,-0.002813816,-0.033468224,-0.0027986178,0.03457152,0.0077832313,-0.030860282,0.14787544,-0.24067318,-0.34422168,0.08599637,0.0019494119,0.11480893,0.043608345,-0.017046696,0.6435741,0.077102214,0.11395431,-0.115893796,-0.19461669
4735-ASGMA,1,0.7660379,1,1,0,0,0,26,1,2,1,0,0,2,0,2,2,0,1,2,98.35,2515.3,0.00614738,-0.020860184,-0.011861493,0.021900874,-0.30622214,-0.010924265,0.17149961,0.18087168,0.12371469,0.090648994,-0.00043736908,0.16943121,0.05431501,0.03693104,0.68786424,0.15269552,0.15109573,0.7004047,0.038082223
5245-VDBUR,0,0.056819536,0,0,0,1,0,52,0,1,0,2,0,2,0,0,0,1,0,3,35.45,1958.95,-0.01375312,-0.040658195,0.11412632,0.0372684,-0.3173965,0.19578911,0.068384126,-0.118014015,-0.2827354,0.028672257,0.07516169,0.092580184,-0.04253625,-0.072285034,-0.8081649,-0.124700464,-0.08371438,-0.35486972,-0.11330581
1493-AMTIE,1,0.29434443,0,1,0,0,0,1,1,0,2,1,1,1,1,1,1,0,1,0,20.2,20.2,-0.069638565,-0.058577303,-0.015313624,0.017069131,0.7983217,-0.013810591,-0.22157982,0.054008674,-0.43559477,-0.067171656,-0.00092223834,-0.35533074,-0.004672833,-0.030157924,0.75597024,0.1275215,-0.23603553,-0.15857387,0.08933715
1112-CUNAO,1,0.5397319,1,0,1,0,0,15,1,2,1,0,2,0,0,0,2,0,0,2,89.85,1424.95,-0.010560978,0.17926688,-0.016935648,0.01794504,-0.08367379,-0.0110105,0.0955559,0.14637637,0.24301355,-0.117786184,0.003934648,0.06966206,-0.041921426,0.06092121,0.68400246,-0.35064417,0.10848256,0.24850656,-0.016645424
7571-YXDAD,1,0.6190605,1,0,0,0,0,2,1,2,1,0,0,0,0,0,0,0,0,1,74.9,147.15,-0.0034374835,-0.023105893,-0.003156252,0.012295277,0.60756737,-0.004762124,0.1943233,0.13683012,0.2622539,0.096766524,0.008599154,0.12125889,-0.024911668,-0.049793873,0.8147631,-0.3208793,-0.04364728,-0.17064472,-0.07553051
8714-EUHJO,1,0.43748888,0,0,0,1,1,31,1,2,1,0,2,0,0,0,2,0,1,2,91.15,2995.45,-0.007961428,-0.014770562,0.0036012216,-0.1266966,-0.45528567,-0.019603932,0.11719585,0.16596442,0.23892388,-0.09286472,0.001896811,0.12981614,-0.0344916,0.033101186,0.66864216,0.1270098,0.14695315,0.044703685,-0.12826796
9040-KZVWO,0,0.033702686,0,1,0,0,0,26,1,0,1,0,2,0,0,0,0,1,0,0,75.5,2018.1,0.02822647,-0.02024082,-0.030244183,0.008384519,-0.18638942,-0.008794306,-0.084236234,0.06709955,0.11903246,-0.046285797,0.015673902,0.0869467,-0.027777897,-0.16781266,-0.97237986,-0.20581119,-0.29444262,-0.3093378,-0.27827942
6713-OKOMC,0,0.1405776,0,0,0,0,0,10,0,1,0,2,0,0,0,0,0,0,0,3,29.75,301.9,-0.0061917827,-0.065203935,-0.02988761,0.025176074,0.02443794,0.07825332,0.06994759,-0.1778894,-0.39106542,0.091555834,-0.0062090326,0.10209629,-0.058522664,-0.057012912,0.6386488,-0.25181484,-0.31098208,-0.33348158,-0.103130125
8749-CLJXC,0,0.4233679,0,1,0,0,0,1,1,0,2,1,1,1,1,1,1,0,0,3,20.05,20.05,-0.019426227,-0.07977657,-0.0047941008,0.012276214,0.84129655,-0.009318287,-0.15189055,0.06675082,-0.4829236,-0.02544185,-0.017138695,-0.22130407,-0.0060235,-0.0011911805,0.7798584,-0.2138391,-0.07255677,-0.09450029,0.44020525
4713-LZDRV,1,0.7623224,1,0,1,0,0,2,1,0,1,0,0,0,0,0,2,0,1,2,79.6,195.05,0.01779814,0.09178782,-0.015617213,0.014587286,0.5850191,-0.012749035,-0.22771168,0.11342118,0.23420855,0.050980747,0.0049904697,0.0988861,-0.01711735,-0.008459725,0.80427617,0.07987227,0.11580338,0.33782026,-0.053116634
6598-RFFVI,1,0.014375551,0,1,0,0,0,2,1,0,2,1,1,1,1,1,1,1,0,1,19.3,28.3,-0.0295679,-0.04279639,-0.020891799,0.011111199,0.061592814,-0.005188209,-0.16898616,0.03000395,-0.35266042,-0.034824662,-0.013831627,-0.18002379,-0.0045775436,-0.18685217,-0.9091202,-0.11502552,-0.25896347,-1.0670587,0.109138995
7470-MCQTK,1,0.43407738,0,0,0,1,0,13,0,1,0,0,0,2,0,2,2,0,1,0,48.75,633.4,-0.0014343761,-0.020836333,0.00086977746,0.066934235,0.029152812,0.13699524,0.15666078,-0.23855442,0.16920839,0.08769654,-0.006207414,0.10751305,0.051868618,0.07828599,0.5757629,0.12602569,-0.26155823,-0.28238627,0.00799383
5524-KHNJP,0,0.12618737,0,1,0,1,1,33,1,0,0,2,0,2,0,2,2,1,0,1,74.75,2453.3,-0.0028505342,-0.02467008,0.007340018,-0.038940955,-0.21448629,-0.024761735,-0.07072255,-0.15713225,-0.12957901,0.051564153,-0.01089104,0.07617346,0.025425099,0.20260009,-0.48578602,-0.1604079,-0.081841305,-0.024244182,0.17733847
1707-HABPF,0,0.054189883,0,0,1,0,0,46,1,0,1,0,2,2,0,2,0,1,1,0,91.3,4126.35,-0.0017475663,0.13930182,0.0021162112,0.022500293,-0.2873405,-0.006582503,-0.13817178,0.05359777,0.10904791,-0.03858099,-0.014573084,0.077766396,0.036168877,-0.22251925,-1.078829,0.046272494,-0.31188,0.047051817,-0.24392165
4581-LNWUM,0,0.39308608,0,0,0,0,0,13,0,1,0,0,0,2,0,2,2,0,0,2,49.15,649.4,-0.018769387,-0.055289265,-0.0324474,0.03147484,0.007855425,0.11317249,0.11052511,-0.24172568,0.17927237,0.1221051,-0.0005789171,0.08966781,0.046636727,0.05692278,0.54356885,-0.3482776,0.17290327,-0.1591643,-0.0029847785
9710-ZUSHQ,1,0.20383683,0,0,1,0,0,37,1,2,1,2,2,0,0,2,2,0,1,0,106.75,4056.75,0.019808957,0.13756484,0.0054742694,0.0356215,-0.31841114,-0.0075559877,0.051429708,0.08773302,-0.44004932,-0.09553307,0.0054425104,0.06733925,0.0404571,0.039323706,0.46159562,0.07781307,-0.16871482,0.31542844,-0.62802666
1697-LYYYX,0,0.0073449328,0,0,0,1,1,61,1,0,2,1,1,1,1,1,1,1,0,1,19.1,1143.8,-0.016879428,-0.02068073,0.015475058,-0.056648195,-0.5774089,-0.0026874694,-0.16163872,0.046122044,-0.27793294,-0.073717274,-0.010607282,-0.20791031,-0.004411084,-0.18255661,-0.7533885,-0.3736699,-0.058908198,-1.4215636,0.28186417
4013-GUXND,0,0.36478215,0,1,0,0,0,1,1,0,2,1,1,1,1,1,1,0,0,3,20.8,20.8,-0.062396515,-0.07977657,-0.0047941008,0.02189952,0.8481402,-0.0097032245,-0.17802006,0.066348165,-0.4829236,-0.010068806,-0.017138695,-0.27811122,-0.0060235,-0.024473557,0.7371423,-0.19312917,-0.034744654,-0.3869648,0.5892958
5022-JNQEQ,0,0.5024753,1,0,0,1,1,9,1,0,1,0,0,0,2,0,0,0,1,2,75.85,647.5,0.03883937,-0.0044360873,0.07445548,-0.0753333,0.3099139,-0.004374806,-0.091886215,0.12035906,0.26043722,0.06496323,0.013611504,-0.35501555,-0.026642144,-0.01581973,0.73711634,0.08417256,0.14530839,-0.07116815,-0.145374
4983-CCWMC,0,0.4931259,0,1,0,0,0,3,1,0,1,0,0,0,0,0,0,0,1,3,69.6,207.4,-0.009175364,-0.032463018,-0.0021083006,0.010371402,0.48582888,-0.013194929,-0.19585909,0.13227274,0.27240533,0.043133352,-0.008757358,0.14023489,-0.027287383,-0.020636678,0.73557943,0.097055666,-0.1053237,-0.283715,-0.19663331
6345-FZOQH,0,0.004677547,0,1,0,1,0,69,1,0,2,1,1,1,1,1,1,2,0,3,19.9,1363.45,0.002094189,-0.031268194,0.05779695,0.05014287,-0.6659975,-0.02204974,-0.23757228,0.048191786,-0.31280613,-0.076708615,-0.013099248,-0.1726756,-0.050137587,-0.0880088,-1.7222303,-0.10689034,-0.2382368,-0.52463806,-0.2069735
0962-CQPWQ,0,0.004792123,0,0,0,1,1,62,1,0,2,1,1,1,1,1,1,2,0,0,20.3,1296.15,-0.0016054548,-0.037811738,0.0059063304,-0.07195537,-0.7197252,-0.006904483,-0.15644956,0.051341467,-0.24935849,-0.11052579,0.002321477,-0.17885478,-0.063924775,-0.05884729,-1.6737546,-0.07325015,-0.22403441,-0.60936606,-0.10995319
5495-GPSRW,0,0.009592884,0,1,0,0,0,20,1,0,2,1,1,1,1,1,1,2,1,3,19.7,419.4,-0.013325687,-0.051406942,-0.0028575924,0.027480302,-0.1882529,-0.014156562,-0.19953853,0.034527563,-0.3134593,-0.07633634,-0.013071014,-0.17886443,-0.027423201,-0.08633162,-1.8653705,0.05661985,-0.18313609,-0.36565173,-0.12731509
2252-JHJGE,0,0.23818405,0,1,0,0,0,61,1,2,1,2,0,2,0,2,2,1,0,2,104.0,6363.45,0.06399528,-0.007690652,0.10313317,0.033294857,-0.703177,-0.008351296,0.09057517,0.054933645,-0.28837562,0.10565693,0.009689913,0.057654455,0.06412742,0.11831875,-0.5236441,-0.30946076,0.24417466,0.7465996,0.035109572
7356-AYNJP,0,0.07571139,0,0,0,0,0,4,1,2,2,1,1,1,1,1,1,1,0,2,23.9,97.5,-0.012797906,-0.034545638,-0.002759121,0.01788427,0.27105287,-0.01222957,0.13960965,0.021295723,-0.3421325,-0.06257158,-0.021170383,-0.15051487,-0.004485546,-0.10137976,-0.7775395,-0.14329349,0.11360788,-0.2903013,-0.06059939
2019-HDCZY,0,0.05867525,0,1,0,1,0,63,1,2,1,0,0,2,0,2,2,2,0,2,102.6,6296.75,0.046847377,-0.017055308,-0.041154034,0.019713642,-0.68529767,-0.0236929,0.09909689,0.06451645,0.25890812,0.25362405,0.002502086,0.12389804,0.04643849,0.0180689,-1.9488276,-0.31240103,0.2348659,0.019506034,0.1143978
8582-KRHPJ,0,0.099924706,0,1,0,0,0,50,0,1,0,2,2,0,0,0,0,0,1,3,35.0,1782.4,0.0014197957,-0.049271494,-0.04621488,0.04902917,-0.63801366,0.10361356,0.08334529,-0.23206691,-0.39020598,4.1562045e-05,-0.0063234977,0.19220465,-0.047697823,-0.040615793,0.60543156,0.08802982,-0.31148794,-0.35236955,-0.1576839
2867-UIMSS,1,0.8204091,1,1,0,0,0,1,1,0,1,0,0,0,0,0,2,0,0,2,80.5,80.5,-0.020283664,-0.031777598,-0.012837452,0.017261073,0.93613154,-0.011194304,-0.16223446,0.16595292,0.28492305,0.084000565,0.00797094,0.16888385,-0.0077853464,0.014292625,0.8396595,-0.18512473,0.12130411,0.25426623,0.10493889
3487-EARAT,0,0.08421566,0,0,0,1,1,70,1,0,0,2,2,2,2,0,2,1,0,1,74.1,5222.3,-0.05126292,-0.025116501,0.009928552,-0.04896661,-0.48288202,-0.008727796,-0.115322515,-0.11432706,-0.13227051,-0.05064046,0.019488972,-0.14710556,-0.010795625,0.15300632,-0.32956186,-0.10379728,-0.047332812,-0.071849294,0.22036003
9926-PJHDQ,0,0.049525607,0,0,0,1,1,72,1,2,0,0,0,2,0,2,2,2,1,0,76.8,5468.45,-0.035176184,-0.036841962,0.067758664,-0.04388438,-1.0255389,-0.0460108,0.07784344,-0.17670086,0.5753794,0.27614444,-0.03604323,0.30103198,0.03983168,0.0531207,-1.2964756,0.0730883,-0.17757097,-0.39949837,-0.09570295
0289-IVARM,0,0.1349755,0,0,0,0,0,35,1,0,0,2,2,2,0,0,0,0,0,2,60.55,1982.6,0.01423853,-0.0304588,-0.0023216065,0.013098089,-0.41548297,-0.034504443,-0.07611311,-0.23604405,-0.19185078,-0.08177117,-0.015802672,0.12804323,-0.023298694,-0.00093639485,0.55076426,-0.24033679,0.15801094,-0.24726288,-0.07641025
4672-FOTSD,0,0.23166712,0,1,0,0,0,12,1,2,0,2,2,0,2,0,0,0,1,2,67.25,832.3,-0.030824574,-0.034558322,-0.0009822517,0.039737973,0.116266996,-0.027811753,0.11697936,-0.1566533,-0.32865557,-0.08826737,0.0059051,-0.28605738,-0.030325178,-0.021196853,0.63424355,0.12257633,0.17408329,-0.31237996,-0.041776426
6198-PNNSZ,0,0.33668467,0,0,0,1,0,56,1,2,1,2,2,2,0,2,2,1,0,0,109.8,6109.65,-0.02378197,-0.0008572582,0.011522318,0.056707207,-0.14493145,-0.0069733327,0.044708304,0.049078632,-0.14766079,-0.075035356,0.0070702448,0.021437403,0.0424123,0.15850738,-0.40583357,-0.16699855,-0.11933646,0.7856088,0.2854783
7603-USHJS,1,0.41833898,0,1,0,0,1,12,1,2,1,0,0,0,0,0,0,0,1,1,73.75,871.4,-0.0035397548,-0.018567985,-0.0024533817,-0.14259477,-0.056217358,-0.01687721,0.10080707,0.12775727,0.20201261,0.05453455,0.0097452,0.14891791,-0.035998046,-0.05666051,0.67840785,0.11148442,-0.1816081,-0.1806176,-0.018902114
6784-XYJAE,0,0.103181355,0,0,0,0,0,36,1,2,0,0,0,2,0,0,0,1,0,2,55.8,1941.5,-0.005440609,-0.028562503,-0.000227823,-0.008864682,-0.32949018,-0.01501678,0.055860855,-0.18509883,0.33336568,0.04902513,-0.0012907445,0.10123334,-0.028211232,-0.031217316,-0.72362643,-0.20312585,0.30064029,-0.2546258,-0.13846616
3858-XHYJO,0,0.3231972,0,0,0,1,0,40,1,2,1,2,0,2,0,2,2,1,0,0,105.75,4228.55,-0.01230484,-0.04380121,0.010986579,0.023096971,-0.017066985,-0.006994277,0.07019459,0.053145733,-0.14141637,0.07011262,0.035911635,0.015143056,0.0457081,0.17659251,-0.57049376,-0.1658438,-0.15529072,1.0966002,-0.17417154
1087-UDSIH,1,0.17398576,0,0,0,0,0,3,1,0,2,1,1,1,1,1,1,0,1,3,19.6,59.75,0.04468231,-0.05140285,-0.009072843,0.017690321,0.41460577,-0.014854859,-0.19303091,0.046067994,-0.5797092,-0.056611814,-0.018011855,-0.35469753,-0.013259929,-0.034332734,0.6768909,0.111220695,-0.021050047,-0.49856907,0.025032045
7251-LJBQN,0,0.3138445,0,0,1,0,0,40,1,2,1,0,0,2,2,2,2,1,1,1,103.75,4188.4,-0.0483134,0.09953936,0.0037861017,0.035628356,-0.09901414,-0.0051944223,0.08846916,0.047593966,0.06464854,0.087299906,0.00024094108,-0.090406515,0.044349574,0.15840589,-0.732766,0.06261882,-0.20718315,0.80190533,-0.044589393
3200-MNQTF,0,0.04124529,0,1,0,1,0,67,1,2,0,2,2,2,2,0,0,2,0,1,70.9,4677.1,-0.00074942014,-0.045850255,0.0036896043,0.04598804,0.025995348,-0.016999511,0.05766363,-0.10518827,-0.17738923,-0.12330347,-0.0052859695,-0.16836011,-0.065192595,-0.020339543,-1.342299,-0.067865774,-0.012610576,-0.3235728,0.24479619
9359-UGBTK,0,0.081047244,0,0,0,0,0,67,1,0,0,2,0,2,2,0,2,1,1,0,72.35,4991.5,-0.07106533,-0.024042461,0.0017549209,0.014614643,-0.40148288,-0.011239797,-0.09537524,-0.10938157,-0.16240296,0.05568112,-0.0077771926,-0.16989854,-0.0193668,0.1622407,-0.3690339,0.03370181,-0.043329153,-0.2391456,0.07657045
8160-HOWOX,0,0.3835911,0,0,0,0,0,7,1,0,0,0,0,0,0,2,2,0,1,2,66.85,458.1,0.02074294,-0.012897122,-0.0023762314,0.017500417,0.35599178,-0.024771042,-0.19916822,-0.30957198,0.2063895,0.062043875,0.011945228,0.10940194,0.03182442,0.02122942,0.6240865,0.09525203,0.13731581,-0.3622279,-0.20781918
0258-NOKBL,0,0.5510053,1,1,0,0,0,3,1,0,1,0,2,2,0,0,2,0,0,2,90.4,268.45,-0.02304177,-0.02361455,0.00021564383,0.01501393,0.45948923,-0.0083464375,-0.1812822,0.1695804,0.28477564,-0.16557586,0.0034551455,0.08553543,-0.019905586,0.0015196751,0.72747266,-0.3300408,0.06192746,0.33175817,-0.13497734
2800-QQUSO,0,0.7200736,1,1,0,0,0,42,1,2,1,0,0,0,2,2,2,0,1,2,100.3,4222.95,0.00093320245,-0.024498517,-0.0065414817,0.032466054,-0.21725486,-0.012962517,0.18005629,0.15089111,0.20462692,0.086056784,0.007107719,-0.20047791,0.05396741,0.031329278,0.6372773,0.12902096,0.24775738,0.6573771,0.036919884
2129-ALKBS,0,0.10458784,0,0,0,1,1,40,1,2,2,1,1,1,1,1,1,0,1,2,26.2,1077.5,-0.02233248,-0.033434737,0.008179941,-0.14402398,-0.44285536,3.922684e-05,0.114590004,0.076511756,-0.48829505,-0.13230936,-0.020081878,-0.4171748,-0.003240444,-0.0346132,0.5621056,0.10132091,0.124817975,-0.6492695,0.30203432
9972-VAFJJ,0,0.135891,0,0,1,1,0,53,1,0,1,0,2,2,2,2,0,1,1,2,94.0,4871.45,-0.029525688,0.16891016,0.003440984,0.03581817,-0.422856,-0.022572879,-0.19043519,0.06265645,0.15875663,-0.06770517,-0.0040916717,-0.20391965,0.053326342,-0.1941863,-0.6823609,0.052863598,0.26076508,0.35135037,-0.13085489
4693-VWVBO,0,0.14513154,0,0,0,0,0,3,1,0,2,1,1,1,1,1,1,0,0,2,19.55,61.05,0.042789903,-0.04700429,-0.0102861775,0.018201726,0.32399693,-0.009848714,-0.16602921,0.04569322,-0.54511476,-0.10154579,-0.0056810034,-0.29435202,-0.004773252,-0.043810066,0.6416017,-0.2424052,0.15632147,-0.47157976,-0.010256358
6969-MVBAI,0,0.8209642,1,0,1,0,0,9,1,2,1,0,0,2,0,2,0,0,1,2,90.1,816.8,-0.014937779,0.13397844,0.0011632459,0.041061293,0.27141926,-0.016015781,0.19285761,0.17026822,0.29637316,0.06207625,0.0063299984,0.106315136,0.061698604,-0.050985124,0.848323,0.1250738,0.09816959,0.2297974,0.0091521535
4821-WQOYN,0,0.0015551909,0,0,0,1,1,72,1,0,2,1,1,1,1,1,1,2,1,1,20.1,1326.25,-0.016974175,-0.030873131,0.04795531,-0.057796843,-1.8033402,-0.018805988,-0.19664672,0.045274626,-0.40564218,-0.0832611,-0.022426192,-0.20546082,-0.080050796,-0.07174213,-1.8326772,0.060931657,-0.21780139,-0.44992366,-0.076113656
6769-DYBQN,1,0.37386316,0,1,1,0,0,46,1,0,1,2,0,0,0,0,2,0,0,2,85.0,3969.4,0.034255855,0.28516778,-0.013729125,0.02339659,-0.33239782,-0.017256271,-0.12978175,0.11517438,-0.30549312,0.13593759,0.010328076,0.14151698,-0.0047456278,0.086871326,0.63349193,-0.044555277,0.07574071,0.21942686,-0.3798025
4018-PPNDW,0,0.012751328,0,0,0,1,1,61,1,2,2,1,1,1,1,1,1,2,1,3,24.1,1551.6,-0.012932476,-0.03920568,0.0033839962,-0.10198394,-0.60777944,7.633818e-05,0.113990344,0.046365872,-0.31346965,-0.07260053,-0.01782023,-0.20093523,-0.060180835,-0.0053683026,-1.714403,0.03910252,-0.08576497,-0.2894432,0.018908244
6288-CHQJB,0,0.010302848,0,0,0,1,1,54,1,0,0,2,0,2,2,0,2,2,0,0,69.95,3871.85,-0.0069879224,-0.03489259,-0.0012733848,-0.082246415,-0.25657368,-0.011453094,-0.10778568,-0.15782322,-0.1554056,0.19009595,-0.015412297,-0.15904987,-0.041026007,0.024630949,-1.6304747,-0.07975689,-0.078701824,-0.43349376,-0.47812346
4905-JEFDW,1,0.23381367,0,1,0,0,0,11,0,1,0,0,0,2,0,2,0,1,1,2,41.6,470.6,0.046165105,-0.018264841,-0.017656464,0.056463633,0.10321115,0.10158138,0.10516411,-0.11751323,0.41670778,0.059505504,0.006086369,0.11732207,0.034609,-0.23561385,-0.9152754,0.11273429,0.18780056,-0.21402435,0.033321213
0559-CKHUS,0,0.013536331,0,0,0,1,0,29,1,0,2,1,1,1,1,1,1,2,1,3,19.55,521.8,0.01762444,-0.04884829,0.028344337,0.035445146,-0.21225402,-0.020654459,-0.17513093,0.04842252,-0.3017063,-0.07950233,-0.010948531,-0.14801396,-0.033896808,-0.07056501,-1.7511448,0.05304341,-0.14405021,-0.40290126,-0.022787228
2659-VXMWZ,1,0.13548447,0,1,0,1,1,67,1,2,1,2,2,2,0,2,2,1,1,2,111.3,7482.1,0.1210143,-0.010290394,-0.03941597,-0.24308881,-0.3168775,-0.014609933,0.05392143,0.062438976,-0.32547784,-0.040058684,0.019893203,0.00076727744,0.017613472,0.13023408,-0.5574623,0.0597143,0.07185905,0.03543321,0.17030516
6559-RAKOZ,0,0.3127839,0,1,0,1,1,49,1,2,1,0,0,0,2,2,2,1,1,2,97.95,4917.9,0.08734485,-0.017905341,0.0075925454,-0.13239707,-0.45701295,-0.004720901,0.15625148,0.07556734,0.2384156,0.14862163,0.0037713225,-0.24400182,0.048317224,0.13686566,-0.50401145,0.13103592,0.22301526,0.5526774,-0.18733779
8809-XKHMD,0,0.0046369755,0,1,0,1,0,72,1,2,1,2,2,0,2,0,2,2,1,0,100.55,7325.1,0.1015685,-0.031035114,0.012016432,0.009029094,-1.8226814,-0.02850676,0.052313726,0.046911355,-0.42707402,-0.14703915,0.062277514,-0.2204137,-0.104384795,0.017322185,-1.966292,0.066938594,-0.033385146,0.13631627,-0.04370108
6365-HITVU,0,0.0021890556,0,0,0,1,1,71,1,0,0,2,2,2,2,2,2,2,0,1,87.25,6328.7,-0.006299853,-0.035953492,0.003396471,-0.03868611,-1.6206865,-0.04064687,-0.12693506,-0.11312897,-0.38749003,-0.14042242,-0.046820737,-0.17219375,0.02706038,0.0038744227,-1.7344478,-0.14313255,-0.12625597,-0.35864502,-0.0154517405
0134-XWXCE,0,0.0969911,0,0,1,0,0,44,1,0,0,0,0,2,2,2,2,1,0,0,74.85,3268.05,-0.018904323,0.18618399,-0.0014367834,0.0149912415,-0.30816826,-0.016623683,-0.025965856,-0.13904871,0.046354234,0.038932633,-0.010687515,-0.19387132,0.019160427,0.15713796,-0.5797616,-0.09122947,-0.21063231,-0.1989177,0.15059917
9720-JJJOR,0,0.068484634,0,1,0,1,1,41,1,0,0,2,2,2,0,0,0,1,1,0,60.3,2511.3,-0.02620645,-0.023367632,0.00408007,-0.04772496,-0.254648,-0.023827814,-0.050752673,-0.15182897,-0.16125467,-0.038777325,0.015821813,0.08099182,-0.017351275,-0.15583135,-0.71661216,0.07063055,-0.20572957,-0.09644638,0.23785733
2782-LFZVW,0,0.26776326,0,0,0,0,0,11,1,2,0,0,0,0,0,0,2,0,1,3,58.95,601.6,-0.0019071905,-0.045821086,-0.0028988253,0.029399682,-0.05611161,-0.060114603,0.15365593,-0.34963942,0.20858532,0.063161835,-0.0045381337,0.08682407,-0.052160874,0.092817724,0.54428345,0.12566635,-0.21155356,-0.41114292,-0.06528118
6112-KTHFQ,0,0.07945487,0,0,0,0,0,13,1,0,2,1,1,1,1,1,1,0,1,3,19.3,279.3,0.04681749,-0.040284444,-0.010213034,0.024233576,-0.108382985,-0.012966868,-0.18438785,0.055076603,-0.49491844,-0.05525982,-0.012182442,-0.25486553,-0.032230154,-0.043458037,0.6348205,0.12625419,-0.1443407,-0.7271812,-0.16708215
9220-ZNKJI,0,0.08119579,0,0,1,1,0,55,1,0,1,0,0,2,2,2,0,2,0,1,88.8,4805.3,0.0016588224,0.41020685,-0.0035744612,0.020540377,-0.39035738,-0.009504532,-0.114605874,0.038415663,0.18968761,0.1400441,-0.021825237,-0.17230691,0.011044703,-0.021904854,-1.2961558,-0.09282695,-0.15326585,-0.1013862,0.1891309
9820-RMCQV,1,0.22494099,0,0,0,0,0,11,1,0,0,2,0,0,0,0,0,0,0,1,48.55,501.0,0.02417639,-0.027868113,-0.0018441861,0.011631035,0.03988939,-0.032143995,-0.08277518,-0.18749815,-0.20793927,0.08715599,0.015867827,0.07939323,-0.03130971,-0.037615065,0.6167859,-0.18133688,-0.04705409,-0.16364287,-0.061747983
9013-AQORL,0,0.2106033,0,0,0,0,1,48,0,1,0,0,2,2,0,0,2,0,0,1,45.55,2108.35,0.0008130042,-0.040118422,-0.006313539,-0.09098717,-0.48081842,0.13455531,0.10163358,-0.2519548,0.1526183,-0.07595155,0.003635963,0.17127675,-0.018429914,0.043059822,0.5735221,-0.1809866,-0.07985162,-0.25993517,0.032164913
2040-OBMLJ,0,0.06703021,0,1,0,0,0,31,1,2,1,0,0,0,2,0,0,1,0,1,81.7,2548.65,-0.01369675,-0.017106073,-0.00251788,0.00961244,-0.20283692,-0.0026854083,0.049527414,0.05653836,0.15173437,0.055137306,0.023281232,-0.17188448,-0.031355504,-0.21164474,-0.89660287,-0.17157218,-0.21625727,0.014093006,-0.0057682805
5574-NXZIU,0,0.16402219,0,1,0,0,0,63,1,0,1,2,2,2,2,2,2,2,0,1,109.2,7049.75,0.10762367,-0.01105559,0.098621756,0.05020569,-0.49028984,-0.0021542928,-0.0570407,0.05072528,-0.20904529,-0.15045083,-0.012996016,-0.09581014,0.048440695,0.03989338,-0.99672323,-0.16984594,-0.07762891,1.1324644,0.1656914
5446-DKWYW,0,0.12884599,0,0,1,1,1,61,1,2,0,0,0,2,0,2,0,1,1,2,65.2,3965.05,-0.050699823,0.10357422,-0.027804257,-0.064446755,-0.5392969,-0.026796939,0.12134159,-0.16237304,0.34177375,0.060070172,0.0028693082,0.13045157,0.042449612,-0.051128346,-0.7353597,0.049147718,0.37749675,-0.12473005,-0.3085154
0480-KYJVA,0,0.0012945707,0,0,0,1,1,72,1,2,2,1,1,1,1,1,1,2,0,1,24.25,1784.5,-0.012136448,-0.032129444,0.01890854,-0.06743608,-1.8377534,-0.032743134,0.06647498,0.042200778,-0.41512868,-0.105375156,-0.02163431,-0.20709407,-0.07896009,-0.08547968,-1.6330689,-0.20960172,-0.16506013,-0.56559086,-0.25744632
1074-AMIOH,0,0.23025571,0,0,0,1,1,53,1,0,1,0,2,2,2,2,2,0,1,0,108.25,5935.1,-0.0042430228,-0.015049281,0.011179082,-0.16376907,-0.657652,-0.004582553,-0.13718991,0.12731735,0.1365667,-0.060962807,-0.00180313,-0.3346987,0.04226359,0.029239317,0.43753886,0.062703304,-0.047075123,0.45391724,-0.031342514
0015-UOCOJ,0,0.3335051,0,0,1,0,0,7,1,0,0,2,0,0,0,0,0,0,1,2,48.2,340.35,0.0053859353,0.11732364,0.00046401867,0.017277256,0.22251865,-0.019610927,-0.14593624,-0.18551002,-0.34476936,0.060769092,0.0042990074,0.11754515,-0.030799557,-0.029228939,0.6777696,0.07543182,0.13507465,-0.15621126,-0.1649414
0256-LTHVJ,1,0.4525418,0,0,0,1,1,28,1,0,1,0,0,0,0,0,2,0,1,2,81.05,2227.1,-7.583166e-05,-0.010394659,0.021505266,-0.05362784,-0.4115775,-0.016750652,-0.16664307,0.1719978,0.21103095,0.063553564,0.01513123,0.13038605,-0.030598516,0.041611824,0.6631296,0.093552954,0.19555233,-0.021551361,-0.03741265
4547-LYTDD,1,0.349834,0,0,0,0,0,16,1,2,1,0,0,0,0,0,0,0,0,2,72.65,1194.3,-0.044134744,-0.045427233,-0.005278778,0.0059463005,-0.16997278,-0.0042402595,0.051569033,0.13014692,0.2139766,0.08789134,0.005862641,0.10226149,-0.034028307,-0.02880019,0.69101346,-0.36690965,0.18870403,-0.30384642,-0.045276597
1077-HUUJM,0,0.5931309,1,0,0,0,1,7,1,0,1,0,0,0,0,0,0,0,1,2,71.05,472.65,0.0034403177,-0.0051433435,-0.0026296885,-0.056522693,0.2705299,-0.013219236,-0.09952419,0.15331262,0.25709164,0.06440869,0.011218629,0.14289995,-0.027675124,-0.019554486,0.7665604,0.09766482,0.15704945,-0.19217135,-0.081586964
2041-JIJCI,0,0.44549024,0,0,0,0,0,5,1,2,0,0,2,0,0,0,2,0,1,2,64.0,370.25,-0.0088384915,-0.026600735,-0.0021695364,0.025886651,0.45113084,-0.024066396,0.17661197,-0.34313634,0.22566128,-0.14015505,0.0043900236,0.12426735,-0.016813697,0.046141762,0.6635599,0.17127031,0.10577245,-0.38395947,-0.21863614
1555-HAPSU,0,0.003455349,0,0,0,1,1,71,1,2,2,1,1,1,1,1,1,2,0,1,23.9,1663.5,-0.016614316,-0.023749096,0.017433845,-0.069880426,-1.4074936,-0.032743134,0.16838863,0.042200778,-0.38710552,-0.10114662,-0.021961583,-0.20228356,-0.07896009,-0.08547968,-1.5723284,-0.14570235,-0.10432555,-0.32076645,-0.27262655
4323-SADQS,1,0.18613456,0,1,0,1,1,7,0,1,0,2,0,0,2,0,0,0,1,2,34.5,279.25,-0.0024709513,-0.014304142,-0.001099215,-0.22173311,0.22175153,-0.03604278,0.10313225,-0.12652442,-0.4158707,0.0936322,0.0027770936,-0.33536962,-0.03631042,-0.048720576,0.638438,0.035707157,0.15591586,-0.29753652,-0.14147145
3292-PBZEJ,0,0.7073294,1,1,1,0,0,11,1,2,1,0,2,2,2,2,2,0,1,2,111.4,1183.05,-0.01859713,0.18337025,0.01774045,0.051687025,0.17628881,-0.0037760579,0.16302773,0.13123982,0.15267397,-0.06601751,0.004014547,-0.2774023,0.050911207,0.026963336,0.6303047,0.10770629,0.035101797,0.29558071,0.27085647
6203-HBZPA,0,0.015027666,0,1,0,0,0,52,0,1,0,2,2,2,2,2,2,2,0,1,63.9,3334.95,-0.00481808,-0.05449892,-0.0031177753,0.032261413,-0.21202965,0.07179335,0.05671659,-0.08297056,-0.1787751,-0.083748475,-0.0060040094,-0.21126734,0.031214895,0.012841895,-1.7183001,-0.10826795,-0.09715553,-0.4183881,-0.15898147
9755-JHNMN,0,0.016077096,0,0,0,0,0,49,1,0,0,2,2,2,2,0,0,2,0,0,67.4,3306.85,0.05981678,-0.05411768,0.005835429,0.020012785,-0.2391617,-0.014475928,0.008961856,-0.12432513,-0.15712397,-0.086106926,-0.016728582,-0.16055696,-0.05381711,-0.0163084,-1.6711129,-0.09132384,-0.069502205,-0.3757565,-0.029134316
7369-TRPFD,0,0.0040741814,0,1,0,0,0,19,1,0,2,1,1,1,1,1,1,1,0,3,18.8,279.2,-0.013288026,-0.034288015,-0.0038004722,0.012558183,-0.22250569,-0.00561676,-0.17070274,0.036822315,-0.3432556,-0.0446479,-0.021553991,-0.14791913,-0.025377572,-0.23796116,-0.7144665,-0.41669217,-0.18066987,-1.7422187,-0.17419474
9878-TNQGW,1,0.6842558,1,1,0,0,0,2,1,0,1,0,0,0,0,0,2,0,1,2,80.95,171.15,-0.019151773,-0.011605283,-0.011712704,0.01267552,0.48031434,-0.012992139,-0.24588275,0.13439205,0.2877907,0.057526134,0.00797094,0.11871943,-0.017761068,0.035020486,0.7793689,0.096237,0.11468868,0.059814733,-0.042788234
2279-AXJJK,0,0.20511234,0,1,0,1,0,52,1,2,1,0,2,0,2,0,2,0,1,1,95.65,5088.4,-0.01365594,-0.021162389,0.00218111,0.03785448,-0.7591817,-0.011459371,0.15476127,0.12977028,0.19133767,-0.07083725,0.013901432,-0.43565723,-0.06346313,0.037768427,0.50459814,0.10605221,-0.15913771,0.2413256,-0.19041356
5016-IBERQ,0,0.38432184,0,1,0,1,0,23,1,2,1,0,2,2,0,0,0,0,0,2,84.25,1968.1,0.01045231,-0.025591573,0.012601862,0.0198431,-0.35663435,-0.018965198,0.11780257,0.16160111,0.23173004,-0.11487091,0.00035646552,0.1405612,-0.01131925,-0.025178589,0.672914,-0.3911436,0.18379594,0.1523503,-0.182324
1016-DJTSV,0,0.5325277,1,1,1,0,0,8,1,0,1,0,0,0,0,0,0,0,1,2,69.7,572.85,-0.0030711612,0.07385849,-0.0023264629,0.016643295,0.2277135,-0.014037355,-0.20837885,0.15387008,0.24759668,0.048910726,0.010388796,0.15289462,-0.034415692,-0.01510728,0.73791635,0.094330594,0.16601126,-0.25626472,-0.21701263
8433-WPJTV,0,0.12103053,0,0,1,1,1,65,1,2,1,0,0,2,2,2,2,1,1,0,103.9,6767.1,-0.07907969,0.04421306,-0.00039851782,-0.1267728,-0.54206467,-0.0014108852,0.08198099,0.049818058,0.17808421,0.09668819,0.004052227,-0.23366089,0.040104065,0.16578324,-0.67369217,0.037305463,-0.09503414,0.54294825,-0.422346
8903-XEBGX,0,0.61073935,1,1,0,0,1,2,1,0,0,0,0,0,0,0,2,0,1,2,55.3,108.65,-0.017521046,-0.037380803,0.021672152,-0.0468101,0.6172612,-0.024018731,-0.17983486,-0.14323181,0.22294664,0.06925913,0.007267408,0.15485157,-0.01759641,0.008644892,0.6391411,0.095130056,0.13250972,0.041335456,-0.04397861
2632-TACXW,0,0.009544977,0,0,0,1,0,62,1,2,2,1,1,1,1,1,1,2,0,0,23.65,1416.75,-0.0126426965,-0.03852733,0.033892713,0.032730415,-0.77258843,-0.012642765,0.1107637,0.051348265,-0.25967163,-0.06262825,-0.0018793271,-0.18053815,-0.064752705,-0.054312084,-1.6591333,-0.08904833,-0.2978181,-0.3524904,0.037014302
7952-OBOYL,0,0.7356541,1,1,0,0,0,3,1,0,1,0,0,2,2,2,0,0,1,3,89.85,244.45,-0.05957388,-0.023689974,0.0023885434,0.014715749,0.6776022,-0.013061594,-0.20974748,0.12268306,0.30329347,0.051616862,0.13023274,-0.24632116,0.043559298,-0.016962068,0.7924527,0.074808136,0.06463599,0.5393387,-0.17524461
1470-PSXNM,0,0.18056695,0,1,0,1,1,49,1,2,1,0,2,2,0,2,0,1,1,2,93.65,4520.15,0.036306184,-0.03084379,0.0011469133,-0.12027225,-0.34391987,-0.01737838,0.14231135,0.0829103,0.22833647,-0.09712486,0.01230726,0.10060176,0.038000274,-0.22017573,-0.85283744,0.076914206,0.33030444,0.29194388,-0.12181646
6227-HWPWX,1,0.33127913,0,0,0,0,1,15,1,0,1,0,0,0,0,0,0,0,0,0,69.0,994.8,0.051831692,-0.02648983,-0.004012937,-0.0401161,-0.08574872,-0.015748091,-0.08023355,0.119061634,0.17798406,0.085836895,0.016061077,0.091562614,-0.02537606,-0.03983376,0.662744,-0.123110384,-0.14431436,-0.2231015,-0.050176684
5924-SNGKP,0,0.015335294,0,0,0,0,1,41,1,0,2,1,1,1,1,1,1,1,1,1,20.25,865.0,0.017226335,-0.023924328,-0.001074001,-0.07404651,-0.48859867,0.005868735,-0.19899827,0.04526033,-0.26375854,-0.054865286,-0.027042625,-0.14674588,-0.006281887,-0.18968478,-0.8138006,0.048108198,-0.08684948,-0.74464273,-0.109069325
8818-DOPVL,0,0.6106037,1,0,1,0,0,46,1,2,1,0,2,2,0,2,2,0,1,2,104.45,4863.85,-0.03911511,0.17677167,-0.00878874,0.039396916,-0.4553345,-0.015372112,0.16558528,0.16444519,0.21008153,-0.097559534,0.002324929,0.14999966,0.039992783,0.03663498,0.5953777,0.08758133,0.16798621,0.46419758,-0.18512966
4521-WFJAI,0,0.0147450855,0,1,0,0,0,56,1,2,2,1,1,1,1,1,1,2,1,0,25.95,1444.05,0.010135191,-0.043374218,-0.024814775,0.031344976,-0.24285041,-0.0072367336,0.07273069,0.042713072,-0.27382514,-0.044790506,-0.008170078,-0.20248032,-0.042088598,-0.06757951,-1.6672473,0.04116421,-0.102190316,-0.6156658,-0.008540662
4724-WXVWF,0,0.19872954,0,1,0,0,0,48,1,2,1,2,0,0,2,0,2,0,1,2,95.4,4445.3,-0.0019009807,-0.044899564,0.0028796978,0.029951414,-0.613887,-0.010700355,0.13452192,0.10990572,-0.3689613,0.11542374,0.0068834107,-0.38959733,-0.0937863,0.032606903,0.4583506,0.09000108,0.21435913,0.31002843,-0.32620776
3717-OEAUQ,0,0.47500724,0,1,0,0,0,2,1,0,1,0,0,0,0,0,0,0,0,3,70.7,129.2,-0.009638086,-0.052488495,-0.003321636,0.0073441854,0.471874,-0.0078786835,-0.10746885,0.13107413,0.26381695,0.09375214,-0.012070678,0.13317554,-0.027287383,-0.016770544,0.7223622,-0.22793001,-0.089616835,-0.22560114,-0.0941555
8165-ZJRNM,0,0.001919559,0,0,0,1,1,72,1,2,2,1,1,1,1,1,1,2,0,0,23.75,1679.25,-0.02038369,-0.032129444,0.019492382,-0.047152936,-1.8628594,-0.030583343,0.09161641,0.050140835,-0.40898088,-0.1046056,-0.02163431,-0.20731123,-0.07907125,-0.08418177,-1.6610633,-0.13894743,-0.08267615,-0.3119994,-0.27218103
7838-LAZFO,0,0.080069564,0,1,0,1,0,45,1,0,0,2,2,2,0,2,2,1,0,0,78.8,3597.5,0.057748247,-0.03861814,0.0022043718,0.026300067,-0.23751786,-0.019635694,-0.11874337,-0.17810595,-0.14145115,-0.045873236,0.006284693,0.08107198,0.018206885,0.1539889,-0.3938589,-0.14824396,-0.14501868,-0.0077270777,-0.26318792
0513-RBGPE,0,0.018635925,0,1,0,1,1,37,1,2,0,2,0,2,2,0,0,2,1,1,62.8,2278.75,-0.022903925,-0.027460644,-0.004856665,-0.050319653,-0.27462897,-0.010251876,0.061824672,-0.12670016,-0.18463777,0.18420802,-0.0051756715,-0.1672439,-0.016683444,-0.024991548,-1.7055695,0.04149822,-0.08791938,-0.4405219,-0.052291475
7251-XFOIL,0,0.10887161,0,0,0,0,0,61,1,2,1,0,0,2,0,0,2,0,0,3,89.2,5500.6,-0.01765715,-0.040473588,0.029939169,0.00030799158,-1.0565065,-0.013479422,0.09893232,0.15224811,0.26026005,0.09355017,0.029806249,0.12716465,-0.13519877,0.05854823,0.5481864,-0.2656907,-0.25366828,0.029688178,-0.699051
2525-GVKQU,0,0.014064559,0,0,0,0,0,60,1,0,2,1,1,1,1,1,1,2,0,3,20.6,1093.0,-0.036364578,-0.049085308,0.0032725702,0.040362094,-0.51053977,-0.006462509,-0.15229,0.043440964,-0.30221987,-0.10184151,0.0018439704,-0.17808753,-0.03549097,-0.05990059,-1.4269332,-0.18626273,-0.052457683,-0.52068275,0.32899192
7579-OOPEC,1,0.4102406,0,0,1,1,0,2,1,0,0,0,2,0,0,0,0,0,0,1,50.15,115.1,0.017975308,0.24794212,0.001972935,0.01235287,0.57314986,-0.015074698,-0.09408109,-0.22090071,0.15509436,-0.16544905,0.008751298,0.09746332,-0.016050566,-0.052771404,0.6219443,-0.26686588,-0.10148533,-0.13191621,0.014203401
3795-GWTRD,0,0.015393184,0,0,0,1,1,63,1,0,0,2,2,2,2,2,0,2,0,1,75.55,4707.85,-0.0043374435,-0.060269892,0.0517461,-0.08087372,-0.5178739,-0.013127611,-0.07559091,-0.09585514,-0.16443346,-0.0912936,-0.02642227,-0.16593207,0.04000175,0.03700654,-1.4978975,-0.086641446,0.054993816,-0.3732979,-0.038993835
4750-ZRXIU,1,0.8329157,1,0,1,0,0,4,1,2,1,0,0,0,0,0,2,0,1,2,84.6,360.1,-0.01311498,0.12652868,-0.0120297065,0.027151613,0.42190635,-0.01359045,0.2509872,0.16966553,0.31071702,0.06722031,0.0029294495,0.096683346,-0.020182546,0.112325504,0.83269626,0.11235835,0.0744962,0.17109331,-0.062182322
5445-PZWGX,1,0.06827982,0,1,0,0,0,62,1,2,1,2,2,0,2,0,2,1,0,2,102.0,6529.25,0.03772027,-0.009019182,0.053562004,0.037602555,-0.87524515,-0.0070680785,0.057355363,0.051351883,-0.28370294,-0.05997818,-0.006962111,-0.16080989,-0.12487828,0.10573951,-0.38391382,-0.26330814,0.21345627,0.37962154,-0.32571653
0516-UXRMT,0,0.06774456,0,0,0,0,0,62,1,2,1,2,2,2,0,0,0,1,1,2,92.05,5755.8,-0.046679527,-0.015416719,0.051703855,0.016630182,-0.67843324,-0.010004798,0.09301555,0.053981956,-0.30219913,-0.06624619,0.025636213,0.07438898,-0.12777765,-0.13083377,-0.7735099,0.08120344,0.29826355,0.116750464,-0.23311082
0727-BNRLG,0,0.031143678,0,1,0,0,0,69,1,2,1,0,2,2,2,2,0,2,1,1,97.65,6743.55,0.0018890954,-0.017590951,0.028595876,0.01668732,-0.3941623,-0.011477042,0.14052743,0.05474945,0.20486616,-0.19803548,-0.004786683,-0.22839166,0.029425886,-0.049990237,-1.8964498,0.06963012,-0.08945107,0.3009406,-0.345257
3932-CMDTD,1,0.40439156,0,0,0,0,0,4,1,0,1,0,2,2,2,2,2,1,1,2,105.65,443.9,-0.02009517,-0.017139241,-0.0029076817,0.030727636,0.5264591,-0.011574196,-0.11438358,0.060374293,0.11389696,-0.0927003,0.034349356,-0.23093544,0.020888574,0.08796263,-0.8089025,0.05630364,0.044891357,0.94945556,0.035354543
1264-FUHCX,0,0.08940765,0,0,0,1,0,49,0,1,0,0,2,0,2,2,2,1,1,1,56.3,2780.6,-0.1003557,-0.019030957,0.023151869,0.03656342,-0.34293896,0.06677431,0.04366913,-0.12376503,0.19140638,-0.04827068,0.00682512,-0.24301209,0.028067533,0.12685926,-0.59653205,0.07759265,-0.22124961,-0.28363532,0.10621722
6194-HBGQN,0,0.05096018,0,1,0,0,0,51,1,2,0,2,2,2,2,2,0,1,1,1,81.15,4126.2,0.005295193,-0.02936199,0.001234919,0.026439682,-0.39665583,-0.014151243,0.110881455,-0.14500552,-0.18393293,-0.057278283,0.0115001295,-0.18239057,0.023152284,-0.23229073,-0.5866023,0.042049244,-0.11578839,-0.0281066,-0.124169275
4524-QCSSM,0,0.27934095,0,1,0,0,0,26,0,1,0,2,2,0,0,0,2,0,1,0,44.65,1156.55,0.041235533,-0.04383044,-0.014794366,0.047487997,-0.3823177,0.1080247,0.12841794,-0.20451064,-0.25124305,-0.14816882,0.0076261433,0.20123719,-0.02322769,-0.006122605,0.5617966,0.11379634,-0.032520816,-0.38809904,0.386705
4570-QHXHL,0,0.43449935,0,0,0,0,0,9,1,0,0,0,0,0,0,0,0,0,1,2,43.75,405.7,0.003545539,-0.012965185,-0.001069379,0.0154422615,0.33087805,-0.02343886,-0.16096948,-0.26318252,0.22541071,0.061719637,-3.119785e-05,0.10558915,-0.030790187,-0.02255911,0.63888454,0.11111359,0.1655772,-0.26586303,-0.09158304
2972-YDYUW,0,0.16552985,0,0,0,0,0,57,1,2,1,0,2,0,2,0,2,1,0,2,94.7,5468.95,-0.06322575,-0.022586817,0.00442892,0.048206437,-0.4420014,-0.007851186,0.109620705,0.07003915,0.17752032,-0.087538816,0.0040664067,-0.18759458,-0.072756,0.0950792,-0.42798904,-0.18827508,0.17498946,0.371306,-0.12385817
2061-VVFST,0,0.09322677,0,0,0,1,0,37,1,0,2,1,1,1,1,1,1,0,0,0,19.5,805.2,0.04623296,-0.045475792,0.016573442,0.022199288,-0.40322104,-0.012334327,-0.18815674,0.07444885,-0.34190148,-0.07333985,-0.012769095,-0.23476502,-0.013741938,-0.042180754,0.561155,-0.18349712,-0.033220273,-0.3504599,-0.011178553
6874-SGLHU,0,0.24916065,0,1,0,0,0,30,1,0,1,0,2,0,0,2,2,1,1,0,97.0,3021.3,0.015221144,-0.014543434,0.01896894,0.022629831,-0.16328229,-0.0054785153,-0.12101577,0.06823223,0.16851337,-0.07930312,0.029200293,0.07880034,0.05305607,0.18968771,-0.6213379,0.11308035,-0.09487617,0.39220244,-0.10362447
9844-FELAJ,0,0.23112883,0,0,1,1,1,70,1,2,1,0,2,2,2,2,2,1,1,2,107.9,7475.85,-0.17476244,0.06266711,-0.014837946,-0.23355554,-0.41921207,-0.004366114,0.11397899,0.06796106,0.22065729,-0.08803473,0.014385383,-0.04936783,0.013672216,0.096468724,-0.6098569,0.07727842,0.1446599,0.28042167,0.3491199
1902-XBTFB,1,0.52455544,1,1,0,0,1,22,1,0,1,0,2,2,0,2,0,0,1,2,89.4,2001.5,0.0076569216,-0.009422996,0.0014752747,-0.052033767,-0.17080371,-0.017512932,-0.16397926,0.1603908,0.20471059,-0.059477296,-0.0097008245,0.1622321,0.033105057,-0.010651439,0.6932807,0.12855597,0.14854942,0.15572378,-0.05457198
9039-RBEEE,1,0.11203403,0,1,0,0,0,39,0,1,0,2,2,0,2,2,0,0,1,1,48.95,1880.85,-0.03554047,-0.02921264,-0.017028337,0.05933846,-0.4263041,0.10074349,0.082182154,-0.16227506,-0.26314223,-0.036440745,0.008810986,-0.38570285,0.031852085,-0.043000624,0.5523374,0.08356618,-0.10890619,-0.28573197,-0.14644997
9369-XFEHK,1,0.39008915,0,0,1,1,0,33,1,2,1,0,2,0,0,0,0,0,1,0,80.6,2656.5,0.018623788,0.09267339,0.008735079,0.029901516,-0.51915634,-0.011154357,0.06759248,0.14869294,0.176574,-0.04917045,0.014194247,0.12769899,-0.025667962,-0.05325085,0.73869973,0.11478415,-0.24467951,-0.029489849,-0.0033129072
3680-CTHUH,0,0.18126588,0,1,0,0,0,60,1,2,1,2,2,2,2,2,2,1,1,1,116.6,7049.5,0.09763614,-0.0002848953,0.24910007,0.05322064,-0.67199045,-0.0018061553,0.051719375,0.055822738,-0.30303106,-0.082987346,0.009441685,-0.1288755,0.06161353,0.16787364,-0.39750516,0.04677025,0.08425636,0.35406458,-0.1036081
3679-XASPY,0,0.38061076,0,0,0,1,1,1,1,0,2,1,1,1,1,1,1,0,0,2,19.45,19.45,0.043317243,-0.06477634,0.03271563,-0.057369433,0.7316432,-0.016239034,-0.1480386,0.06777582,-0.46813563,-0.06120194,-0.0071316315,-0.24389635,-0.002200374,-0.037060127,0.7712588,-0.20630798,0.16758488,-0.23917092,0.29950157
9089-UOWJG,0,0.23277211,0,0,0,1,1,12,1,0,0,0,0,2,0,2,0,0,1,1,58.35,740.55,0.0329489,-0.011459051,0.0033283075,-0.06584347,0.055541195,-0.06288556,-0.10859758,-0.3120175,0.15666765,0.06286156,-0.016827116,0.08175967,0.027417712,-0.032126114,0.57932895,0.09097997,-0.17434599,-0.3661366,-0.08409406
1574-DYCWE,0,0.008894541,0,0,0,1,1,51,1,0,2,1,1,1,1,1,1,2,0,3,19.95,1028.75,-0.02462503,-0.057751317,0.009619442,-0.09394177,-0.39358947,-0.008068953,-0.15283597,0.049042005,-0.29566026,-0.10867067,-0.021735359,-0.18006423,-0.026989972,-0.07777773,-1.6346506,-0.09656419,-0.1851916,-0.6291396,0.2644391
9779-DPNEJ,0,0.44508868,0,0,0,1,1,22,1,0,1,0,0,0,0,0,2,0,1,2,80.15,1790.65,-0.005888172,-0.010178579,0.021890288,-0.05153356,-0.23875201,-0.015594443,-0.15971282,0.1463592,0.18588652,0.037413552,0.01244297,0.13743597,-0.030347483,0.02431405,0.6937811,0.10636921,0.1823556,-0.016747305,-0.1908029
2967-MXRAV,0,0.017356161,0,1,0,1,1,1,1,0,2,1,1,1,1,1,1,1,0,3,18.8,18.8,-0.02794824,-0.047931377,0.010571906,-0.07408259,0.6392668,-0.015566457,-0.14189522,0.046042725,-0.36891216,-0.04888294,-0.028834034,-0.1516525,-0.0044205235,-0.15154187,-0.97438914,-0.42461646,0.026886648,-1.3733233,0.12415545
0327-WFZSY,0,0.21883705,0,1,0,1,1,39,1,2,1,0,0,2,0,2,2,1,0,2,100.0,3835.55,0.04931582,-0.026652185,-0.010737864,-0.07475737,-0.100373805,-0.01785823,0.1351666,0.079401135,0.21670912,0.09228429,0.0052835583,0.07892836,0.049879752,0.11755718,-0.66778576,-0.31068364,0.1728468,0.35694054,-0.36869544
1731-TVIUK,1,0.82060176,1,0,0,0,0,4,1,2,1,0,2,0,2,0,2,0,1,2,93.5,362.2,0.0389078,-0.02300684,0.001530661,0.032658618,0.65859896,-0.012426879,0.2075267,0.14846346,0.21397005,-0.11770702,0.0046764016,-0.24469905,-0.02392421,0.038903635,0.81373614,0.16430978,0.0704686,0.64917237,-0.05150479
7666-WKRON,1,0.053184293,0,0,0,0,0,39,1,0,1,0,0,2,2,0,0,2,1,2,80.45,3201.55,0.025681844,-0.024847705,0.008512295,0.008853161,-0.15724503,-0.010012905,-0.06332195,0.05459638,0.30629572,0.17947216,-0.0134238275,-0.18488573,-0.011729291,-0.00084751536,-1.9366812,0.05809476,0.18076947,-0.211344,-0.038051657
3865-ZYKAD,0,0.18556662,0,1,1,1,0,69,1,2,1,2,2,0,0,0,0,0,1,1,84.9,5785.65,-0.0046206797,0.12040433,0.022090897,0.021193497,-0.7675312,-0.011473898,0.13216834,0.08033797,-0.42210928,-0.068308234,0.026839651,0.16165893,-0.018683383,-0.048822194,0.6308142,0.07122991,-0.11552465,0.1047103,-0.3442282
1465-LNTLJ,0,0.1759529,0,1,1,1,0,8,1,0,0,0,0,2,2,0,2,0,1,1,64.4,581.7,-0.068877645,0.10373941,0.0032520015,0.019737879,0.32551014,-0.010488779,-0.20264457,-0.24776436,0.18230286,0.04923249,-0.011821069,-0.2987945,-0.03070624,0.033134397,0.49178666,0.027791295,-0.1966297,-0.3937214,-0.26982495
2696-RZVZW,0,0.006537419,0,1,0,1,0,68,1,2,2,1,1,1,1,1,1,2,0,1,25.05,1629.2,0.010686661,-0.026045373,0.018842518,0.051239632,-0.5987016,-0.0138545055,0.097312845,0.042853884,-0.2601276,-0.100266516,-0.00400609,-0.18481857,-0.040720247,-0.090532556,-1.5801207,-0.10493185,-0.06958141,-0.5932895,-0.52836674
0685-MLYYM,1,0.5345011,1,0,1,0,0,2,1,0,1,0,0,0,0,0,0,0,0,2,70.75,154.85,0.007259785,0.10351222,-0.0031785476,0.010571599,0.41054305,-0.013966757,-0.12329066,0.12767206,0.19754797,0.100590624,0.0049904697,0.12455623,-0.017681351,-0.059239056,0.75740975,-0.22281343,0.11802121,-0.2216373,-0.113418214
2778-OCLGR,1,0.47641113,0,1,1,1,0,24,0,1,0,2,0,0,0,0,2,0,0,0,39.1,971.3,-0.030665504,0.37886152,0.018324919,0.02845381,-0.21903811,0.18279886,0.17697904,-0.16553521,-0.17562853,0.11338899,0.006122669,0.18276338,-0.031929124,0.15011883,0.57747775,-0.032956183,-0.08604109,-0.27509668,0.15640068
3982-XWFZQ,1,0.20930016,0,0,0,1,0,42,1,2,0,0,0,0,0,0,0,0,1,2,50.25,2203.65,-0.008485627,-0.028319485,0.0058037126,0.02587614,-0.56323785,-0.08912775,0.11085847,-0.49825695,0.18180549,0.02546997,0.0058015743,0.12879768,-0.0421241,-0.030851498,0.52075154,0.101921685,0.21467161,-0.34428194,0.0030032992
4759-PXTAN,0,0.090960115,0,0,0,1,0,59,1,2,0,0,2,0,2,2,2,1,1,2,80.1,4693.2,-0.13468432,-0.039184462,0.008415513,0.038271032,-0.60225946,-0.026810104,0.1013971,-0.1404367,0.19021325,-0.06564595,0.007283982,-0.23563984,0.028418032,0.08917487,-0.56051135,0.073503725,0.24094856,-0.08287675,-0.14231984
1448-PWKYE,1,0.834523,1,1,0,1,1,1,1,0,1,0,0,0,0,0,2,0,0,2,80.0,80.0,-0.01821603,-0.029818933,0.020131383,-0.088270545,0.9078245,-0.015111506,-0.15052871,0.15459996,0.28516957,0.091305524,0.006976844,0.17214133,-0.014686855,0.028920483,0.8432473,-0.20780371,0.12374693,0.3384412,0.2191848
8741-LQOBK,0,0.14431652,0,0,0,1,1,46,0,1,0,2,2,0,0,0,0,0,0,0,35.05,1620.25,0.0047943788,-0.035641007,0.019847607,-0.10162582,-0.43197772,0.12710081,0.065666005,-0.18733478,-0.26493153,-0.07532838,-0.00038068352,0.1952665,-0.01837793,-0.037838083,0.62279147,-0.13479196,-0.07266533,-0.31886813,-0.086371675
8650-RHRKE,1,0.6092019,1,1,0,0,0,4,0,1,0,0,0,2,0,0,0,0,1,2,29.65,118.5,0.016409373,-0.033207566,0.015858304,0.053482812,0.42583528,0.09016964,0.16085781,-0.23110831,0.264355,0.064901955,0.007113241,0.14087076,-0.027971271,-0.053920228,0.68244743,0.12682411,0.14119683,-0.34806824,-0.0028625703
7266-GSSJX,0,0.10700004,0,1,0,1,1,11,1,0,2,1,1,1,1,1,1,0,1,2,20.45,250.8,-0.03879726,-0.018426701,0.0076410207,-0.09296262,0.089066386,0.000513633,-0.20371759,0.054920424,-0.4693429,-0.09211401,-0.0057308855,-0.30046993,-0.0077660955,-0.06817603,0.6170825,0.09383551,0.14433582,-0.605836,-0.176587
1265-HVPZB,0,0.030944072,0,1,0,1,0,59,1,0,0,2,2,2,0,2,0,1,0,1,66.4,3958.2,0.02789479,-0.032335978,0.003266093,0.025004424,-0.3486647,-0.01789306,-0.10846679,-0.13178208,-0.16903405,-0.04317908,-0.01156945,0.08191267,0.027422423,-0.19648252,-0.7305332,-0.08735829,-0.12535495,-0.26307717,-0.2946843
9640-ZSLDC,0,0.079763636,0,0,0,1,1,53,1,0,0,0,0,2,0,0,2,1,0,1,60.6,3297.0,-0.011046155,-0.026931286,0.0040628407,-0.035721242,-0.2689231,-0.027848762,-0.057628676,-0.1684809,0.11939378,0.042600133,-0.010991814,0.08747442,-0.0540372,0.101947755,-0.6204896,-0.09769164,-0.154445,-0.2511,0.03351906
0988-JRWWP,0,0.5525847,1,0,0,0,0,3,1,0,0,0,0,0,0,2,0,0,1,2,54.2,140.4,0.007230455,-0.013491111,-0.0002338128,0.011004179,0.5424877,-0.023998953,-0.13987486,-0.222644,0.22691235,0.06537945,0.007116464,0.12602727,0.019897744,-0.020795584,0.67607653,0.09665951,0.13690776,-0.21643977,-0.017876454
1926-QUZNN,0,0.0020476729,0,0,0,1,0,72,1,2,2,1,1,1,1,1,1,2,1,0,25.25,1841.2,-0.020628238,-0.03211503,0.022640882,0.02040311,-1.7837709,-0.03470957,0.05455497,0.042530645,-0.42148906,-0.10423137,-0.020183682,-0.21581489,-0.08098987,-0.06534392,-1.6530573,0.042261254,-0.13479741,-0.5358041,-0.2192317
9025-ZRPVR,1,0.06019906,0,1,0,0,0,9,1,0,2,1,1,1,1,1,1,0,1,3,18.95,185.6,-0.04694913,-0.029888228,-0.0036078566,0.024384512,-0.0291277,-0.011973581,-0.21095571,0.05307269,-0.55886495,-0.059063334,-0.017578866,-0.35483533,-0.0266545,-0.054309823,0.6108978,0.37406236,-0.046872064,-1.1851507,-0.1253713
6527-PZFPV,0,0.019607471,0,1,0,1,1,24,1,0,2,1,1,1,1,1,1,1,1,1,20.8,469.65,-0.017026683,-0.013180071,0.008004604,-0.07872983,-0.33374345,0.0053665945,-0.21909541,0.032045804,-0.26488742,-0.05393741,-0.026609637,-0.16822295,-0.0061726226,-0.24055292,-0.7354576,0.04762511,-0.1343155,-0.55129266,-0.11263505
7460-ITWWP,0,0.27541542,0,0,1,1,0,45,1,0,1,0,0,2,0,0,2,0,1,2,86.1,3861.45,-0.03959022,0.1341747,0.0038017766,0.03058588,-0.496944,-0.027215408,-0.3028978,0.14812729,0.19823095,0.0525384,-0.011221964,0.13944243,-0.03584231,0.028068664,0.60012674,0.023373257,0.099263966,0.04667526,-0.50878984
1530-ZTDOZ,0,0.19288443,0,0,0,1,0,49,0,1,0,2,0,0,0,2,0,0,0,0,40.65,2070.75,-0.0025011287,-0.039119884,0.032520525,0.024427813,-0.41282597,0.1830993,0.07752006,-0.23805565,-0.26980323,0.058821175,0.007914386,0.17838955,0.0591984,-0.054321334,0.6372486,-0.17347878,-0.13783737,-0.31638396,0.00303691
4785-FCIFB,0,0.010244096,0,0,0,1,0,61,1,2,2,1,1,1,1,1,1,2,0,3,24.4,1417.9,-0.004059507,-0.04339897,0.03861264,0.049790364,-0.5369924,-0.022462767,0.00033590384,0.04601907,-0.3098387,-0.06847906,-0.010246393,-0.17821233,-0.062099464,-0.010649778,-1.5866072,-0.16916563,-0.106159724,-0.64939153,0.10147425
9717-QEBGU,0,0.6143771,1,1,0,0,0,2,1,0,1,0,0,0,0,0,0,0,1,2,70.3,144.0,-0.0064668693,-0.011750931,-0.0021083006,0.01111776,0.40957358,-0.013194929,-0.17099012,0.13227274,0.25825456,0.05488626,0.007412879,0.15942986,-0.018095255,-0.011321789,0.7762148,0.10014275,0.14782302,-0.23307608,-0.07514934
0876-WDUUZ,1,0.79431635,1,0,0,0,0,5,1,0,1,0,0,0,2,0,2,0,1,1,85.4,425.9,0.07135527,-0.012571097,-0.011651361,0.015405425,0.8043224,-0.008788081,-0.19775325,0.11506705,0.2735746,0.06043933,0.019532233,-0.19417901,-0.012855162,0.035004597,0.8060168,0.09449365,-0.11095582,0.57865906,0.07525048
7881-EVUAD,1,0.5470659,1,0,0,0,0,2,0,1,0,2,2,0,0,0,2,0,1,2,42.6,72.4,-0.02697947,-0.04621348,0.0148325665,0.059330862,0.4481228,0.16349413,0.1555099,-0.12918025,-0.4400648,-0.13414606,0.0028159765,0.1735563,-0.01928442,0.04755288,0.742304,0.19850093,0.10941913,-0.27421322,0.19269043
4002-BQWPQ,0,0.12097751,0,1,0,0,0,25,1,2,0,2,2,2,2,0,2,0,0,0,81.75,2028.8,-0.051109478,-0.029985731,-0.0044548083,0.017630756,-0.27033,-0.025757628,0.089268826,-0.18116996,-0.19999935,-0.074735686,-0.009100123,-0.26385877,-0.025697002,0.041220237,0.54480386,-0.2131243,-0.077351406,0.025197888,-0.22542767
6377-WHAOX,0,0.5517971,1,0,0,1,0,60,1,2,1,0,2,2,0,2,2,0,1,2,106.15,6411.25,-0.048833538,-0.0025632724,-0.037047848,0.026270222,-0.9060978,-0.026942873,0.123720676,0.17362104,0.24385883,-0.1035375,0.037653677,0.16121385,0.059264943,0.017363133,0.5900128,0.1058027,0.2134504,0.69743323,-0.06748271
5027-YOCXN,0,0.19817525,0,1,0,1,1,51,1,2,1,2,2,0,2,2,2,1,0,1,110.05,5686.4,0.016803212,-0.012990208,0.009324864,-0.2267646,-0.24354936,-0.0029303506,0.06923808,0.05231662,-0.19405888,-0.10226755,-0.0022992264,-0.13356844,0.037952613,0.15155408,-0.34129363,-0.08931086,-0.06792325,0.71588874,0.015365444
8450-JOVAH,1,0.27185294,0,1,0,1,1,2,1,2,0,2,0,0,0,0,0,0,0,3,56.7,113.55,-0.0045674276,-0.06978239,0.0030652834,-0.038758416,0.49644858,-0.027539503,0.083650015,-0.18222408,-0.35743693,0.10769273,-0.01058701,0.1300666,-0.03994102,-0.047449943,0.7060115,-0.21995953,-0.13701431,-0.29454365,-0.033146992
6646-QVXLR,1,0.32275748,0,1,1,1,0,62,1,2,1,0,2,2,0,2,2,1,1,2,103.75,6383.35,0.09806688,0.03908793,-0.04748443,0.0436123,-0.7591955,-0.022995992,0.12131119,0.074610695,0.25911814,-0.10465495,0.0020614546,0.08538869,0.06151808,0.1301001,-0.62778175,0.09266591,0.26697898,0.5312658,0.064423814
0254-KCJGT,0,0.103373215,0,1,0,1,0,52,1,2,0,2,2,2,2,0,2,1,1,1,81.4,4354.45,0.02545217,-0.04337636,0.006326972,0.024682857,-0.40099367,-0.015726777,0.11064298,-0.1603619,-0.2055383,-0.05791496,0.0115001295,-0.19099563,-0.035557367,0.23258744,-0.26177898,0.0561412,-0.067591764,-0.034920707,-0.103644915
3442-ZHHCC,0,0.13359421,0,1,0,0,0,68,1,2,0,2,2,2,0,0,2,1,1,1,76.9,5023.0,0.09068334,-0.020422695,-0.02707366,0.015393179,-0.26982093,-0.015519882,0.13383576,-0.10945104,-0.23593515,-0.049799677,0.0168612,0.083484955,-0.03122946,0.22553259,-0.41432628,0.074172474,-0.04580841,-0.19117594,-0.049721215
9167-APMXZ,0,0.4687054,0,0,0,0,0,22,1,2,1,0,0,0,0,2,0,0,1,0,84.15,1821.95,0.007322113,-0.014946305,-0.004618541,0.019703805,-0.2848964,-0.010522039,0.13173182,0.14255744,0.17255688,0.051032964,0.013684658,0.13992469,0.019496145,-0.04296373,0.78645355,0.121768124,-0.22254807,0.08189328,-0.18374711
0616-ATFGB,1,0.6917053,1,1,1,1,0,1,0,1,0,0,0,0,0,0,0,0,0,2,25.05,25.05,0.027118836,0.37722474,-0.020488393,-0.0046829404,0.618358,0.10219339,0.10850466,-0.2887179,0.18389058,0.06424895,0.0019961915,0.18747245,-0.04936296,-0.071728036,0.7236068,-0.20938523,0.14352392,-0.47745687,0.4410126
7273-TEFQD,1,0.75490034,1,1,1,0,0,3,0,1,0,0,0,2,0,0,2,0,1,2,41.15,132.2,0.018359201,0.23448014,0.015876256,0.057599317,0.494552,0.094639316,0.2383389,-0.22900929,0.18391569,0.07232562,0.0071666497,0.1569539,-0.027871106,0.0891998,0.6498809,0.09987135,0.1343872,-0.22620033,0.10968061
8245-UMPYT,1,0.7019339,1,0,1,0,0,16,1,2,1,0,0,0,0,2,2,0,1,2,96.4,1581.2,-0.008581701,0.103470206,0.030083695,0.032581665,-0.062401515,-0.006638238,0.1728739,0.14727117,0.1084335,0.083363056,0.004159325,0.11348767,0.064230174,0.024365142,0.7413574,0.12700115,0.13766094,0.48787344,-0.39484107
6022-UGGSO,1,0.5095434,1,0,1,0,0,32,1,0,1,0,2,0,0,0,0,0,1,2,74.4,2276.95,0.0027433606,0.095965974,-0.004638309,0.02227729,-0.40986735,-0.011857629,-0.12842008,0.15375741,0.19440345,-0.04769093,0.012830532,0.16488647,-0.025504136,-0.017404377,0.6650036,0.121521086,0.1771821,-0.032433137,0.15464848
6292-TOSSS,0,0.018566065,0,1,0,0,0,50,1,2,2,1,1,1,1,1,1,2,0,0,24.9,1195.25,0.05359575,-0.054125603,0.0028798005,0.027717685,-0.1803195,-0.006587915,0.075344004,0.050619155,-0.26994807,-0.077852085,-0.008170078,-0.18703167,-0.042162135,-0.06425561,-1.6909862,-0.11882243,-0.086005785,-0.6198215,0.277478
5207-PLSTK,0,0.44428232,0,1,0,1,1,1,1,0,0,2,0,0,0,0,0,0,1,3,48.75,48.75,-0.011427038,-0.05965922,0.0020669284,-0.049790435,0.8302611,-0.023069603,-0.08569818,-0.19906162,-0.38997978,0.05176248,-0.009822682,0.15950237,-0.02473233,-0.022016192,0.77845573,0.121427365,-0.16839388,-0.27557075,0.20117104
3908-BLSYF,1,0.64456534,1,0,0,0,0,6,1,0,1,0,0,2,0,0,2,0,0,2,83.9,497.55,0.019559788,-0.028810328,-0.013289282,0.010386594,0.4081363,-0.007471827,-0.15019375,0.15375705,0.28288952,0.09828498,-0.0046999427,0.06565252,-0.017222593,0.029927298,0.7604666,-0.25685188,0.07874557,0.28647542,-0.07128165
4317-VTEOA,1,0.5995818,1,1,0,0,0,1,1,0,0,0,2,0,0,0,0,0,1,2,50.75,50.75,-0.005205062,-0.035365608,2.3152577e-05,0.018611863,0.7447369,-0.041484725,-0.14024742,-0.2974526,0.22659296,-0.10096109,0.007288103,0.16058205,-0.01494594,-0.0081063695,0.7331874,0.12827016,0.12923849,-0.29345334,0.2416396
0625-AFOHS,0,0.007419922,0,0,0,1,1,29,1,0,2,1,1,1,1,1,1,2,0,3,20.2,558.8,0.01867859,-0.04699914,0.005352965,-0.08021979,-0.340503,-0.008425994,-0.17835507,0.04742868,-0.29486936,-0.09700115,-0.018082196,-0.15838553,-0.031978182,-0.07274349,-1.6253312,-0.10455789,-0.20623684,-0.6694269,0.014741546
4667-OHGKG,1,0.4512277,0,1,0,0,0,1,1,0,2,1,1,1,1,1,1,0,1,3,19.3,19.3,-0.0432291,-0.06209871,-0.0099860355,0.037956364,0.9922308,-0.014780536,-0.19265974,0.0669999,-0.45167845,-0.038035553,-0.017578866,-0.30159023,-0.00521292,-0.010787165,0.8041721,0.11661073,0.04617457,-0.2920415,0.22904827
2386-OWURY,0,0.16195983,0,0,0,0,0,58,1,0,1,0,0,0,2,2,2,0,1,2,95.3,5817.7,-0.019869775,-0.025144666,0.018536968,0.033961654,-0.9424045,-0.012900495,-0.2634723,0.12559944,0.1629673,0.061990768,0.016152723,-0.3464096,0.04310602,0.01422885,0.42570305,0.06707684,0.18915735,0.15567198,-0.2984447
3780-DDGSE,0,0.105039336,0,1,1,1,1,35,1,0,0,0,2,0,2,2,2,0,1,2,76.05,2747.2,-0.038420327,0.11059655,0.042579766,-0.14702797,-0.6748953,-0.053872954,-0.11186315,-0.36841553,0.12512566,-0.08535872,0.016471481,-0.39145282,0.014682776,0.016768677,0.42860743,0.06280414,0.13523318,-0.22418176,0.04939986
1047-RNXZV,0,0.012597623,0,1,0,0,0,43,1,0,2,1,1,1,1,1,1,2,0,3,19.55,876.15,-0.016126743,-0.061837964,0.0024141697,0.033076614,-0.33679625,-0.009377829,-0.18447806,0.046287227,-0.2970148,-0.08408663,-0.014168706,-0.14344321,-0.028829038,-0.091550946,-1.5717509,-0.11572792,-0.10810196,-0.4130288,0.08219817
3926-YZVVX,0,0.03283108,0,0,0,0,0,41,1,0,0,0,0,0,2,0,0,1,0,0,50.05,2029.05,0.0054812464,-0.02103223,0.00056129973,0.0062465244,-0.33259156,-0.022938404,-0.06155952,-0.17601441,0.16896677,0.032290593,0.013816947,-0.1328207,-0.02652818,-0.11336037,-0.79147464,-0.16951525,-0.24790047,-0.33975306,-0.12564684
4742-TXUEX,0,0.008232987,0,0,0,1,1,47,1,0,2,1,1,1,1,1,1,2,0,0,19.3,890.5,0.018250166,-0.047446564,0.010470904,-0.09011743,-0.56102216,-0.006281847,-0.17206372,0.054228786,-0.258789,-0.09133054,-0.02032356,-0.18043266,-0.016354123,-0.071785346,-1.6176116,-0.06580271,-0.01623728,-0.7280626,0.11859925
8709-KRDVL,0,0.55050004,1,0,0,0,0,33,1,2,1,0,2,0,0,2,2,0,1,2,100.0,3320.6,-0.0068215365,-0.024095211,-0.03438278,0.03726416,-0.4077867,-0.010891228,0.11411379,0.17705414,0.24529389,-0.110231124,0.0068967547,0.10306996,0.041575305,0.030221041,0.68453676,0.1349957,0.12731077,0.4943124,-0.35051912
0397-ZXWQF,0,0.0061017713,0,1,0,0,0,67,1,0,2,1,1,1,1,1,1,2,0,0,20.5,1430.95,0.0009195636,-0.026922094,-0.03315268,0.023123967,-0.4853637,-0.008819068,-0.12763456,0.04486662,-0.2527507,-0.07682297,0.010328307,-0.17424214,-0.04519862,-0.07706198,-1.6472882,-0.055843253,-0.06487778,-0.70118546,-0.34590608
3910-MRQOY,0,0.0056172446,0,0,0,1,0,72,1,0,2,1,1,1,1,1,1,2,0,0,19.4,1496.45,-0.010928673,-0.03482512,0.05993677,0.02522919,-1.6936455,-0.0356908,-0.09409709,0.052867875,-0.40419224,-0.08212963,-0.024080412,-0.17729995,-0.081891626,-0.074236035,-1.7081047,-0.1203744,-0.046479005,0.16153184,0.16135609
2511-MORQY,0,0.04187074,0,1,0,1,1,50,1,2,0,0,0,2,0,0,0,1,0,0,54.9,2614.1,0.007957229,-0.015480406,0.0025709546,-0.028765619,-0.41987738,-0.036215525,0.04520101,-0.20617908,0.18911454,0.04491758,2.3631728e-06,0.089068025,-0.03880899,-0.22318488,-0.8424892,-0.16135322,-0.35566488,-0.19137019,0.059387658
4039-PIMHX,0,0.12611419,0,1,1,1,0,49,1,0,0,0,2,0,0,0,0,2,0,3,49.8,2398.4,-0.00022831594,0.39443332,0.0029927844,0.03436771,-0.34590948,-0.04244877,-0.040258173,-0.16848938,0.4000631,-0.039524455,-0.0005296166,0.13780907,-0.06461833,-0.03405738,-1.2283329,-0.12437321,0.047184765,0.0030235674,0.18235956
8083-YTZES,1,0.7370555,1,1,0,0,0,4,1,2,1,0,0,0,0,0,0,0,1,2,74.35,265.35,0.013893472,-0.024259273,-0.002372703,0.022126274,0.43151417,-0.0134218605,0.1968091,0.1713755,0.28492305,0.058233898,0.0047937967,0.16633311,-0.025618866,-0.05534007,0.8197411,0.1462691,0.13246061,-0.110300206,-0.13721502
1346-PJWTK,0,0.06579109,0,1,0,1,0,61,1,0,1,0,2,2,2,0,2,0,0,1,94.15,5731.85,-0.008799955,-0.017178737,-0.0153036555,0.0153230475,-1.2174202,-0.011004962,-0.1986365,0.11134467,0.16366099,-0.09019303,-0.02307235,-0.31349388,-0.12694028,0.010702347,0.4228859,-0.13322154,-0.07757125,0.104563214,-0.1996346
3750-YHRYO,0,0.032731485,0,1,0,1,1,7,1,0,2,1,1,1,1,1,1,1,0,3,20.65,150.0,-0.022883981,-0.021798018,0.0072881863,-0.055057038,0.26545578,-0.003609678,-0.14302517,0.03265939,-0.37497708,-0.04920581,-0.028393863,-0.16277002,-0.016448934,-0.19552183,-0.75232714,-0.1314276,-0.0969306,-0.5626081,-0.025331257
1236-WFCDV,1,0.48917845,0,1,1,0,0,14,1,0,1,0,0,0,0,2,2,0,0,1,90.45,1266.1,-0.01799491,0.2264605,-0.032478638,0.016424587,-0.059865538,-0.014915161,-0.12641847,0.11629636,0.1872521,0.08124605,0.018351242,0.09012542,0.05831142,0.10574981,0.6823095,-0.13271482,-0.21204421,0.24551624,-0.22567919
5949-HGVJL,0,0.13023604,0,0,0,1,0,26,1,0,0,0,2,0,2,2,2,0,1,2,73.05,1959.5,0.03493991,-0.02205615,0.009882674,0.027187983,-0.5361839,-0.063902274,-0.109160796,-0.38379335,0.1301291,-0.056124326,0.011457626,-0.33339164,0.024091514,0.003545562,0.50707084,0.105092324,0.14581908,-0.19134735,-0.15290493
9112-WSNPU,0,0.44286132,0,0,1,0,0,35,1,0,1,0,0,0,0,0,0,0,0,2,70.55,2419.0,0.0026752702,0.13602628,-0.004049548,0.01028047,-0.4250954,-0.016129365,-0.04684634,0.15260953,0.18004428,0.079127945,0.013551762,0.14853488,-0.03068991,-0.058202147,0.64572924,-0.21027641,0.16906045,-0.14268088,0.21599801
1360-JYXKQ,0,0.24566802,0,0,1,1,0,54,1,0,1,0,0,2,2,2,2,1,1,2,99.1,5437.1,-0.062004816,0.123278804,0.009507358,0.040461812,-0.39039797,-0.02122063,-0.19821206,0.061610907,0.16741566,0.106135964,-0.0049276054,-0.19474505,0.053149182,0.09891072,-0.51770264,0.08943805,0.14668916,0.5930526,-0.17306542
3585-ISXZP,1,0.701583,1,0,0,0,0,8,1,2,1,0,0,0,0,2,2,0,0,0,95.65,778.1,0.007561509,-0.039218914,0.029219046,0.026024142,0.24449478,-0.008945705,0.16258343,0.16499917,0.122642905,0.107592665,0.012981705,0.08409179,0.07417969,0.06359147,0.74175996,-0.3668234,-0.14794755,0.5234981,0.1017878
8380-PEFPE,1,0.7898766,1,1,0,0,1,1,1,0,1,0,0,0,0,0,0,0,1,2,71.65,71.65,-0.0061626155,-0.014957123,-0.0022664452,-0.049634714,0.7925828,-0.020756481,-0.1260963,0.17111318,0.2657555,0.06070077,0.006976844,0.21407153,-0.016918289,-0.009060641,0.8675769,0.09291556,0.15318282,-0.17630026,0.17068383
9402-ROUMJ,0,0.17096464,0,0,0,1,1,67,1,2,1,2,0,2,2,0,2,1,1,0,100.25,6689.0,-0.014325144,-0.003881619,0.001855212,-0.09357175,-0.388985,-0.00041933265,0.07835605,0.04634075,-0.23315075,0.10927944,0.020059552,-0.21244115,-0.031453565,0.16582048,-0.49026018,0.06909836,-0.006152998,0.69190073,-0.23765004
4335-UPJSI,0,0.0074049416,0,0,0,0,1,24,1,0,2,1,1,1,1,1,1,2,0,3,19.75,498.1,0.01673981,-0.046952344,0.0030475212,-0.074829206,-0.41457978,-0.0054749823,-0.18083644,0.033811722,-0.29456446,-0.09608784,-0.021735359,-0.16085052,-0.025397139,-0.07087584,-1.684027,-0.10101019,-0.23848245,-0.36328653,-0.12355816
6096-EGVTU,0,0.020526215,0,0,0,1,1,64,1,2,2,1,1,1,1,1,1,1,0,3,24.9,1595.5,-0.025150444,-0.02165687,0.022183226,-0.06365686,-0.7361456,-0.006055499,-0.0050504673,0.04753236,-0.35987636,-0.04069882,-0.028007183,-0.19572183,-0.021650914,-0.028594125,-0.59557176,-0.09867942,-0.07122235,-0.40104067,-0.18702257
8988-ECPJR,1,0.36620814,0,0,1,1,1,34,1,2,1,0,2,0,0,0,0,0,1,3,79.6,2718.3,0.0033392627,0.14753114,0.011829183,-0.13817133,-0.6478205,-0.01844911,0.071173444,0.14572461,0.22784051,-0.047545116,-0.010274389,0.1261014,-0.023766493,-0.053243306,0.63908046,0.09980017,-0.19045036,0.10360157,0.05440548
7677-SJJJK,0,0.035225183,0,1,0,1,1,8,1,0,2,1,1,1,1,1,1,1,0,1,19.9,153.95,-0.025149053,-0.013206734,0.029941961,-0.055021204,0.24890248,-0.0014333436,-0.14960766,0.033046547,-0.3181263,-0.048064433,-0.012177406,-0.16426869,-0.0070082243,-0.20167688,-0.86487406,-0.1145253,-0.14352418,-0.4316201,-0.022514923
5850-BDWCY,0,0.10187323,0,0,0,0,0,6,1,0,2,1,1,1,1,1,1,0,0,3,20.2,123.65,0.044398155,-0.052756183,-0.004044243,0.015870886,0.27923185,-0.006187282,-0.14746624,0.05237885,-0.5667573,-0.07138904,-0.017571684,-0.26544285,-0.029219575,-0.03542089,0.6198714,-0.22274981,-0.1258188,-0.511546,-0.08273786
2025-JKFWI,1,0.7162963,1,1,0,0,0,13,1,2,1,0,0,0,2,2,2,0,1,3,99.0,1301.7,-0.050925285,-0.029360872,-0.029881844,0.037445854,0.059145104,-0.0037393686,0.15664743,0.122805,0.1486938,0.07149316,-0.0068415217,-0.29859152,0.08979648,0.05556515,0.6921064,0.13847247,-0.05190249,1.0419087,-0.16744736
8028-PNXHQ,0,0.0057073087,0,1,0,1,1,62,1,2,2,1,1,1,1,1,1,2,1,0,24.25,1424.6,-0.033923782,-0.03479367,0.023755426,-0.083373204,-0.80575585,0.002312354,0.035390183,0.044361982,-0.2678071,-0.07011661,-0.0090201795,-0.20736822,-0.05906082,-0.058737174,-1.6827962,0.0494927,-0.3043043,-0.6799395,0.030625552
8397-MVTAZ,1,0.60439616,1,1,0,1,0,34,1,2,1,0,0,2,0,2,2,0,1,2,100.05,3480.0,0.015584845,-0.025356743,-0.006946149,0.027199952,-0.481006,-0.020121912,0.19220802,0.1774469,0.24381493,0.08997204,-0.0065601305,0.11078316,0.05202177,0.039650034,0.6547336,0.13808799,0.15814109,0.5448456,-0.43145666
4445-ZJNMU,0,0.8423152,1,1,0,0,0,9,1,2,1,0,2,0,0,2,2,0,1,1,99.3,918.75,-0.014865449,-0.024312448,-0.012343766,0.044450317,0.3101217,-0.011372823,0.2042322,0.18435624,0.15825257,-0.15679851,0.013153344,0.14950645,0.049706087,0.027018053,0.75093913,0.17399311,-0.12326613,0.8714373,0.13057403
3125-RAHBV,0,0.022897728,0,1,0,0,0,22,1,0,2,1,1,1,1,1,1,1,0,1,20.3,467.15,-0.014321139,-0.020343138,-0.003443425,0.009465303,-0.09038434,-0.0034376737,-0.19823304,0.030304963,-0.26254794,-0.039948083,-0.018378275,-0.15464398,-0.013982228,-0.23727122,-0.692605,-0.13065492,-0.098784395,-0.67311853,-0.0920015
6682-QJDGB,1,0.13364476,0,1,0,0,1,40,1,0,0,2,2,0,0,0,0,0,1,3,55.25,2139.2,-0.0008784331,-0.043802243,0.023038724,-0.08147166,-0.5608336,-0.039728068,-0.08402894,-0.18137191,-0.25736883,-0.021861514,-0.011272109,0.15711704,-0.03342423,-0.042907357,0.5926827,0.078851335,-0.27019238,-0.11344719,0.07101354
8840-DQLGN,1,0.23411645,0,0,1,1,0,35,1,2,1,2,2,0,2,2,0,0,1,0,100.5,3653.35,0.03052176,0.13322914,-0.008226747,0.037170004,-0.33163893,-0.0072417385,0.09960058,0.07356635,-0.40772057,-0.09213123,0.00908461,-0.22107437,0.040984005,-0.052845884,0.60234827,0.077284925,-0.15620425,0.6077046,-0.57039666
6258-NGCNG,0,0.1291655,0,1,0,0,0,7,1,2,2,1,1,1,1,1,1,0,0,3,23.5,173.0,-0.014418828,-0.04565057,-0.003993973,0.025405336,0.25338265,-0.007528411,0.17907411,0.053422555,-0.58440197,-0.08311284,-0.017921753,-0.28917202,-0.026582394,-0.03498955,0.5826734,-0.27992195,-0.15154262,-0.3481142,-0.06573902
5917-RYRMG,0,0.01629562,0,1,1,0,0,32,1,0,2,1,1,1,1,1,1,1,0,1,19.8,587.7,-0.021230763,0.17568842,-0.005264996,0.01607436,-0.35471797,-0.0058703683,-0.2247915,0.04413502,-0.23057136,-0.0431322,-0.0022468106,-0.16132323,-0.013854257,-0.25149944,-0.9637331,-0.09757083,-0.16217631,-0.5899714,-0.15914673
7157-SMCFK,0,0.016438028,0,1,0,0,1,61,1,0,2,1,1,1,1,1,1,2,0,3,19.75,1124.2,0.051981285,-0.046828628,0.021424191,-0.07888902,-0.43396702,-0.004556752,-0.15348962,0.046798714,-0.30486664,-0.13721527,-0.0052968813,-0.1900399,-0.06139163,-0.0716019,-1.65834,-0.18214597,-0.15135004,-0.05585616,0.37327418
0816-TSPHQ,0,0.09714596,0,1,0,0,0,2,1,0,2,1,1,1,1,1,1,0,0,3,20.75,44.2,-0.0485016,-0.06190679,-0.003993973,0.015283677,0.45310766,-0.015484197,-0.19014102,0.03659053,-0.5693702,-0.080958396,-0.017138695,-0.32486206,-0.013143545,-0.024473557,0.6036222,-0.23763753,-0.10560071,-0.5072873,-0.088225424
6766-HFKLA,0,0.04894455,0,0,0,1,0,56,1,2,1,0,0,2,2,2,2,2,0,0,103.2,5744.35,-0.028898887,-0.03140103,0.0014367618,0.027769178,-0.29859835,-0.0071113715,0.07190864,0.05293678,0.0684944,0.1722401,-0.0060977032,-0.1693464,0.016586509,0.03265744,-1.8086993,-0.22050905,-0.0073784753,0.23246486,-0.016112506
7067-KSAZT,1,0.3141918,0,0,1,1,0,65,1,2,1,0,2,2,0,2,2,1,1,2,106.25,6979.8,-0.1884201,0.0663456,-0.010692493,0.043096546,-0.40317363,-0.022536272,0.07527134,0.07425848,0.235638,-0.07667023,0.039192386,0.08784685,0.038274717,0.11463701,-0.778268,0.048342135,0.14909025,0.87409014,-0.09769198
5155-AZQPB,0,0.091541745,0,0,0,1,1,28,1,2,0,0,0,0,0,0,0,0,0,3,49.9,1410.25,0.0020704141,-0.04312166,0.03511506,-0.010240316,-0.62310857,-0.07471727,0.07127906,-0.4580938,0.17095198,0.044637956,-0.0024398977,0.112746045,-0.05646522,-0.03648759,0.4518486,-0.18189372,-0.181427,-0.3652349,-0.10114655
6890-PFRQX,0,0.14446497,0,1,0,0,0,18,1,2,0,2,0,2,0,2,0,0,0,3,69.5,1199.4,0.041745327,-0.06405071,-0.002438983,-0.0024498585,-0.28791434,-0.03496185,0.047066953,-0.24029933,-0.219593,0.086851746,0.050235003,0.12083256,0.05848568,-0.04482778,0.60203856,-0.25969413,-0.21862334,-0.38345158,0.021583984
3508-VLHCZ,0,0.0033917006,0,0,0,1,1,71,1,2,0,2,2,2,2,2,2,2,1,1,90.55,6239.05,-0.01803474,-0.029040305,0.0022457836,-0.03274921,-1.4793495,-0.03541676,0.112398185,-0.11588824,-0.42319378,-0.15323918,-0.035844203,-0.19836892,0.028991902,0.012685884,-1.837844,0.0527457,-0.093669154,-0.39616883,0.0059393803
3649-JPUGY,0,0.005140696,0,1,0,0,0,72,1,2,0,0,2,2,2,2,2,2,1,0,88.6,6201.95,0.022163201,-0.042435113,-0.089303225,0.0043627713,-1.7281429,-0.044349622,0.07704155,-0.1383833,0.40046185,-0.12981804,-0.03763434,-0.33346558,0.03821656,0.025301563,-1.7734306,0.067345165,-0.14641327,-0.3197349,-0.06796816
9248-OJYKK,1,0.934943,1,1,1,0,0,1,1,2,1,0,0,0,0,0,0,0,1,2,76.45,76.45,0.019729842,0.14339499,-0.01289595,0.033110566,0.9386177,-0.021282066,0.17757688,0.17969926,0.24296167,0.047773946,0.027557274,0.2267907,-0.014978978,-0.053283837,0.94574374,0.12926733,0.12553127,0.19664972,0.38248262
7239-HZZCX,1,0.35558853,0,1,0,0,0,1,1,0,2,1,1,1,1,1,1,0,0,3,19.75,19.75,-0.034070805,-0.07977657,-0.011036036,0.012276214,0.8195588,-0.009318287,-0.15189055,0.06675082,-0.4829236,-0.02544185,-0.017138695,-0.26498675,-0.0060235,-0.0011911805,0.75467217,-0.2138391,-0.059712008,-0.08691926,0.24567217
9860-LISIZ,0,0.027137551,0,0,0,0,0,34,1,0,2,1,1,1,1,1,1,0,0,3,20.35,673.2,0.040087905,-0.05313123,-0.004339686,0.02163433,-0.7309882,-0.010595662,-0.19809568,0.06727476,-0.42792606,-0.070185326,-0.0108907735,-0.29970965,-0.027031582,-0.05010628,0.5137366,-0.20764597,-0.19901259,-0.78240615,-0.100767575
6979-ZNSFF,1,0.79265237,1,0,0,0,0,8,1,2,1,0,0,0,0,2,0,0,1,2,87.05,762.1,-0.015162429,-0.027611816,0.0017808886,0.036658164,0.27406666,-0.014658488,0.16909958,0.17061642,0.31164595,0.06694856,0.0057544233,0.10618156,0.062406108,-0.04816812,0.86518836,0.13658388,0.11013947,0.19152075,-0.012777367
8938-UMKPI,1,0.6003667,1,0,0,0,0,47,1,2,1,0,2,2,0,2,2,0,1,2,106.4,5127.95,-0.040094156,-0.027518407,-0.00883498,0.038000148,-0.47499624,-0.014895847,0.12381677,0.17677088,0.22819126,-0.09810737,0.03396982,0.13709414,0.040937953,0.03205382,0.5763051,0.10520702,0.15322308,0.75137013,-0.27627444
1820-DJFPH,0,0.0021999478,0,0,0,1,1,72,1,2,2,1,1,1,1,1,1,2,1,0,24.05,1709.15,-0.020329168,-0.030501548,0.019001814,-0.04036968,-1.8164613,-0.01756639,0.09608891,0.042530645,-0.4091884,-0.1034798,-0.02163431,-0.21843867,-0.07907125,-0.07931135,-1.6740344,0.044126566,-0.10157359,-0.38363165,-0.2740497
0732-OCQOC,0,0.012441115,0,0,0,1,1,52,1,2,2,1,1,1,1,1,1,2,1,0,25.05,1270.25,-0.0035944511,-0.038068645,0.008794802,-0.10183216,-0.18702413,0.002542524,0.067935474,0.045603402,-0.24940525,-0.09610827,-0.016176902,-0.20748116,-0.043774042,-0.06650792,-1.7087352,0.028248938,-0.05448746,-0.6977248,-0.007209055
6776-TLWOI,1,0.109795466,0,1,0,0,0,3,1,0,2,1,1,1,1,1,1,0,0,3,19.85,64.55,-0.04384582,-0.06190679,-0.010235908,0.014879735,0.44491023,-0.011599771,-0.18509111,0.047872167,-0.5693702,-0.080958396,-0.017138695,-0.32544664,-0.013143545,-0.05521856,0.63992965,-0.23895107,-0.17507836,-0.39010948,-0.013103814
4940-KHCWD,0,0.008765443,0,0,0,1,0,60,0,1,0,2,2,0,2,0,0,2,0,0,37.7,2288.7,-0.0019200448,-0.038806885,0.021191934,0.046771824,-0.8290205,0.166944,0.0050352123,-0.08803815,-0.19785438,-0.09248233,0.007873432,-0.18045643,-0.09280232,-0.055689372,-1.6002492,-0.10912027,-0.34342414,-0.31130123,0.014438573
9057-SIHCH,1,0.8959303,1,0,0,0,0,3,1,2,1,0,0,0,0,2,2,0,1,2,96.6,291.9,-0.0035219435,-0.023871453,0.031229664,0.02352801,0.4730964,-0.013935154,0.2704901,0.17056702,0.19330522,0.10937325,0.004882198,0.109580874,0.04501857,0.079118386,0.8023144,0.19304973,0.08526848,0.6516565,0.0008767635
9866-QEVEE,1,0.4935329,0,1,0,0,0,19,1,2,1,0,0,0,0,0,2,0,1,0,86.0,1532.45,-0.0077205403,-0.01626066,-0.015791092,0.020531183,-0.24051122,-0.010747151,0.14658478,0.14970468,0.20051989,0.028470663,0.014117647,0.13396686,-0.05031889,0.054050706,0.69317245,0.12209952,-0.24743336,0.13419743,-0.08527705
5542-TBBWB,0,0.83906245,1,1,0,0,0,1,1,0,1,0,0,0,0,0,0,0,1,2,69.9,69.9,-0.0058266176,-0.016828073,-0.0021083006,0.01673871,0.8028911,-0.020666573,-0.15616888,0.17111318,0.2648423,0.051000945,0.007412879,0.23212203,-0.017399482,-0.010332179,0.88242424,0.098059215,0.1569009,-0.048938304,0.29525667
4587-VVTOX,1,0.76719284,1,0,0,1,0,6,1,2,1,0,2,2,0,2,2,0,1,2,105.3,545.2,-0.008555519,-0.03113458,0.013406872,0.036781315,0.33646002,-0.016135806,0.21152964,0.18866518,0.12675488,-0.13776796,0.00840323,0.12058833,0.052137796,0.05069602,0.7619415,0.170634,0.017991995,0.30388287,0.035473295
6322-HRPFA,0,0.07710185,0,1,0,1,1,49,1,0,0,2,2,0,2,0,0,0,0,1,59.6,2970.3,-0.046709105,-0.030670708,0.0041294056,-0.06770608,-0.6336454,-0.020667994,-0.064670935,-0.18305947,-0.22134659,-0.071439974,0.00821957,-0.3407852,-0.014917971,-0.03228283,0.50413203,-0.1130685,-0.07296485,-0.16810493,0.13239367
6284-AHOOQ,1,0.29362458,0,1,1,0,0,22,1,2,1,0,0,0,2,2,0,0,1,0,90.5,1910.6,-0.04332464,0.086512744,0.0012280559,0.025687495,-0.27994177,-0.008998215,0.1216222,0.11455153,0.17058302,0.051732484,0.011948494,-0.4129994,0.052697055,-0.05528307,0.64919066,0.077986635,-0.30395344,0.18693103,-0.2747903
4530-NDRKU,0,0.01529048,0,0,0,1,1,42,1,0,2,1,1,1,1,1,1,1,1,2,19.05,761.85,0.009182412,-0.022733925,0.007043047,-0.09443736,-0.5274682,0.003145341,-0.1898316,0.050692745,-0.31246397,-0.08387808,-0.0313684,-0.1549722,-0.0032005878,-0.1879791,-0.90028167,0.31532788,0.13069026,-1.1058264,-0.01753102
1751-NCDLI,0,0.7410328,1,1,1,1,0,46,1,2,1,0,0,2,0,2,2,0,1,2,98.85,4564.9,0.033581506,0.17935362,0.012400761,0.03034341,-0.47391415,-0.027391352,0.21140468,0.16285352,0.21236034,0.092233576,-4.679944e-05,0.14364153,0.053554792,0.046147607,0.64340293,0.117050566,0.21147686,0.66378033,-0.21166542
3893-JRNFS,0,0.12173701,0,1,0,0,0,68,0,1,0,0,0,2,0,0,2,0,1,0,39.9,2796.35,-0.002423794,-0.013136626,-0.007790153,0.034747936,-0.8904612,0.12619631,0.095819384,-0.2951033,0.18366568,0.035273474,-0.0025700708,0.17277831,-0.048587494,0.051984537,0.5321284,0.08442272,-0.22891006,-0.35634908,-0.39854243
5857-XRECV,0,0.05650015,0,0,0,0,1,2,1,0,2,1,1,1,1,1,1,1,0,0,20.5,38.25,0.030925348,-0.04823482,-0.00431975,-0.038934562,0.3788875,-0.009650465,-0.14265145,0.023095638,-0.31392998,-0.05093987,-0.0126103945,-0.14921151,-0.0037839047,-0.13434623,-0.8022261,-0.11159686,0.021459317,-0.4439025,0.045843087
3115-CZMZD,0,0.015595729,0,1,0,0,1,0,1,0,2,1,1,1,1,1,1,2,0,3,20.25,0.0,-0.050526273,-0.07738965,0.00837868,-0.052236944,0.36252704,-0.008336193,-0.13626595,0.04207179,-0.31864622,-0.07603228,-0.0163428,-0.11668827,-0.011147342,-0.032513615,-2.2255373,-0.11319886,-0.031088911,-0.40446523,0.16162382
4489-SNOJF,1,0.16551846,0,0,0,1,1,35,1,2,0,2,0,2,2,2,0,0,0,2,72.25,2568.55,0.047065686,-0.024262756,0.004008533,-0.025272371,-0.43253976,-0.022358373,0.023797845,-0.21108776,-0.18750872,0.098203234,-0.0027377359,-0.313292,0.051129818,-0.026311848,0.5319362,-0.13684225,0.14871313,-0.18802963,0.096886076
1051-GEJLJ,0,0.18439317,0,0,0,0,0,2,1,0,2,1,1,1,1,1,1,0,0,3,19.5,27.55,0.050266657,-0.07790853,-0.011086306,0.014323139,0.41474923,-0.008684813,-0.144858,0.049526285,-0.5307141,-0.049679093,-0.018011855,-0.28785378,-0.013259929,-0.030942427,0.6534795,-0.2009883,-0.014198134,-0.447661,0.21586417
3563-SVYLG,0,0.005642609,0,1,0,1,1,68,1,0,0,2,2,2,2,0,0,2,0,1,62.65,4375.8,-0.003030704,-0.036579773,0.0002922372,-0.07561815,-0.5801078,-0.014219393,-0.11996952,-0.10592843,-0.1711375,-0.114070535,-0.0053030895,-0.16060163,-0.05198001,0.005018394,-1.665135,-0.07549504,-0.10385438,-0.42003816,-0.42476556
4301-VVZKA,0,0.6368162,1,1,0,1,0,16,1,2,1,0,0,0,0,0,0,0,1,2,75.4,1189.4,0.06412025,-0.03852297,0.06448096,0.03207176,-0.031241529,-0.0172872,0.15204245,0.14103103,0.23980297,0.04974493,0.008632953,0.14815599,-0.0358934,-0.035634,0.74330235,0.16101474,0.21579762,-0.28684062,0.03601931
9351-HXDMR,0,0.0143011045,0,1,0,1,0,72,1,2,1,2,0,2,2,2,2,2,1,1,110.9,8240.85,0.08866178,-0.012845661,-0.04475995,0.025371833,-1.4275371,-0.022574568,0.10746608,0.04527858,-0.41189253,0.20640509,-0.0013264582,-0.131322,0.027841788,0.037677057,-1.9679494,0.056632172,-0.09252883,0.14808849,0.18552569
5161-XEUVX,0,0.05840719,0,1,0,1,0,37,1,2,1,0,0,2,2,2,0,2,0,3,94.3,3460.95,0.0005211892,-0.036564935,-0.012643965,0.00981576,-0.3320382,-0.01586362,0.08153287,0.056428492,0.23589975,0.1587711,0.039388616,-0.16997078,0.044032164,-0.023013256,-1.6679828,-0.16969433,0.031070447,0.5422513,-0.50284743
3088-FVYWK,0,0.02050302,0,1,0,1,1,53,1,2,2,1,1,1,1,1,1,2,0,1,25.55,1336.1,0.0027642786,-0.039936505,0.031648785,-0.10295658,-0.049003106,-0.0076484615,0.119813904,0.045250412,-0.25966212,-0.067907065,-0.015743913,-0.19469962,-0.026427962,-0.07162926,-1.6797706,-0.08768687,-0.086663894,-0.5018949,0.17491312
9812-GHVRI,0,0.3170678,0,0,0,0,0,40,1,2,1,0,0,0,0,0,2,0,0,0,83.85,3532.25,0.00042708276,-0.04112663,-0.013714205,0.013457969,-0.43149963,-0.008604435,0.14653046,0.13703671,0.17838886,0.07777406,0.013646748,0.090724975,-0.015883883,0.051460784,0.68715316,-0.21872206,-0.15784255,0.160013,-0.38727486
1370-GGAWX,0,0.24647622,0,0,0,0,0,46,1,2,1,0,2,2,0,0,2,1,1,2,94.15,4408.45,-0.06982799,-0.03496903,-0.0019384508,0.037838772,-0.29104826,-0.010636564,0.14087242,0.07856557,0.19889598,-0.07993206,0.0038498177,0.09834716,-0.072486155,0.112307906,-0.7097207,0.08902664,0.23791404,0.37812716,-0.17345615
6023-YEBUP,1,0.87989414,1,1,0,0,0,3,1,2,1,0,0,2,0,2,2,0,1,2,100.95,329.95,0.0021742259,-0.032532535,-0.006416756,0.02357564,0.44694814,-0.013940359,0.27712926,0.17425947,0.20596215,0.09281231,0.008001588,0.13650857,0.033582423,0.07903255,0.80295855,0.1796581,0.059441596,0.56203693,0.0094611645
9940-RHLFB,1,0.7676509,1,0,0,0,0,1,1,0,1,0,0,2,0,0,0,0,0,2,75.3,75.3,0.0074805133,-0.020051345,-0.003371906,0.009404035,0.8193452,-0.008739587,-0.10028979,0.16657588,0.26585892,0.08089907,0.003537902,0.18664467,-0.017085742,-0.018858362,0.8650059,-0.24800521,0.123259455,-0.0765454,0.20925532
4541-RMRLG,1,0.05897345,0,1,0,0,0,7,1,0,2,1,1,1,1,1,1,0,0,2,19.25,112.3,-0.042849556,-0.036907926,-0.010399242,0.024471276,-0.074040584,-0.00737718,-0.19459538,0.052697916,-0.52107865,-0.09171693,-0.0052480153,-0.33213168,-0.017685695,-0.0635815,0.59455234,-0.18700884,0.15907343,-0.8148618,-0.15196969
2606-RMDHZ,1,0.50125533,1,1,0,0,0,6,0,1,0,0,2,0,0,0,0,0,1,1,30.5,208.7,0.007515437,-0.019131396,0.01971286,0.052610964,0.46603078,0.065032266,0.15583214,-0.2327981,0.2397812,-0.09009561,0.0076098675,0.14913456,-0.03251921,-0.048695456,0.66262877,0.16850968,-0.15352099,-0.31850937,-0.0448816
5575-TPIZQ,0,0.284294,0,1,0,0,0,46,1,2,1,2,0,0,0,2,0,0,1,1,89.15,4245.55,-0.006744194,-0.038337905,0.0018863527,0.023914581,-0.36676803,-0.009203349,0.12755282,0.12514757,-0.36646783,0.09268306,0.014128486,0.14377657,0.053876538,-0.0501057,0.703954,0.058134563,-0.10954694,0.007960577,-0.27987614
9378-FXTIZ,1,0.083129756,0,0,0,1,0,54,1,2,0,0,0,0,0,2,2,1,1,1,70.15,3715.65,-0.10232391,-0.026683321,0.0040057525,0.01865006,-0.19615518,-0.021635676,0.139303,-0.18232271,0.17469311,0.039852545,0.007326248,0.097538516,0.038916256,0.13987249,-0.7300448,0.06374446,-0.17033851,-0.33624575,-0.30949008
4631-OACRM,1,0.6557021,1,1,1,0,0,15,1,0,1,0,0,0,0,0,2,0,1,2,79.4,1156.1,0.047128677,0.17050576,-0.017702522,0.016652014,-0.026520763,-0.005692666,-0.27594504,0.1132294,0.22835368,0.06198674,0.010529227,0.11514945,-0.025667839,-0.018834248,0.64175606,0.08613722,0.17916445,0.12834957,0.26484543
8593-WHYHV,1,0.86167806,1,1,0,0,0,3,1,2,1,0,0,0,0,0,2,0,1,2,85.3,264.8,0.012981547,-0.025129385,-0.011977106,0.022812162,0.5255127,-0.012982827,0.26374784,0.17335248,0.31368485,0.077918455,0.005351858,0.12028295,-0.020989906,0.08418973,0.81772625,0.16121766,0.10011148,0.33476585,-0.064054124
1403-GYAFU,0,0.005712883,0,1,0,1,1,70,1,0,2,1,1,1,1,1,1,2,0,1,20.05,1360.25,0.00054796366,-0.025250966,0.045050293,-0.09044233,-0.49186596,-0.0070052654,-0.24327962,0.045580927,-0.24928898,-0.08478218,-0.012621741,-0.18181513,-0.042999648,-0.08634334,-1.7029108,-0.0980906,-0.16396314,-0.60028297,-0.120312035
7641-TQFHN,0,0.033051535,0,1,0,0,1,39,1,2,1,0,0,0,2,2,2,2,0,3,100.55,3895.35,0.014223775,-0.02976231,0.07293988,-0.044544857,-0.18226396,-0.004212235,0.095179535,0.05917862,0.22353815,0.1543118,-0.003885037,-0.17077012,0.04689149,0.011889435,-2.1347005,-0.21695136,0.0070510004,0.16486074,-0.3898252
4237-CLSMM,0,0.0990024,0,1,0,1,0,2,1,0,2,1,1,1,1,1,1,0,0,3,20.0,38.0,-0.048444327,-0.07980367,0.009383046,0.014395189,0.44072568,-0.022757832,-0.19014102,0.039104246,-0.56934685,-0.08074313,-0.017138695,-0.3249684,-0.011195892,-0.029316328,0.6412779,-0.23708107,-0.13486634,-0.4629881,-0.09522738
4360-PNRQB,0,0.30120587,0,1,0,0,0,18,1,2,1,0,0,0,0,0,0,0,1,0,75.6,1395.05,0.010449184,-0.016435713,-0.071175635,0.019845296,-0.19416311,-0.01063999,0.12675439,0.14778131,0.17812896,0.030947518,0.012518559,0.17178455,-0.034541007,-0.060166128,0.7075722,0.12699927,-0.24325769,-0.40365228,-0.29108635
5334-AFQJB,0,0.003079882,0,1,1,0,0,72,1,2,2,1,1,1,1,1,1,2,1,1,25.1,1789.9,0.01605221,0.26032084,-0.011295112,0.025990747,-1.8803122,-0.031451695,0.10777728,0.034645334,-0.40301648,-0.07146287,-0.021202639,-0.21181624,-0.08041589,-0.082546815,-1.4581647,0.047069423,-0.16062991,-0.45402962,-0.3560662
9308-ANMVE,0,0.25084344,0,1,0,0,1,47,1,0,0,2,2,0,0,0,0,0,1,2,55.3,2654.05,-0.0010482256,-0.02411171,0.023038724,-0.09469992,-0.58705866,-0.037932754,-0.07973154,-0.19295235,-0.24458277,-0.046750505,0.00407649,0.18359338,-0.017654285,-0.01502725,0.6168289,0.082958065,0.19104388,-0.04897252,0.24408925
3530-VWVGU,0,0.0541169,0,0,0,1,1,22,1,0,2,1,1,1,1,1,1,0,0,3,19.9,400.3,0.03818979,-0.049106427,0.03085915,-0.05927158,-0.25054866,-0.0077668913,-0.17632213,0.05881364,-0.38248798,-0.07706042,-0.013192897,-0.31133804,-0.018929882,-0.041550554,0.5605059,-0.22966665,-0.25095764,-0.44450834,-0.18740736
4674-HGNUA,0,0.0029337157,0,1,0,1,1,71,1,2,0,2,2,2,2,2,2,2,0,1,89.9,6457.15,0.008914451,-0.030359557,0.003235036,-0.045610152,-1.3209003,-0.041880336,0.1157885,-0.12303204,-0.40186095,-0.15582837,-0.036165133,-0.19472599,0.032765165,0.0072578937,-1.7633177,-0.14100061,-0.10979891,-0.32469,-0.25811127
3030-YDNRM,0,0.71000385,1,1,0,0,0,8,1,2,1,0,0,0,0,0,0,0,1,2,74.85,572.45,0.016964816,-0.02393959,-0.002372703,0.033778135,0.26751092,-0.0134218605,0.17294812,0.17172995,0.2754862,0.056906216,0.0056293495,0.16690473,-0.04203947,-0.049295116,0.80568624,0.14564607,0.18717332,-0.13306616,-0.09760095
3642-BYHDO,0,0.0055384124,0,0,0,1,1,71,1,0,2,1,1,1,1,1,1,2,0,0,19.9,1389.35,-0.011466463,-0.024834223,0.055465005,-0.046428908,-1.2552878,-0.029472386,-0.1249,0.052867875,-0.3810972,-0.0831821,-0.023003394,-0.19185105,-0.080161944,-0.07491315,-1.6269453,-0.13586602,0.16203313,-0.2914744,-0.030746728
0440-UEDAI,0,0.11785903,0,0,0,0,0,53,1,0,1,0,2,2,2,0,2,1,1,1,94.45,5042.75,-0.05035007,-0.02545773,0.006818041,0.040243726,-0.43315968,-0.0053368784,-0.18604352,0.057155006,0.12465148,-0.051950186,-0.017600045,-0.1833122,-0.100304306,0.14706519,-0.43579188,0.05502826,-0.09127907,0.36173874,-0.17575242
9819-FBNSV,0,0.3687262,0,1,1,1,0,37,1,0,1,0,0,0,0,0,0,0,1,0,72.25,2575.45,-0.039687358,0.10227883,0.0076190373,0.01651782,-0.4533382,-0.011005988,-0.071885556,0.13914008,0.1358957,0.0415058,0.014217192,0.17619938,-0.030809969,-0.045795843,0.7063872,0.069167815,-0.25098208,-0.1490337,0.15514998
9289-LBQVU,0,0.06798307,0,1,0,1,0,64,1,2,0,0,2,0,2,0,2,1,1,3,70.15,4480.7,0.10109053,-0.039615724,-0.036284946,0.011604136,-0.9098348,-0.03263371,0.0648478,-0.19170208,0.36369172,-0.04817127,-0.0017280355,-0.21743673,-0.10091515,0.1724156,-0.24261566,0.09035732,-0.17567447,-0.18597864,-0.19028294
4468-YDOVK,0,0.31100348,0,1,0,0,1,5,1,0,0,0,0,0,2,0,0,0,1,0,48.65,235.2,-0.04570583,-0.015799804,-2.8985552e-05,-0.057403777,0.6184453,-0.0018533282,-0.1491016,-0.18737766,0.22536305,0.07199269,0.010915882,-0.29019487,-0.016531171,-0.028060079,0.56378293,0.080030024,-0.13265346,-0.21399967,-0.1780266
2001-EWBQU,0,0.09127299,0,0,0,0,0,60,1,2,1,0,2,2,0,2,2,2,0,2,104.7,6333.8,-0.048393685,-0.015622685,0.07193475,0.019614203,-0.62088865,-0.009873329,0.07348694,0.06655996,0.23401694,-0.14213082,0.0033567776,0.13447148,0.04962721,0.046863563,-1.7413379,-0.28580815,0.20119083,0.58499634,0.12897228
9992-UJOEL,0,0.502775,1,1,0,0,0,2,1,0,0,0,2,0,0,0,0,0,1,3,50.3,92.75,-0.007913558,-0.06253464,2.3152577e-05,0.014584326,0.6529104,-0.04291693,-0.13775596,-0.18973051,0.24992672,-0.07780725,-0.0091726985,0.15524071,-0.026974443,-0.01731921,0.6609456,0.14402692,-0.08815869,-0.2520515,0.0950036
8409-WQJUX,0,0.052067686,0,0,0,0,0,25,0,1,0,0,0,2,2,2,2,1,0,2,54.2,1423.15,-0.070893265,-0.031343345,-0.06512745,-0.006653771,-0.23999201,0.021978214,0.060505748,-0.14311829,0.21598357,0.038349975,0.0050871056,-0.22171958,0.028897699,0.04574653,-0.7000274,-0.19761536,0.16403173,-0.46498936,-0.29161385
3077-RSNTJ,0,0.115464546,0,0,0,1,1,6,1,0,2,1,1,1,1,1,1,0,0,3,19.7,113.5,0.04543267,-0.050660074,0.029532285,-0.056747973,0.2958947,-0.0045805955,-0.14394808,0.05402776,-0.5664171,-0.0797672,-0.019022312,-0.2742382,-0.01488003,-0.036726795,0.597269,-0.20737518,-0.051146064,-0.3686984,-0.13482204
6993-YCOBK,0,0.06084842,0,1,0,1,1,60,1,2,1,2,0,2,2,2,2,2,1,2,110.6,6586.85,0.06739043,-0.007994091,-0.13401413,-0.10558096,-0.63948184,-0.0037320787,0.07874286,0.04795575,-0.2404265,0.20451245,0.004446088,-0.18591097,0.037664738,0.03960271,-1.1946387,0.060868207,0.06558115,0.2931105,-0.07546142
4817-VYYWS,1,0.5785128,1,0,0,0,0,30,1,2,1,0,2,0,0,2,2,0,1,2,100.2,2983.8,-0.009714543,-0.020936463,-0.009252592,0.03366131,-0.40616688,-0.010891228,0.14708349,0.17705414,0.24529389,-0.110231124,-0.0018981298,0.105952516,0.041575305,0.030221041,0.6892388,0.14216128,0.13123222,0.3843384,-0.19282447
4702-HDRKD,0,0.020835778,0,1,0,0,0,67,0,1,0,2,0,2,2,2,0,1,1,0,49.35,3321.35,0.01842319,-0.018355476,-0.0024550701,0.034594864,-0.5478525,0.048192356,0.04424292,-0.09383666,-0.23156238,0.046977453,0.018178616,-0.18777478,0.02824404,-0.24431606,-0.7196855,0.036169156,-0.24035542,-0.3224221,-0.46720862
3251-YMVWZ,0,0.058984097,0,1,0,0,0,53,1,2,2,1,1,1,1,1,1,1,0,0,24.05,1301.9,0.017066635,-0.023690015,-0.0069961203,0.020391757,-0.09791906,-0.0029957462,0.15883885,0.052755594,-0.26019782,-0.028689051,-0.017993987,-0.20298031,0.00438449,-0.17307568,-0.6970812,-0.090331405,-0.055869102,-0.3199856,0.0039006867
4190-MFLUW,1,0.2595739,0,0,0,1,1,10,1,0,0,0,0,2,2,0,0,0,0,1,55.2,528.35,0.057033323,-0.019280396,-0.055945966,-0.052105498,0.30278745,-0.011921022,-0.069857076,-0.16307978,0.18742305,0.08494689,-0.016867911,-0.19521205,-0.024120446,-0.027237145,0.6030661,-0.15021163,-0.1375146,-0.11990559,-0.19095704
4678-DVQEO,1,0.4788718,0,0,0,0,0,1,1,0,0,0,0,0,2,0,0,0,1,2,52.2,52.2,0.04338447,-0.026005147,0.0009089493,0.014723334,0.65479565,-0.027644945,-0.114924446,-0.19064917,0.21452396,0.045072585,0.0071720174,-0.43556118,-0.016760278,-0.015982699,0.6932478,0.08420023,0.1334906,-0.27899846,0.17966908
4701-AHWMW,1,0.12715428,0,1,0,1,0,55,0,1,0,0,0,2,2,2,2,0,1,0,54.55,2978.3,-0.005306894,-0.025716547,0.0236057,0.030255634,-0.72125536,0.14324693,0.10267659,-0.25922704,0.17518802,0.05969298,-0.007933239,-0.43248323,0.059929002,0.04682235,0.49216336,0.07142067,-0.31546307,-0.2382964,-0.076451756
2987-BJXIK,0,0.008181109,0,0,0,0,0,70,1,2,0,2,2,2,0,2,2,2,0,3,84.7,5991.05,-0.019231068,-0.049987838,0.0013170751,0.0034315663,-0.49940082,-0.02330769,0.101095565,-0.12127913,-0.26640776,-0.13980702,0.03188201,0.15169106,0.021788158,0.032055903,-1.7612774,-0.1081918,-0.4068887,-0.24327795,-0.45268986
1730-VFMWO,0,0.07413234,0,0,0,1,0,34,1,0,0,0,0,0,2,0,0,0,0,0,50.2,1815.3,0.044625863,-0.029039733,0.0053496347,0.011787956,-0.63238394,-0.06296622,-0.052249767,-0.35376787,0.123731054,0.04490341,0.019854201,-0.26982817,-0.03741771,-0.026451612,0.49462914,-0.16635792,-0.13159876,-0.31719983,-0.1412734
1936-UAFEH,0,0.09629773,0,0,0,0,0,68,1,2,1,2,2,0,2,2,2,2,0,1,110.25,7279.35,-0.22422579,-0.012969763,0.06872886,0.04566116,-0.25661844,-0.0020013948,0.08288812,0.04739336,-0.21493572,-0.1720982,0.004734899,-0.088272914,0.026061527,0.04451551,-1.1931268,-0.1244675,-0.12967698,0.9434576,-0.034878112
5140-FOMCQ,0,0.33525622,0,0,0,1,0,59,1,2,1,2,2,2,0,2,2,1,1,1,109.15,6557.75,-0.050035845,0.0037025698,0.0047912095,0.06079133,-0.09978001,-0.007954487,0.05242688,0.054572523,-0.16959597,-0.06606235,0.005493856,0.09446875,0.05121959,0.16064884,-0.48870197,0.05247967,-0.10789334,0.8292574,-0.015109663
8778-LMWTJ,0,0.44188607,0,0,0,0,0,9,1,0,1,2,0,0,0,0,0,0,1,2,74.85,708.2,0.007370039,-0.012101879,-0.0036700945,0.015135712,0.18775246,-0.016017698,-0.11942426,0.10413506,-0.41415817,0.071236715,0.011179366,0.1529489,-0.033983998,-0.020774925,0.7665997,0.10537172,0.14311644,-0.09413029,-0.03487038
9840-DVNDC,1,0.6758588,1,1,0,0,0,6,1,0,1,0,0,0,0,2,0,0,1,1,80.5,463.05,-0.017247962,-0.01089394,-0.002964251,0.014869629,0.5302564,-0.011535683,-0.20894293,0.15359661,0.2790136,0.048793606,0.019909669,0.10912109,0.03460181,-0.037068624,0.8031807,0.1001924,-0.12864254,0.11512115,-0.007330102
8033-VCZGH,0,0.38084614,0,1,0,1,0,50,1,2,1,2,0,2,0,2,2,1,1,2,103.95,5231.3,0.058900684,-0.023320932,0.010758638,0.039639838,-0.17638527,-0.021753676,0.13163365,0.06275076,-0.26458806,0.095670946,0.005154166,0.0745871,0.0490355,0.14807503,-0.5428845,0.08609854,0.18617517,0.8427011,-0.1989815
8580-QVLOC,1,0.0035182505,0,0,1,1,1,72,1,2,0,2,2,2,2,2,2,2,0,1,92.45,6440.25,-0.024414532,0.37097496,0.004138789,-0.044842146,-1.9466271,-0.035587244,0.085016206,-0.084791005,-0.3925537,-0.122743964,-0.038521163,-0.19723201,0.02876653,0.011854745,-1.6894057,-0.17027614,-0.13968621,-0.13229606,-0.07881312
6128-AQBMT,0,0.50817317,1,1,1,1,0,41,0,1,0,0,2,2,0,2,2,0,1,2,53.95,2215.4,0.019780472,0.155177,0.08974165,0.044980753,-0.3240699,0.297162,0.14824341,-0.32627153,0.16708377,-0.06270712,0.0019852524,0.17543197,0.036304038,0.037661567,0.53361684,0.091548055,0.2154469,-0.24094567,0.021751765
6257-RJOHI,0,0.29564336,0,1,0,0,0,4,1,0,0,0,0,0,2,0,0,0,1,3,50.8,202.3,-0.046404637,-0.0327521,0.00095921964,0.014624962,0.6017679,-0.019275676,-0.15573482,-0.19169703,0.25225174,0.04956579,-0.008855796,-0.3100983,-0.032512233,-0.016463269,0.5762283,0.0721522,-0.13017829,-0.27814552,-0.16433814
1929-ZCBHE,0,0.049353924,0,1,0,1,1,47,0,1,0,2,0,2,2,0,0,1,0,2,40.3,1794.8,0.024950178,-0.024030706,0.030573286,-0.15851429,-0.33378813,0.078614235,0.067754194,-0.10795153,-0.22568351,0.057493113,0.026245657,-0.2150859,-0.039366227,-0.07513222,-0.6688601,-0.056496806,0.21077074,-0.32131928,-0.17907162
6242-SGYTS,0,0.05664705,0,1,0,1,1,62,1,2,1,2,2,0,0,2,0,1,1,1,94.95,5791.85,0.020055084,-0.013519407,-0.05658417,-0.10187024,-0.59595037,-0.0139889065,0.08697047,0.054539535,-0.23027158,-0.08189864,-0.0055313455,0.07239407,0.06011301,-0.24700779,-0.8362621,0.0695991,-0.036715362,0.3037342,-0.21118145
7010-ZMVBF,0,0.050613105,0,0,0,1,1,18,1,0,2,1,1,1,1,1,1,0,0,3,20.45,357.0,0.036394633,-0.049106427,0.009130345,-0.05932458,-0.18322319,-0.008877847,-0.15876205,0.053567477,-0.41399482,-0.07579987,-0.013192897,-0.28151047,-0.018929882,-0.041550554,0.53372544,-0.21101585,-0.2235582,-0.62967825,-0.14667347
3519-ZKXGG,1,0.7900462,1,0,0,1,0,3,1,2,1,0,0,0,0,0,0,0,1,2,75.85,256.6,-0.015314082,-0.024813361,0.07218474,0.022133682,0.5581131,-0.0063664764,0.16939984,0.16947255,0.3045003,0.056073293,0.0066981316,0.14474948,-0.024950078,-0.053889602,0.87980807,0.14141768,0.12441008,0.014041278,-0.16323929
5666-MBJPT,0,0.007123705,0,1,0,0,0,65,1,2,2,1,1,1,1,1,1,2,1,0,25.1,1725.0,0.010722056,-0.036499195,-0.004306405,0.026438667,-0.49877274,-0.009467886,0.05849274,0.037263226,-0.27127856,-0.09631863,-0.001446339,-0.2008109,-0.041559532,-0.08183935,-1.6248479,0.020831443,-0.1469278,-0.5434092,-0.48421773
3313-QKNKB,1,0.22063273,0,1,0,1,0,59,1,2,1,0,0,0,0,0,2,1,0,2,85.55,5084.65,0.06659345,-0.026673045,0.0051766336,0.0171594,-0.37199992,-0.022389939,0.09229129,0.07392869,0.30599913,0.078897074,0.008136643,0.10832312,-0.04645515,0.15001382,-0.643656,-0.219417,0.314007,0.1245508,-0.22724335
7581-EBBOU,0,0.04030265,0,0,0,0,0,60,1,0,0,0,2,2,2,2,0,1,1,1,70.15,4224.7,-0.021812376,-0.022624344,0.050246265,0.013588649,-0.6538135,-0.01575321,-0.12235051,-0.1350804,0.18390742,-0.041001227,-0.0255176,-0.17875332,0.035473883,-0.14992803,-0.6932364,0.061787125,-0.0646687,-0.18455827,-0.15688042
1784-BXEFA,0,0.09288556,0,0,0,0,0,10,1,0,2,1,1,1,1,1,1,0,1,3,20.55,187.35,0.045078892,-0.04089273,-0.0034947917,0.021048158,0.07723607,-0.012882061,-0.17969203,0.050019782,-0.5532083,-0.056041833,-0.010600889,-0.31102166,-0.035160974,-0.041753076,0.6174193,0.09740522,-0.20439152,-0.61109084,-0.07765214
7492-TAFJD,0,0.019434582,0,1,0,1,1,7,0,1,0,2,2,2,0,0,0,2,0,3,38.55,280.0,0.0113046,-0.037382696,0.002606167,-0.08728827,0.050724853,0.06521278,0.0401142,-0.08017833,-0.2917623,-0.09790025,0.097292095,0.14179352,-0.035370473,-0.084842615,-1.9456275,-0.10364309,-0.06705538,-0.35849518,-0.09135161
5213-TWWJU,0,0.23779784,0,1,0,0,0,28,1,0,1,0,0,2,2,0,2,0,0,2,91.0,2626.15,-0.05752645,-0.0356419,2.3790679e-05,0.013332737,-0.47973555,-0.0072907563,-0.15742083,0.13325392,0.18865551,0.084691085,-0.03156047,-0.34520382,-0.047350135,0.009610602,0.5755864,-0.18395552,0.13885255,0.09905284,-0.01293965
3312-ZWLGF,0,0.47441715,0,1,1,1,0,29,1,2,1,0,0,0,2,0,0,0,1,2,79.3,2414.55,-0.026998598,0.10080543,0.011742324,0.028125843,-0.43417352,-0.017937945,0.11025687,0.14015776,0.21275079,0.044327326,0.015618599,-0.36924607,-0.03385977,-0.01705727,0.65754145,0.0976751,0.25506395,0.21821688,-0.04620463
2923-ARZLG,0,0.07637907,0,1,0,1,1,0,1,0,2,1,1,1,1,1,1,1,1,3,19.7,0.0,-0.013407255,-0.050929483,0.031201987,-0.04110456,0.5946854,-0.014007139,-0.14374939,0.046012565,-0.35257006,-0.03806378,-0.028393863,-0.16004968,-0.0052311034,-0.16185017,-1.143113,0.06819421,-0.0025261112,-0.21155162,0.18308544
7032-LMBHI,0,0.036636155,0,0,0,0,0,37,1,2,0,2,0,0,0,2,0,1,0,0,64.65,2347.85,0.0030666888,-0.030127171,0.00037465116,-0.004527638,-0.29173118,-0.018922748,-0.013166179,-0.1537563,-0.17285816,0.04285419,-0.0005427852,0.060330514,0.026567414,-0.115752846,-0.9454917,-0.16470364,-0.2093319,-0.2917722,0.059321187
8292-ITGYJ,0,0.017335191,0,0,0,1,1,45,1,2,2,1,1,1,1,1,1,2,1,0,24.65,1138.8,0.0074454844,-0.048049767,0.003727836,-0.1158559,-0.24328925,0.002542524,0.11500269,0.044680998,-0.27276054,-0.12081137,-0.017354628,-0.24394241,-0.044455864,-0.059084427,-1.7492402,0.09676234,-0.059842393,-0.58197856,0.29819947
9107-UKCKY,0,0.20761792,0,1,0,1,0,61,1,2,0,0,2,2,0,2,2,1,1,2,79.8,4914.8,0.13182205,-0.019465456,-0.039200697,0.024184946,-0.73123723,-0.031729516,0.13355732,-0.16754325,0.27523455,-0.07198171,0.0055205626,0.11807745,0.04116079,0.15031485,-0.4567911,0.096464895,0.35848346,0.04352903,-0.15052001
6848-HJTXY,0,0.017890867,0,0,0,1,0,64,1,0,2,1,1,1,1,1,1,2,0,1,19.45,1208.6,-0.035295628,-0.04372476,0.026989168,0.049734853,-0.30601054,-0.012513379,-0.16127723,0.04403462,-0.25048268,-0.09706332,0.0067904685,-0.15494597,-0.058931403,-0.019267622,-1.7415475,-0.12135612,-0.045569155,-0.23661137,0.20086105
4184-VODJZ,0,0.1570442,0,1,0,1,1,63,1,2,1,0,2,0,0,0,2,1,1,2,91.35,5764.7,0.099680655,-0.013006664,-0.03154953,-0.09623619,-0.7860159,-0.017247435,0.12304771,0.07949014,0.3367846,-0.095681176,-0.004795433,0.12060108,-0.1301131,0.12710209,-0.5982105,0.09026734,0.3199887,0.024837863,-0.18010628
4846-WHAFZ,1,0.49264175,0,0,1,1,0,37,1,2,1,0,0,0,0,0,0,0,1,2,76.5,2868.15,-0.011513736,0.11374497,0.0589912,0.027310593,-0.5528767,-0.019400842,0.10866662,0.15904607,0.21320646,0.04452189,0.0061299447,0.1659598,-0.03070729,-0.038330097,0.69983035,0.102028586,0.21107984,-0.18791129,-0.049986094
8735-SDUFN,0,0.0022133242,0,0,1,1,0,72,1,2,2,1,1,1,1,1,1,2,0,0,24.3,1778.7,-0.012598775,0.26980686,0.022882953,0.026161974,-1.8686638,-0.03487662,0.014714543,0.048460387,-0.39917237,-0.07342872,-0.021635627,-0.2030455,-0.08088971,-0.08369837,-1.5242875,-0.18339741,-0.11082552,-0.515852,-0.3314719
0839-JTCUD,0,0.017872518,0,0,0,1,1,66,1,2,0,2,2,2,2,2,2,2,0,1,89.9,5958.85,-0.013078702,-0.042685244,0.0017159367,-0.06261353,-0.25778994,-0.015795114,0.06012916,-0.11248162,-0.1961669,-0.15311104,-0.0005630629,-0.1729144,0.027377706,0.01124379,-1.7806405,-0.05238488,-0.030549424,-0.14559586,-0.021328805
6857-VWJDT,1,0.84857917,1,0,0,0,0,1,1,2,1,0,0,0,0,2,2,0,0,3,95.65,95.65,0.0044550486,-0.06810279,0.0303293,0.017899476,0.8949466,-0.010758882,0.13035187,0.17680056,0.21673119,0.0973988,-0.012900597,0.13222247,0.05025156,0.05939017,0.82571214,-0.3807918,-0.07590023,0.5854142,0.09927617
7363-QTBIW,0,0.657149,1,0,0,1,0,9,1,0,1,0,0,0,0,0,2,0,1,2,79.75,769.1,0.014987566,-0.020893501,0.022379482,0.01650782,0.23204498,-0.01798167,-0.21111342,0.14407897,0.26377106,0.0540863,0.011654664,0.112970404,-0.033424515,0.04181945,0.76813406,0.108753845,0.13271415,0.10623295,-0.04688207
6158-HDPXZ,0,0.5166343,1,1,0,0,0,1,0,1,0,0,0,0,0,0,0,0,0,3,25.35,25.35,0.020005232,-0.08622946,0.00048686657,0.011229952,0.7709018,0.07467672,0.102272175,-0.2888044,0.25434312,0.052547514,-0.010499863,0.15622023,-0.03480097,-0.045267764,0.68704695,-0.29437488,-0.10518152,-0.4523214,0.3035372
5419-CONWX,1,0.79173404,1,0,1,0,0,4,1,0,1,0,2,2,0,2,2,0,1,1,99.8,442.85,0.03226641,0.08182997,-0.007993257,0.017766586,0.624696,-0.0119457,-0.23971009,0.16378656,0.12523484,-0.09011531,-0.014734059,0.095673345,0.018496508,0.03496571,0.7826922,0.1087267,-0.13038561,0.71059424,0.082789496
9286-DOJGF,1,0.40683123,0,0,1,1,0,38,1,2,1,0,0,0,0,0,0,0,1,0,74.95,2869.85,0.015719146,0.100306205,0.0077502765,0.023314556,-0.46485448,-0.010771188,0.069682956,0.14444245,0.15400241,0.044867277,0.0076782275,0.16213284,-0.030811386,-0.05291301,0.7374356,0.091087334,-0.25206932,-0.12731014,0.052455544
2408-PSJVE,0,0.07244102,0,1,0,1,1,44,1,0,0,0,2,2,2,0,0,0,1,3,61.9,2924.05,-0.019741982,-0.042592727,0.0035527952,-0.062235862,-0.7991218,-0.056128606,-0.111303605,-0.37257993,0.17924963,-0.027985604,0.044405755,-0.3596115,-0.02027185,-0.041516498,0.41581163,0.055519853,-0.13661434,-0.26005206,0.110658295
2087-QAREY,0,0.18282507,0,0,0,1,0,22,1,0,0,0,2,2,0,0,0,0,1,3,54.7,1178.75,-0.037419558,-0.04458382,0.007353536,0.011825262,-0.4086346,-0.07904308,-0.12507585,-0.38580358,0.14542414,-0.039797816,0.047160454,0.1234236,-0.036500115,-0.045776937,0.506408,0.13045762,-0.21506175,-0.22413774,0.22168353
6777-TGHTM,1,0.3596829,0,0,0,0,0,53,1,2,1,2,0,2,0,2,2,1,1,1,106.95,5785.5,-0.035537843,-0.013123152,0.0077502746,0.05011923,-0.088536896,-0.0054617496,0.07029844,0.0536599,-0.17234208,0.09522105,0.0015287545,0.07981757,0.058377128,0.16353135,-0.55604875,0.08133475,-0.060938474,0.81265754,-0.06982239
6507-ZJSUR,0,0.5057822,1,1,1,1,0,23,1,0,1,0,0,0,0,2,2,0,1,2,90.45,2117.25,0.0037795948,0.094347335,0.004834386,0.015963858,-0.32648948,-0.02197568,-0.25651622,0.15315938,0.21068661,0.050417546,0.010889648,0.15821818,0.050008222,0.019824581,0.6501272,0.05814195,0.13752921,0.10795746,-0.048548535
5025-GOOKI,0,0.072199546,0,0,0,0,0,20,1,0,2,1,1,1,1,1,1,0,1,1,18.9,347.65,0.053511035,-0.018296948,-0.0037904452,0.02227506,-0.23045716,-0.01027886,-0.20988284,0.053048696,-0.33477947,-0.05822184,-0.003516242,-0.30416977,-0.010436536,-0.040343698,0.60316163,0.38119245,-0.12854752,-1.1749233,-0.08970148
6080-LNESI,0,0.017216625,0,1,0,0,0,51,1,2,2,1,1,1,1,1,1,2,0,3,24.75,1234.6,0.008206832,-0.060137708,-0.0022520956,0.033481598,-0.19065401,-0.0066926796,0.14185917,0.046212364,-0.30561328,-0.106612936,-0.013002442,-0.18537629,-0.05208221,-0.063005015,-1.5626286,-0.10447718,-0.17281985,-0.4056448,0.0059499023
2236-HILPA,0,0.008774932,0,1,0,1,1,62,1,0,2,1,1,1,1,1,1,2,0,1,20.65,1218.45,0.0004137586,-0.03967569,0.011162269,-0.090362154,-0.37510726,-0.0076484615,-0.17148638,0.04402532,-0.2542742,-0.122985154,0.0027544657,-0.18252335,-0.05538629,-0.025826473,-1.6706502,-0.0862987,-0.002875683,-0.559881,-0.09119163
1386-ZIKUV,0,0.064200506,0,1,0,0,0,7,1,0,2,1,1,1,1,1,1,0,1,3,18.95,130.55,-0.04594187,-0.041007847,-0.002943973,0.023959871,0.0385578,-0.011309696,-0.21677375,0.05307269,-0.56547666,-0.058981862,-0.017578866,-0.35483533,-0.026172372,-0.055121846,0.61202747,0.38332033,-0.020702468,-1.2070396,-0.11721676
3365-SAIGS,0,0.533447,1,0,0,0,0,17,1,0,1,0,2,0,0,2,0,0,1,2,83.55,1329.15,0.0006460007,-0.013960533,-0.020441735,0.019610837,-0.18223503,-0.007741781,-0.18027051,0.14690454,0.22454561,-0.037450183,0.012617655,0.1069595,0.024476504,-0.019956507,0.71261567,0.13751276,0.1936644,0.08934414,-0.02362743
6061-GWWAV,0,0.06250078,0,1,0,0,1,41,1,0,0,2,2,2,0,2,0,1,0,3,70.2,2894.55,-0.0019534244,-0.037453912,0.00040224814,-0.02961654,-0.3303525,-0.023867581,-0.037262946,-0.13631421,-0.25112292,-0.05851206,0.07430811,0.074269004,0.036758795,-0.13516061,-0.6340651,-0.13835171,-0.049422383,-0.15390418,0.17281051
9979-RGMZT,0,0.36728552,0,0,0,0,0,7,1,0,1,0,2,0,0,2,2,1,1,3,94.05,633.45,-0.030867592,-0.017267661,-0.0014200548,0.02615881,0.32080284,-0.013324907,-0.14879882,0.068927936,0.2282871,-0.07308762,-0.015223362,0.10861842,0.064518295,0.13476449,-0.8587401,0.08141212,0.05109222,0.50861806,0.07087523
8445-DNBAE,0,0.63598937,1,1,0,0,1,1,1,2,0,0,0,0,0,0,0,0,1,2,50.05,50.05,0.014699995,-0.03869916,0.0004785729,-0.107387856,0.7639134,-0.026140526,0.118760005,-0.3106954,0.22113562,0.072261795,0.004847075,0.16504942,-0.02445981,-0.049035326,0.74595845,0.10936085,0.11154531,-0.38777182,0.22340377
6872-HXFNF,0,0.015639178,0,0,0,1,0,64,1,2,0,0,0,2,2,0,0,1,0,0,58.35,3756.45,-0.020386487,-0.017907135,0.0017141032,0.005127257,-0.914973,-0.020035367,0.08887615,-0.164922,0.17816927,0.052132063,-0.00022534814,-0.17463344,-0.05980322,-0.15626353,-0.73399633,-0.12807567,-0.48069245,-0.2626683,-0.2844251
1320-HTRDR,1,0.7808065,1,0,0,0,0,3,1,2,1,0,0,0,0,0,0,0,1,2,75.5,220.6,-0.01577159,-0.026362147,-0.014990623,0.021911416,0.47685686,-0.012902396,0.19940339,0.16803677,0.27195632,0.05674105,0.028975012,0.14641073,-0.024911668,-0.05168405,0.83404005,0.14772576,0.12774774,-0.10206274,0.08847797
3923-CSIHK,1,0.27497485,0,0,1,1,0,50,1,0,1,0,0,0,0,0,0,0,1,2,71.05,3444.85,-0.046884254,0.117818326,0.00846844,0.02992004,-0.5287157,-0.026365241,-0.25621602,0.14869818,0.18802308,0.043965112,0.0100583285,0.17691635,-0.019934488,-0.025673395,0.6431997,0.067095615,0.1719668,-0.19554044,-0.42710173
2446-ZKVAF,0,0.19410945,0,1,0,1,0,18,1,2,0,0,2,0,0,0,0,0,0,1,56.8,1074.65,0.04353357,-0.049708977,0.006238571,0.016214471,-0.16915067,-0.07785552,0.12674396,-0.35910037,0.13643579,-0.13018456,0.01021045,0.12714826,-0.022343783,-0.02267457,0.48433986,-0.35621953,-0.07850117,-0.3748373,0.3154111
4640-UHDOS,1,0.23957847,0,0,0,1,1,13,1,0,0,0,0,0,0,0,2,0,0,2,55.95,734.35,0.023641098,-0.031575177,0.007809766,-0.048128203,0.005301892,-0.065463886,-0.093205385,-0.33375606,0.16425925,0.105075344,0.012175472,0.0772735,-0.02478673,0.024635052,0.5321558,-0.23503271,0.16668887,-0.2912012,-0.101633236
5457-COLHT,0,0.015631368,0,1,0,1,1,69,1,0,0,2,2,0,2,2,2,2,0,0,80.65,5542.55,-0.0025840239,-0.0438053,0.007292798,-0.06038013,-0.18894361,-0.016673876,-0.068927914,-0.1566195,-0.1879921,-0.1317225,0.010412242,-0.16327359,0.020480145,0.006637331,-1.683319,-0.091806166,0.105113655,-0.37026966,-0.07711202
2254-DLXRI,0,0.91253525,1,0,0,0,0,1,1,2,1,0,2,0,0,0,0,0,1,3,79.15,79.15,-0.006944205,-0.03281319,-0.004586711,0.030363554,1.0374769,-0.020153452,0.1351681,0.18423454,0.3185512,-0.049563456,-0.013683335,0.20075479,-0.009945707,-0.023127645,0.93244183,0.15284342,-0.087084904,0.41443714,0.23584674
5339-PXDVH,0,0.48157638,0,1,0,0,0,4,1,2,1,2,0,0,0,2,0,0,0,2,90.65,367.95,0.007706971,-0.0245565,0.0010649101,0.013913667,0.29663363,-0.010184257,0.11666151,0.1095159,-0.56827396,0.1359704,0.0048765605,0.10931944,0.033357166,-0.04454659,0.783094,-0.2902282,0.1107191,0.2687939,-0.07834015
2386-LAHRK,1,0.5936088,1,1,0,0,0,1,1,0,0,0,0,0,0,2,0,0,1,3,53.5,53.5,-0.00770887,-0.048356514,-0.00018354268,0.0105373375,0.7929252,-0.043425746,-0.14542904,-0.29339662,0.243689,0.04927385,-0.008911349,0.16061577,0.035364006,-0.019954525,0.7064431,0.09786004,-0.0923266,-0.29252252,0.2836368
5062-CJJKH,0,0.10665424,0,1,0,1,1,25,1,0,0,0,2,2,0,0,0,1,0,3,53.65,1355.45,0.017308826,-0.023855327,0.03489695,-0.029837146,-0.37338254,-0.03535082,-0.08340332,-0.19784385,0.4224053,-0.019639032,0.06151508,0.11021773,-0.031769212,-0.10469441,-0.53053725,-0.17790896,0.11057212,-0.20076723,-0.024083352
8930-XOTDP,0,0.17409243,0,0,0,1,1,18,1,0,0,0,0,0,0,2,0,0,0,3,55.95,1082.8,-0.030856771,-0.05069401,0.005421103,-0.03541102,-0.269432,-0.08464232,-0.13133752,-0.3651395,0.1604184,0.10693833,-0.0031731275,0.096048936,0.076346606,-0.03843995,0.47568607,-0.22411162,-0.17953269,-0.20854624,0.19278608
4779-ZGICK,0,0.019292535,0,1,0,1,1,48,1,2,2,1,1,1,1,1,1,2,0,3,23.55,1173.35,0.05633383,-0.05905838,0.003040008,-0.10485226,-0.2548185,-0.00941008,0.17935753,0.04693887,-0.3057528,-0.12451413,-0.02057628,-0.22867888,-0.053364158,-0.053476114,-1.616323,-0.12385592,-0.15392353,-0.36004955,0.303655
9534-NSXEM,0,0.016843999,0,1,0,0,0,26,1,0,2,1,1,1,1,1,1,1,1,1,20.65,595.5,-0.016631048,-0.018793777,-0.0021185684,0.016083438,-0.36482826,-0.012468092,-0.22538206,0.04326685,-0.27824795,-0.03755744,-0.019035796,-0.15604843,-0.014274324,-0.26831636,-0.7946063,0.05272721,-0.10528603,-0.7124792,-0.103552066
3716-BDVDB,1,0.8787821,1,1,0,0,0,1,1,0,1,0,0,0,0,0,0,0,1,2,69.1,69.1,-0.0058266176,-0.024591658,-0.0021083006,0.01673871,0.82676405,-0.020666573,-0.15725234,0.17111318,0.2648423,0.051000945,0.007703442,0.25097543,-0.017399482,-0.010332179,0.8928449,0.098059215,0.16234402,0.067085475,0.45887724
9842-EFSYY,0,0.42688328,0,0,0,0,1,4,0,1,0,2,2,2,0,2,2,0,1,3,57.2,223.75,-0.003038533,-0.022551564,-0.004745214,-0.084918976,0.43531087,0.16096273,0.1257114,-0.18414114,-0.39720783,-0.13200928,0.11858167,0.18997638,0.05209825,0.05841362,0.66535026,0.13216792,-0.0022125745,-0.18338187,-0.16971907
9122-UMROB,0,0.23625657,0,1,0,0,0,1,1,0,2,1,1,1,1,1,1,0,0,3,20.3,20.3,-0.09719345,-0.07977657,-0.0047941008,0.014829432,0.84798187,-0.0097032245,-0.17802006,0.066348165,-0.4829236,-0.02544185,-0.017138695,-0.27811122,-0.0060235,-0.027448667,0.74333584,-0.21252556,-0.01823266,-0.43198755,0.072736554
1867-BDVFH,1,0.5545586,1,1,0,1,1,11,1,2,1,0,0,0,0,0,0,0,1,2,74.35,834.2,0.01648674,-0.02257869,0.007994635,-0.15532382,-0.048624065,-0.018928802,0.09917882,0.14103103,0.23769835,0.06555603,0.005859594,0.15424466,-0.035872187,-0.050195128,0.72110075,0.12688072,0.2150127,-0.13910389,-0.05208514
5949-EBSQK,1,0.19476518,0,1,0,1,1,4,1,0,0,0,0,0,2,0,2,0,0,1,61.45,229.55,-0.06767003,-0.03448649,0.005462648,-0.044090185,0.54681754,-0.011833547,-0.16610202,-0.25327408,0.20122787,0.09905852,0.011069872,-0.2550906,-0.016616212,0.02488532,0.5279409,-0.15023577,-0.104229815,-0.4047681,-0.2781803
4160-AMJTL,1,0.15101503,0,0,1,0,0,8,1,0,2,1,1,1,1,1,1,0,0,2,19.65,164.3,0.039576393,0.19085556,-0.01009282,0.023593431,0.07204387,-0.009388034,-0.16253349,0.051956676,-0.47485536,-0.110733956,-0.00015449693,-0.29031247,-0.020632733,-0.03156897,0.5992995,-0.16644472,0.13319923,-0.35228604,-0.15895866
8622-ZLFKO,0,0.8123713,1,0,0,1,0,6,1,2,1,0,2,0,0,0,2,0,1,2,90.75,512.25,-0.01662197,-0.023233172,0.00060985866,0.029354198,0.47063184,-0.0077030724,0.20703837,0.18329376,0.321719,-0.11240471,0.0054930737,0.10948866,-0.05011594,0.05017181,0.8481649,0.18508144,0.06209299,0.29037014,-0.03871338
2990-IAJSV,0,0.0017433711,0,1,0,0,0,72,1,2,0,2,2,2,2,2,2,2,0,0,92.0,6632.75,0.011378992,-0.043966107,-0.0013088277,0.009693989,-1.8115997,-0.038118813,0.059157934,-0.096579775,-0.33855054,-0.13672909,-0.033814706,-0.22129326,0.035370033,0.008240999,-1.8808534,-0.1448774,-0.059239466,-0.1866103,-0.4312633
6064-ZATLR,0,0.022661353,0,0,0,0,0,27,1,0,0,2,2,0,0,0,0,2,0,0,52.85,1498.65,0.0068961354,-0.04200445,-0.02424117,0.018087275,-0.24523802,-0.021234928,-0.025844416,-0.15551206,-0.17599876,-0.05030326,0.018917477,0.13114679,-0.055734962,-0.04032941,-1.586945,-0.12495487,-0.10411883,-0.2738497,0.036316242
7409-KIUTL,1,0.79136103,1,0,1,0,1,1,1,0,1,0,0,0,0,0,0,0,1,2,71.0,71.0,0.006675254,0.11098001,-0.0022918275,-0.05692561,0.81649256,-0.019590009,-0.11839743,0.16742626,0.20100805,0.055618983,0.0045544347,0.19635974,-0.016504386,-0.022654172,0.8746918,0.08817799,0.12579176,-0.20811144,0.17907192
5505-OVWQW,0,0.018423261,0,0,0,0,0,17,1,0,2,1,1,1,1,1,1,1,0,3,20.15,353.65,0.025135376,-0.03515195,-0.0037359777,0.007217216,0.024150604,-0.0054142834,-0.1380641,0.033990923,-0.33350918,-0.039680365,-0.021546809,-0.1153371,-0.028424775,-0.1818203,-0.902661,-0.13693155,-0.31918204,-0.6022422,-0.1531133
3948-KXDUF,0,0.0076935356,0,1,0,0,0,66,1,2,0,2,2,2,2,0,0,2,0,0,68.75,4447.55,-0.003191056,-0.04924119,0.005789412,0.01915912,-0.40919626,-0.016265977,0.058297668,-0.114104405,-0.17068128,-0.12461822,-0.00604352,-0.16638649,-0.0655352,-0.021910775,-1.6330574,-0.076472074,-0.13095424,-0.46230474,-0.44371063
9814-AOUDH,0,0.028891256,0,1,0,0,0,53,1,0,2,1,1,1,1,1,1,2,0,1,19.5,1050.5,0.042914763,-0.055172898,0.003751268,0.033119764,-0.003633787,-0.005990767,-0.1794567,0.045406148,-0.26124465,-0.094349,-0.012316736,-0.16051608,-0.005579725,-0.083974026,-1.6317141,-0.12388393,-0.15012124,-0.33917633,0.5162646
7398-LXGYX,0,0.2548964,0,1,0,1,0,44,1,2,1,2,0,2,0,0,0,0,1,1,84.8,3626.35,-0.008240561,-0.02634627,0.0075764195,0.023667933,-0.43420956,-0.010573352,0.11988101,0.13131294,-0.37073606,0.08670576,-0.012224476,0.15056488,-0.026203375,-0.051951356,0.697921,0.06389692,-0.15483081,0.18432894,-0.393981
5266-PFRQK,0,0.0326097,0,1,0,1,1,52,1,0,2,1,1,1,1,1,1,1,1,1,20.85,1071.6,0.059686746,-0.025823304,0.007257751,-0.086611636,-0.4258232,0.005199954,-0.22796458,0.04652909,-0.2708553,-0.06519651,-0.026609637,-0.20653595,-0.0058826623,-0.2781605,-0.7083318,0.047280084,-0.10844197,-0.48324314,0.4127599
1568-BEKZM,0,0.03446075,0,1,1,1,0,70,1,2,0,2,2,2,2,2,2,2,0,1,90.05,6333.4,0.014984924,0.35079962,0.00287908,0.021354735,-0.34701443,-0.01537865,0.12029315,-0.08777083,-0.18821637,-0.12662847,-0.010954983,-0.17214549,0.029251134,0.012441309,-1.515751,-0.1256477,-0.07813678,-0.11314165,-0.054859035
2692-PFYTJ,0,0.34739622,0,0,0,0,0,1,1,2,2,1,1,1,1,1,1,0,1,3,25.75,25.75,0.015766053,-0.07255298,-0.0036310358,0.02433102,0.8858559,-0.013526004,0.12457246,0.06925268,-0.5353173,-0.06635124,-0.018354742,-0.39308703,-0.003765046,-0.03200563,0.772422,0.13414593,-0.088414036,-0.4984724,0.11785305
2533-QVMSK,1,0.06763137,0,1,0,1,0,61,1,2,1,0,2,0,2,2,0,2,1,2,94.1,5638.3,0.042689584,-0.03267508,-0.03327998,0.025736105,-0.50694543,-0.026423387,0.11346943,0.062450442,0.22905038,-0.17570597,0.0055334014,-0.19307722,0.05761209,0.009588492,-1.6839905,0.059842225,0.22519608,0.38696364,-0.14046435
5828-AVIPD,1,0.31567326,0,1,0,1,1,19,1,2,1,0,0,0,2,2,2,1,1,2,100.95,1875.55,0.055151794,-0.009312358,0.011006474,-0.09811095,0.20125681,-0.0029016258,0.08486937,0.072446965,0.227629,0.10338213,0.003471245,-0.21812218,0.046784263,0.09405781,-0.7035247,0.1036056,0.107473835,0.5161184,-0.31978416
2907-ILJBN,0,0.028494332,0,0,0,1,1,11,1,0,2,1,1,1,1,1,1,1,0,3,20.6,233.9,0.024788903,-0.03555733,0.00824081,-0.05634821,0.07497212,-0.0052829506,-0.12883237,0.032686047,-0.34626523,-0.04833254,-0.023413686,-0.109017365,-0.0229399,-0.14744473,-0.7245184,-0.11392852,-0.19089039,-0.55671054,-0.11112192
5226-NOZFC,0,0.4886138,0,1,0,0,0,26,1,0,1,0,2,0,0,2,0,0,1,2,85.75,2146.5,0.007702292,-0.013910696,0.00040489237,0.024322834,-0.42081347,-0.012118779,-0.19688615,0.16888778,0.2239088,-0.06299598,0.0123931235,0.14964609,0.04142652,-0.012561668,0.69568485,0.12627496,0.1939453,0.088240445,-0.009878333
7114-AEOZE,0,0.009711865,0,0,0,0,0,60,1,0,2,1,1,1,1,1,1,2,0,0,19.85,1128.1,-0.035900727,-0.04466203,0.007150159,0.026047599,-0.7091052,-0.0052467883,-0.16366273,0.051503997,-0.26489297,-0.11173369,0.009895318,-0.18042806,-0.06675319,-0.06536968,-1.7343448,-0.12682386,-0.13548328,-0.22883908,0.20322825
2202-CUYXZ,1,0.87316984,1,1,0,0,0,1,1,0,1,0,0,2,0,2,0,0,1,2,84.85,84.85,-0.008240122,-0.016020158,-0.003017147,0.017525148,0.9270816,-0.022636272,-0.19047499,0.16625525,0.28178373,0.061181642,0.001986363,0.16050012,0.005597221,-0.011108683,0.89372206,0.10854853,0.107992895,0.39500225,0.10282626
3466-RITXD,0,0.60328394,1,1,0,0,0,26,1,2,1,2,2,0,0,2,0,0,1,1,92.4,2349.8,-0.046852637,-0.017051486,0.0013801169,0.028757647,-0.29041404,-0.014992512,0.10466468,0.108108096,-0.112779394,-0.062357895,0.012686805,0.16266297,0.042979226,-0.047239423,0.8539276,0.12645113,-0.12874113,0.4735056,0.2736977
7278-CKDNC,0,0.5753627,1,1,1,0,0,24,1,2,1,0,2,0,0,0,0,0,1,2,80.5,2088.45,0.010073672,0.10632471,-0.0044567455,0.035760622,-0.3194091,-0.012221251,0.17838952,0.16354367,0.23225851,-0.053432275,0.0037101156,0.16151269,-0.027594294,-0.029189719,0.7151742,0.15570731,0.21665041,-0.047448628,-0.13236251
1956-YIFGE,0,0.3400921,0,1,0,1,1,22,1,0,1,0,2,2,0,2,2,1,1,3,100.05,2090.25,0.052685738,-0.016028155,0.012779557,-0.04757417,0.08882186,-0.014854847,-0.11749928,0.083424,0.22479804,-0.07386634,0.07080785,0.09367298,0.060299676,0.10617612,-0.7399129,0.103166796,0.070656724,0.5382515,-0.10946349
0422-UXFAP,0,0.32969496,0,0,0,1,0,51,1,2,1,0,0,2,0,2,2,1,1,2,98.85,4947.55,-0.089228034,-0.022180554,0.009753442,0.033617415,-0.36528385,-0.022395767,0.15791018,0.07852604,0.21824525,0.11981007,0.003013884,0.104171865,0.045322366,0.12058569,-0.7576293,0.13227746,0.2108498,0.6162047,-0.25390974
3733-UOCWF,0,0.031526245,0,1,1,1,0,61,1,2,1,0,2,0,2,0,0,1,1,0,85.55,5251.75,0.020716975,0.09364059,-0.008188301,0.01647012,-1.0390244,-0.007265508,0.06593172,0.046909753,0.1757853,-0.05695914,0.014354308,-0.16370624,-0.05793766,-0.2633571,-0.86051744,0.0583446,-0.43297097,0.10382736,-0.08173077
7191-ADRGF,0,0.06586745,0,1,0,1,0,44,0,1,0,0,2,2,0,2,2,2,0,0,54.3,2390.45,0.008637262,-0.04830517,0.031289566,0.0172498,-0.2637829,0.19585977,0.04468568,-0.12755364,0.2684435,-0.07872975,-0.007908784,0.19342317,0.038987193,0.053189848,-1.581853,-0.18057653,-0.2787866,-0.035379823,0.14836286
5709-LVOEQ,0,0.022334525,0,0,0,1,1,0,1,0,0,2,2,2,0,2,2,2,0,3,80.85,0.0,0.06389215,-0.065394916,0.0053839847,-0.07702285,0.30691126,-0.025832362,-0.043009978,-0.1372777,-0.26212576,-0.08441748,0.10378811,0.14250866,0.015725596,0.04210431,-2.5646174,-0.11556029,0.02501146,-0.24504144,0.18516591
6034-YMTOB,0,0.35735285,0,0,0,0,0,5,1,0,1,0,0,0,2,0,0,0,1,3,75.65,399.45,0.036117814,-0.024222257,-0.050296634,0.014631414,0.55182004,-0.011965053,-0.14236064,0.11845763,0.26810706,0.043810867,-0.011882464,-0.3386226,-0.026381698,-0.02566004,0.69693756,0.091837674,-0.1366189,-0.36614338,-0.22521275
6372-RFVNS,1,0.89252096,1,0,0,1,0,1,1,0,1,0,0,0,0,2,0,0,0,2,78.8,78.8,0.006653019,-0.015819486,0.0084549235,0.015918676,0.93067604,-0.01619675,-0.09951861,0.16448471,0.28799218,0.080808654,0.00697989,0.19268462,0.012102502,0.025713623,0.90741533,-0.21394546,0.17065257,0.44714764,0.25377476
9052-DHNKM,0,0.05348981,0,1,0,0,0,26,1,2,0,2,2,0,0,0,0,1,0,2,61.55,1581.95,0.015200561,-0.028912196,-0.001507537,0.0061139273,-0.22038515,-0.0114379935,0.048510946,-0.13624153,-0.2275322,-0.057584096,-0.004716633,0.07899603,-0.026437325,-0.06718855,-0.77942073,-0.16454501,0.22970212,-0.2735675,-0.20311114
5609-IMCGG,0,0.38807675,0,0,0,0,0,15,1,2,1,2,0,2,0,0,0,0,1,1,84.35,1302.65,0.018472802,-0.018029757,-0.03648122,0.028423877,-0.033441305,-0.009554649,0.11533341,0.11600188,-0.41521797,0.049464524,-0.009381177,0.09602441,-0.01605224,-0.056808226,0.78868335,0.11688102,-0.12330442,0.16687019,-0.18406262
2959-MJHIC,1,0.6566133,1,1,0,1,0,4,1,0,1,0,0,0,0,2,0,0,1,2,80.35,307.4,-0.007163519,-0.008895473,0.0075842603,0.012529607,0.38555017,-0.01659574,-0.21031229,0.1593112,0.2963398,0.056304026,0.0076182,0.10794245,0.020068465,-0.021910004,0.816984,0.0849244,0.12798315,0.038909744,-0.15970887
1319-YLZJG,0,0.32648212,0,1,0,1,0,12,1,0,1,2,2,2,0,0,0,0,1,2,84.6,959.9,-0.013562394,-0.024144135,0.010506809,0.020963935,0.0265706,-0.018923923,-0.12934747,0.09784522,-0.4513197,-0.07559389,-0.010275745,0.12826385,-0.015577274,-0.016366476,0.7402395,0.08151829,0.1322128,0.093491554,-0.25141558
7623-TRNQN,1,0.4028961,0,1,0,0,1,1,1,0,0,0,0,0,2,0,0,0,1,3,49.9,49.9,-0.04607569,-0.037859466,0.00080107455,-0.057407387,0.8107315,-0.013160871,-0.100061856,-0.18292932,0.22650175,0.044719823,-0.009291831,-0.43785813,-0.02416796,-0.014859709,0.6369151,0.07538141,-0.065986685,-0.2815518,0.13197348
0377-JBKKT,0,0.08352741,0,1,0,1,1,22,1,0,0,2,2,0,2,0,0,0,1,3,57.95,1271.8,-0.041564777,-0.03744338,0.010459351,-0.062563196,-0.2120553,-0.02403154,-0.06420557,-0.17880745,-0.18700115,0.027193755,-0.004435825,-0.34319636,-0.030850347,-0.04171717,0.5434397,0.084324464,-0.26059148,-0.42179856,-0.10128734
1936-CZAKF,0,0.06948521,0,1,0,1,0,49,0,1,0,0,2,0,0,2,2,2,0,1,49.65,2409.9,0.00910564,-0.04552743,0.029050842,0.05387017,-0.3041566,0.16658095,0.05991917,-0.119317874,0.25071585,-0.065694906,0.009546084,0.19185773,0.039098352,0.038567122,-1.5629426,-0.1761452,-0.19889262,-0.10434604,0.18331368
5063-IUOKK,0,0.01058614,0,1,0,0,0,13,1,0,2,1,1,1,1,1,1,2,0,3,19.75,265.75,-0.025016794,-0.05574431,-0.004070928,0.027066562,-0.04879763,-0.008931799,-0.16807428,0.033062972,-0.3160869,-0.07941546,-0.010926867,-0.12626731,-0.029990582,-0.09015027,-1.8074161,-0.113790475,-0.284379,-0.23720187,-0.14221145
8646-JCOMS,0,0.06733103,0,0,0,1,0,66,1,2,1,0,2,2,2,0,0,1,1,0,90.55,6130.95,-0.029319448,-0.0038878056,0.013213277,0.009460537,-0.5918421,-0.007640307,0.08471555,0.053897943,0.15313339,-0.054772895,-0.004204194,-0.16592288,-0.042226274,-0.21275266,-0.8322925,0.05002257,-0.21921736,0.09666566,0.12376466
0979-MOZQI,0,0.020743515,0,1,0,1,0,62,0,1,0,0,0,0,2,2,0,2,1,0,39.0,2337.45,0.009827717,-0.020134686,0.008024678,0.06297309,-0.8459549,0.1245009,0.02565267,-0.108745106,0.25996083,0.17699464,0.009502947,-0.19892995,0.037037876,-0.092052646,-1.4849669,0.049942873,-0.5006002,-0.21384871,-0.10452
1525-LNLOJ,0,0.013752853,0,1,0,1,1,66,1,2,0,0,0,2,0,2,0,2,1,0,63.3,4189.7,0.009052048,-0.021546926,-0.0027449233,-0.059437674,-0.45865577,-0.030006157,0.0881416,-0.17165068,0.19798236,0.1588701,-0.006550403,0.1016742,0.024053983,-0.08365618,-1.7062294,0.038123135,-0.22120053,-0.4928393,-0.5868144
5759-RCVCB,1,0.4164819,0,0,0,0,0,3,0,1,0,0,0,0,0,2,0,0,0,1,35.2,108.95,-0.0070633586,-0.04462773,-0.015817242,0.011446945,0.4863537,0.036255214,0.07574468,-0.21213476,0.20742701,0.107246704,0.0074382285,0.1156901,0.037511405,-0.052802596,0.7042841,-0.3359451,-0.13550451,-0.2575074,-0.01600209
9968-FFVVH,0,0.014678434,0,1,0,0,0,63,1,2,0,2,2,2,2,0,0,1,0,0,68.8,4111.35,0.0106055,-0.023589386,0.0043590907,0.010874146,-0.9495962,-0.012619353,0.058240082,-0.11723064,-0.19267967,-0.055618078,0.017670063,-0.15895386,-0.06727722,-0.19664985,-0.61407554,-0.11641003,-0.3604383,-0.25293592,-0.14103895
2266-FUBDZ,0,0.016984593,0,1,0,1,1,15,1,0,2,1,1,1,1,1,1,2,0,3,19.35,278.85,-0.027034238,-0.049613725,0.02676785,-0.07357928,-0.04900168,-0.007994335,-0.16781962,0.03471188,-0.3161989,-0.08444425,-0.012817668,-0.13020934,-0.02514645,-0.09172129,-1.843009,-0.08278153,-0.16534634,0.0598119,-0.0036661662
4760-THGOT,0,0.3010044,0,0,0,1,0,43,1,2,1,2,2,0,0,0,2,0,1,2,94.1,4107.3,-0.008411015,-0.032308258,0.0045837094,0.035907127,-0.34302443,-0.026511777,0.11914799,0.10353309,-0.38607234,-0.08155099,0.0059196437,0.08744125,-0.046014342,0.03464077,0.5741982,0.10489159,0.17476419,0.35697013,-0.47139853
2307-FYNNL,0,0.51215094,1,1,1,0,0,65,1,2,1,2,0,2,2,2,2,2,1,2,109.05,7108.2,0.16129452,0.08916992,0.15582526,0.06259061,-0.10169233,-0.0070498292,0.07828091,0.03866448,-0.2557341,0.31879398,0.0008986758,-0.111931294,0.025688864,0.05651699,-0.7236243,0.04598512,0.11940631,0.96584624,0.17890897
1143-NMNQJ,1,0.8674007,1,0,0,0,0,2,1,2,1,0,0,0,0,0,2,0,1,2,85.7,169.8,-0.012644361,-0.025060883,0.0018603384,0.022597304,0.6119342,-0.013084542,0.22254689,0.1450041,0.31353265,0.077918455,0.00527161,0.09875385,-0.0285337,0.079789564,0.8530197,0.1602908,0.091327704,0.2946931,0.028177526
1629-DQQVB,0,0.20650984,0,0,0,0,0,14,1,0,0,2,0,0,0,0,0,0,0,0,50.1,709.5,0.025065348,-0.029045822,-0.0021813132,0.011511646,0.0024062723,-0.0378514,-0.08053996,-0.21301875,-0.15404569,0.08791354,0.015867827,0.070917204,-0.030849803,-0.036426473,0.624206,-0.24152,-0.10555844,-0.20922014,0.005502016
3766-EJLFL,0,0.24571359,0,0,0,1,1,68,1,2,1,2,0,2,2,2,2,2,1,0,109.05,7508.55,-0.18599269,-0.0117425285,-0.06052702,-0.14048156,-0.15231712,-0.00022198632,0.062329687,0.046202686,-0.2114175,0.22423448,0.0016946165,-0.0675689,0.01749343,0.0621589,-0.98718506,0.06241524,0.057901647,0.9204836,0.29016012
8457-XIGKN,0,0.13357447,0,1,0,0,0,20,1,0,2,1,1,1,1,1,1,0,1,1,19.6,356.15,-0.052938264,-0.018997252,-0.009757146,0.019223738,0.11713699,-0.010536725,-0.22606626,0.05397745,-0.3410745,-0.055200346,-0.0030832533,-0.31416106,-0.013250972,-0.055752765,0.608145,0.129469,-0.15756495,-0.34187007,-0.14819041
4981-FLTMF,0,0.05374761,0,0,0,1,1,57,1,2,0,2,2,0,2,0,0,0,0,0,65.2,3687.85,0.0058785896,-0.028558424,0.003235213,-0.07591767,-0.71133125,-0.02136579,0.120637305,-0.1828179,-0.22606677,-0.08140706,0.0011356837,-0.34847075,-0.01647024,-0.03673836,0.5133883,-0.12610151,-0.082461074,-0.21477659,-0.31077695
7606-BPHHN,0,0.0014843429,0,1,0,0,0,72,1,0,2,1,1,1,1,1,1,2,1,1,19.8,1468.75,0.013021758,-0.032317538,-0.041601956,0.02394011,-1.839135,-0.03276292,-0.16446382,0.039925713,-0.40177935,-0.08110733,-0.020542575,-0.20411153,-0.08471407,-0.07234312,-1.765149,0.056350894,-0.2446208,-0.52232814,-0.08833378
7005-CCBKV,1,0.71799314,1,1,0,0,0,6,1,0,1,0,2,0,0,0,2,0,1,2,84.4,556.35,-0.016161578,-0.010852233,-0.012590672,0.019612812,0.45396844,-0.013489438,-0.21966603,0.17245288,0.30407965,-0.07731473,0.012384364,0.11360444,-0.015263686,0.029206825,0.7711919,0.14671813,0.10211144,0.27924585,-0.055484496
4648-YPBTM,0,0.011183018,0,1,0,0,0,53,1,2,0,0,2,2,2,0,2,2,1,0,73.9,3958.25,0.007824382,-0.0537648,0.0040450795,0.029049566,-0.2638522,-0.02114482,0.064521275,-0.16041844,0.18935871,-0.09905116,-0.0064218426,-0.22068186,-0.09686173,0.02708727,-1.8934116,0.06573622,-0.1841288,-0.4535576,-0.36721632
2325-ZUSFD,1,0.039332855,0,0,0,1,1,57,1,0,0,2,0,0,0,2,2,1,1,0,70.1,3913.3,-0.086223304,-0.025908666,0.004844134,-0.06850171,-0.4027473,-0.021278257,-0.13806622,-0.1631904,-0.17177881,0.05361552,0.0045813844,0.093095124,0.020188624,0.16787831,-0.61434054,0.041927326,-0.06648423,-0.36547288,-0.40848035
1240-KNSEZ,1,0.5856638,1,1,0,0,0,1,1,0,2,1,1,1,1,1,1,0,1,3,20.1,20.1,-0.01905613,-0.06919081,-0.0035807658,0.014753938,0.91230136,-0.01480823,-0.18547931,0.0671256,-0.45175976,-0.03808548,-0.017138695,-0.2697971,-0.0060235,-0.00084308564,0.8307398,0.14441599,-0.07265087,0.107999735,0.4663713
0430-IHCDJ,0,0.48153996,0,1,0,0,0,15,1,2,0,0,0,0,0,0,0,0,1,2,49.0,749.25,0.011128444,-0.03218221,-0.0008354928,0.031956546,0.06487933,-0.058268122,0.1632532,-0.33211216,0.2049943,0.06352996,0.0064322036,0.110329166,-0.030779865,-0.052407805,0.5757486,0.13769728,0.22637905,-0.15553077,0.04113995
7957-RYHQD,1,0.35829893,0,0,1,0,0,40,1,0,1,2,2,0,0,0,0,0,1,1,79.2,3233.85,0.06337285,0.13528694,-0.018541638,0.025602335,-0.41171563,-0.01057553,-0.037334654,0.077244066,-0.27257857,-0.05136825,0.012940002,0.12785709,-0.023340685,-0.024362478,0.6699529,0.09428392,-0.12413243,0.14256701,0.09131325
6164-HAQTX,0,0.0184124,0,1,0,0,0,71,0,1,0,2,2,2,2,2,0,2,0,0,53.95,3888.65,0.0143203745,-0.028021013,-0.008448329,0.012772478,-0.8015147,0.35884815,0.05382541,-0.08284525,-0.33877996,-0.10612558,-0.0112527665,-0.19010173,0.036897734,-0.01747728,-1.2513661,-0.10662152,-0.1462255,-0.08695404,-0.22785287
0749-IRGQE,0,0.616006,1,0,1,1,0,13,0,1,0,0,0,0,0,2,2,0,0,2,45.3,528.45,-0.020576289,0.28607675,0.07411232,0.05501882,0.045386106,0.24336022,0.13533768,-0.24480109,0.17482594,0.13283533,0.003606302,0.10839032,0.051034603,0.11425543,0.5773829,-0.23055394,0.2057639,-0.14089558,-0.048704345
1227-UDMZR,0,0.0016406632,0,0,0,1,0,72,1,2,0,2,2,2,2,2,2,2,1,0,91.15,6637.9,-0.018066501,-0.041774075,0.0057491646,0.004326205,-1.8691452,-0.040272765,0.060466573,-0.110281676,-0.42686957,-0.12756917,-0.03349378,-0.23710862,0.03133184,0.014831359,-1.9496375,0.054973178,-0.054585334,-0.24454354,-0.38011706
5473-KHBPS,0,0.09072827,0,0,0,1,1,52,1,2,1,0,2,2,0,2,0,1,1,1,95.7,4976.15,-0.024477165,-0.019082686,-0.020301681,-0.105249874,-0.30393013,-0.014421379,0.12461878,0.06642498,0.16986828,-0.07672569,0.0021059827,0.09848737,0.03673624,-0.28047615,-1.0150318,0.08435294,-0.16757062,0.3687978,-0.17967536
5297-MDOIR,0,0.03593619,0,0,0,1,0,63,1,0,1,2,0,2,0,0,0,1,1,1,81.15,5224.5,-0.016617049,-0.019020764,-0.007721668,0.0103432825,-0.7169741,-0.00776197,-0.11420565,0.048185773,-0.21776558,0.057154994,-0.013438487,0.06497621,-0.108647496,-0.15940584,-0.8540124,0.031261303,-0.036477942,-0.03093596,-0.14912413
8873-TMKGR,0,0.002905939,0,1,0,0,0,29,1,0,2,1,1,1,1,1,1,1,0,3,19.1,529.5,-0.017253645,-0.034688827,-0.0039601643,0.016934017,-0.5321831,-0.0059737624,-0.18462385,0.04879037,-0.35472572,-0.046997167,-0.0126659,-0.16106205,-0.02566967,-0.24782279,-0.7408079,-0.3887109,-0.1515031,-1.7719016,-0.1740394
6481-ESCNL,0,0.40098622,0,0,0,0,0,29,1,2,1,0,0,2,0,2,2,0,0,0,100.55,2878.75,0.023478111,-0.036919728,-0.008887708,0.010160843,-0.42223728,-0.007924814,0.100141786,0.14785929,0.11425572,0.057248503,0.0011219727,0.08061827,0.050824456,0.04633574,0.68929416,-0.33031434,-0.17903025,0.43102673,-0.11918328
0463-WZZKO,0,0.14870466,0,1,0,0,0,3,1,0,2,1,1,1,1,1,1,0,1,1,20.75,67.1,-0.050249938,-0.038846593,-0.0030806358,0.018385775,0.4556602,-0.014124059,-0.2384674,0.044790015,-0.5352032,-0.057467926,-0.00092223834,-0.3967089,-0.0046568685,-0.05412203,0.65350556,0.10724042,-0.08843509,-0.5214637,0.028595075
1038-RQOST,0,0.042332046,0,1,0,1,1,19,1,0,2,1,1,1,1,1,1,0,0,3,20.6,414.95,-0.0330921,-0.049024608,0.009005306,-0.059817698,-0.2235708,-0.009108019,-0.19420046,0.056703705,-0.41203675,-0.07579987,-0.01275991,-0.30819055,-0.018813498,-0.061187573,0.52457994,-0.21076572,-0.2253865,-0.59314805,-0.17311797
4937-QPZPO,0,0.33810645,0,1,0,1,1,61,1,2,1,0,0,2,0,2,2,1,1,2,99.9,6241.35,0.09437669,-0.0023427382,-0.059072923,-0.10594051,-0.7509425,-0.0159682,0.13413243,0.080134004,0.26037848,0.13635126,0.008623373,0.09223427,0.06827093,0.12244483,-0.7093252,0.13113245,0.28383228,0.5129216,0.09624102
3604-WLABM,0,0.33532357,0,0,0,0,0,10,1,0,0,0,0,2,2,0,0,0,0,2,54.25,583.0,0.041515484,-0.02252103,-0.001960212,0.014621906,0.3216797,-0.015754549,-0.08834261,-0.1981262,0.21091962,0.096754864,-0.011665214,-0.20085686,-0.030772053,-0.015894286,0.59509766,-0.17827219,0.16561233,-0.16362894,-0.1533864
1360-XFJMR,0,0.14142804,0,0,0,1,0,67,1,2,1,0,2,2,2,2,2,1,1,1,109.7,7344.45,-0.21185467,-0.0048660636,-0.015218,0.06040768,-0.42986193,-0.0072631356,0.060251858,0.06346563,0.18762341,-0.07683149,0.0030517932,-0.13797045,0.022399474,0.14721155,-0.58034027,0.031432033,-0.17797445,0.48167822,-0.16959536
8717-VCTXJ,0,0.015603382,0,1,0,0,0,42,1,0,2,1,1,1,1,1,1,1,1,3,19.55,839.4,-0.009491452,-0.039020304,-0.0040429006,0.018942963,-0.43163383,-0.011984856,-0.19771022,0.04997259,-0.36630008,-0.03849631,-0.02435566,-0.1381253,-0.023479912,-0.26539472,-0.94524574,0.06507568,-0.13644238,-0.5349006,-0.06268355
5196-SGOAK,1,0.9028602,1,0,0,0,0,1,1,0,1,0,2,0,0,0,0,0,1,2,75.7,75.7,0.0037459792,-0.016961435,-0.015604187,0.025070898,0.9347939,-0.019132473,-0.13299984,0.17173885,0.28357145,-0.06437342,0.031118698,0.20109928,-0.0054300926,-0.01696525,0.92064375,0.12851553,0.1391681,0.2874595,0.42318326
8739-XNIKG,0,0.8118404,1,0,0,0,0,5,1,2,1,0,0,0,0,2,0,0,1,2,84.0,424.75,-0.012137951,-0.022279928,-0.00338039,0.022190187,0.46101484,-0.0140578635,0.17699511,0.16925982,0.32172975,0.06731901,0.0057544233,0.09071085,0.024669325,-0.06212737,0.88432515,0.116174676,0.09475407,0.13368765,0.056636997
2320-TZRRH,0,0.022142118,0,0,0,0,0,20,1,0,2,1,1,1,1,1,1,1,0,3,19.5,403.15,0.013231456,-0.03515195,-0.0099779125,0.009204983,-0.02396352,-0.0054142834,-0.15189376,0.03650325,-0.3296223,-0.039680365,-0.02198698,-0.11944626,-0.028424775,-0.18195105,-0.83872586,-0.1336273,-0.20787504,-0.51914966,-0.15070623
5186-SAMNZ,1,0.83853495,1,1,1,0,0,1,1,0,1,0,0,0,0,0,0,0,1,0,69.5,69.5,-0.016549107,0.15628245,-0.0025886577,0.016585818,0.8785591,-0.02010353,-0.17125891,0.15060508,0.17687418,0.050736442,0.009599628,0.24762511,-0.016839413,-0.034441266,0.88437504,0.094402425,-0.2299113,0.017763317,0.50487626
5760-FXFVO,0,0.48459047,0,1,0,0,0,6,1,0,1,2,2,0,0,0,0,0,1,2,78.95,494.95,-0.00645232,-0.010596188,-0.0046565393,0.019674897,0.2581141,-0.01466664,-0.13845882,0.09935943,-0.55702454,-0.0781678,0.011351005,0.18378018,-0.031624913,0.024577219,0.76819366,0.14866811,0.17714678,0.20982292,-0.071472734
5380-WJKOV,1,0.60042006,1,1,0,0,0,34,1,2,1,0,2,2,0,2,2,0,1,2,106.35,3549.25,0.01631959,-0.024730707,0.004005305,0.036646448,-0.43407023,-0.010999541,0.14837216,0.18039286,0.25307825,-0.09584707,0.03361632,0.1154377,0.04223302,0.032523002,0.57150143,0.103603855,0.13835905,0.72069484,-0.37469512
4703-MQYKT,0,0.008543487,0,1,0,0,0,21,1,0,2,1,1,1,1,1,1,2,0,3,19.6,390.4,-0.01450445,-0.055291492,-0.004070928,0.02536288,-0.20207298,-0.009236624,-0.16977668,0.03443563,-0.29258442,-0.080200315,-0.01136704,-0.14491928,-0.027423201,-0.08869006,-1.7970772,-0.11313125,-0.18373562,-0.4252305,-0.14526753
2001-MCUUW,0,0.23702215,0,1,0,0,0,46,1,2,1,0,2,2,2,2,2,2,0,2,108.65,4903.2,0.005830433,-0.030984903,0.02597087,0.05139228,-0.12068458,-0.00870583,0.06055203,0.0649694,0.13947666,-0.10624494,-0.0014944357,-0.12060493,0.035036586,0.03691178,-1.4040673,-0.1384718,0.14394085,1.1823753,0.06495267
4947-DSMXK,0,0.5282625,1,1,0,1,1,34,1,2,1,0,2,0,0,2,2,0,1,0,97.7,3410.0,-0.007112151,-0.014397418,0.021551825,-0.12845245,-0.47248304,-0.016789425,0.14257976,0.1608501,0.21903424,-0.124083735,0.008398419,0.15516947,0.034132663,0.045136902,0.6561721,0.12179556,-0.17750876,0.838331,-0.29992864
0076-LVEPS,0,0.045789093,0,1,0,0,1,29,0,1,0,2,2,2,2,0,0,0,1,3,45.0,1242.45,-0.03923489,-0.04722596,-0.01582945,-0.11559859,-0.6585547,-0.004805982,0.07074621,-0.17007312,-0.33049834,0.033977084,0.040980686,-0.3721365,-0.034310214,-0.04730309,0.52659285,0.0272323,-0.20800501,-0.45365718,-0.18990867
5566-SOEZD,0,0.061848573,0,1,0,1,1,27,1,0,1,2,2,0,0,0,0,1,1,1,80.65,2209.75,-0.0029611583,-0.009721035,0.008201168,-0.06143196,-0.15417543,-0.013590844,-0.08686761,0.058018647,-0.20310737,-0.05221125,0.013389044,0.08449746,-0.019966489,-0.17877646,-0.9422238,0.057371028,-0.12543888,0.008677394,-0.04967872
7408-OFWXJ,0,0.0013866692,0,0,0,1,1,72,1,2,0,2,2,2,2,2,2,2,0,1,89.8,6510.45,-0.017164415,-0.041681223,0.004953692,-0.04103251,-1.9204961,-0.04064687,0.09813331,-0.11238881,-0.42294776,-0.14624451,-0.03452566,-0.20128663,0.028991902,0.005995828,-1.9051605,-0.13826667,-0.14059953,-0.2146995,-0.29116926
1097-FSPVW,0,0.16192806,0,0,0,0,0,42,1,0,0,2,0,2,0,0,0,0,0,1,54.55,2455.05,0.037179288,-0.03861187,-0.0012058637,0.009667247,-0.41911197,-0.044959642,-0.0484098,-0.28739545,-0.18620473,0.04411273,-0.01599701,0.11542029,-0.03874341,-0.03771435,0.60362464,-0.15794328,-0.07089692,-0.2740581,0.21652152
4412-YLTKF,1,0.58671707,1,0,1,0,0,27,1,2,1,0,0,2,0,0,0,0,1,2,78.05,2135.5,0.0032323697,0.10500875,-0.0031979056,0.022746222,-0.46393573,-0.011813136,0.14809828,0.16611007,0.21139,0.038597703,-0.0029557033,0.16731352,-0.03235302,0.019030647,0.70821506,0.10869536,0.23771542,0.07032286,-0.09258511
0420-TXVSG,0,0.01160646,0,1,0,1,0,66,1,2,0,2,2,2,0,0,0,2,1,1,66.1,4428.45,-0.0010717466,-0.044938486,0.0023248529,0.0441631,-0.42453584,-0.02105036,0.0777308,-0.12296992,-0.19696085,-0.09567633,-0.006002725,0.14339875,-0.06671659,-0.042996574,-1.7888153,0.03180037,-0.046899986,-0.39341378,-0.4426625
7817-BOQPW,1,0.78302383,1,0,0,0,0,2,1,2,1,0,0,0,0,0,0,0,1,2,75.55,166.3,-0.01577159,-0.025036382,-0.014990623,0.021911416,0.49287075,-0.012902396,0.17498708,0.14401259,0.27195632,0.05674105,0.029113706,0.14959636,-0.024911668,-0.05168405,0.8372925,0.14772576,0.12287374,-0.104169816,0.13298617
0963-ZBDRN,1,0.36717865,0,1,0,0,0,32,1,0,1,0,0,0,2,2,2,0,1,2,96.2,3183.4,-0.06829967,-0.015230211,0.01784472,0.016123975,-0.36540738,-0.009000929,-0.22710703,0.1446912,0.21068028,0.08146339,0.025097208,-0.353032,0.044350605,0.007366484,0.5177172,0.10116366,0.15426609,0.42296806,-0.20077018
9685-WKZGT,1,0.70526975,1,1,1,0,0,14,1,2,1,0,0,0,0,0,0,0,1,2,74.95,1036.75,0.068342626,0.19586636,-0.0041976394,0.037786018,-0.01211777,-0.006519252,0.15967464,0.13660082,0.23114352,0.062374298,0.0040709237,0.1483414,-0.04202939,-0.065606266,0.7247884,0.13891694,0.18669298,-0.18940853,0.14702521
2139-FQHLM,0,0.3782424,0,1,0,0,0,19,1,0,1,0,0,2,2,2,0,0,0,3,89.95,1682.4,-0.045988236,-0.03267382,-4.1221065e-06,0.010153846,-0.24293259,-0.004182714,-0.12817043,0.12537934,0.20433086,0.07399227,0.063173294,-0.25769305,0.07751578,-0.0131883435,0.6151862,-0.16110146,0.08030437,0.46797183,-0.27986255
5825-XJOCM,0,0.047687158,0,1,0,0,1,48,1,2,0,2,2,2,0,0,0,1,1,0,64.4,3035.35,-0.0018364978,-0.023919208,0.0004602601,-0.055840068,-0.338965,-0.02162488,0.04911819,-0.14566267,-0.20163837,-0.044070095,0.025706982,0.106582165,-0.02722109,-0.22933058,-0.7959423,0.06522911,-0.19723983,-0.19329688,0.08448458
0004-TLHLJ,1,0.6073899,1,1,0,0,0,4,1,0,1,0,0,2,0,0,0,0,1,2,73.9,280.85,-0.0068795467,-0.0115224095,-0.002372703,0.01174713,0.40173104,-0.013442044,-0.19505858,0.1562969,0.26023528,0.054643758,0.003960612,0.15222014,-0.018095255,-0.011659684,0.7663889,0.1098196,0.12137381,-0.10728275,-0.18652463
7529-ZDFXI,0,0.40670776,0,1,1,1,0,57,1,2,1,0,2,0,0,0,2,0,1,2,89.85,4925.35,0.03647001,0.14732206,0.0052118306,0.038218524,-0.7586452,-0.02765177,0.1898061,0.14933346,0.25397322,-0.07326452,0.0043020425,0.16451834,-0.05342632,0.039059676,0.5828655,0.1096844,0.22541116,-0.0046054195,-0.35694948
6848-YLDFR,0,0.07296085,0,1,0,1,1,58,1,0,0,0,2,0,2,2,2,1,1,1,75.2,4300.8,0.09863287,-0.039298676,0.004247602,-0.11390542,-0.54067814,-0.013754431,-0.12670696,-0.16688208,0.10365703,-0.05758241,0.021878276,-0.19456251,0.010011997,0.18700743,-0.27833453,0.06140248,-0.11202971,-0.16653262,-0.16941644
5820-PTRYM,0,0.042166304,0,0,1,1,0,56,1,2,0,2,2,2,2,0,0,1,1,1,68.45,4014.0,-0.022235079,0.20908475,0.0022371346,0.024219807,-0.38384423,-0.009638975,0.11394017,-0.07380838,-0.15863569,-0.035964213,0.020452036,-0.21331313,-0.02502935,-0.16841719,-0.74788326,0.04202024,-0.1319853,-0.21426576,-0.30076137
2984-RGEYA,0,0.014080974,0,0,0,1,1,69,1,0,2,1,1,1,1,1,1,2,0,0,19.75,1375.4,-0.0015327667,-0.025332784,0.05317137,-0.07203554,-0.5134872,-0.0062612873,-0.17493801,0.052897073,-0.25058138,-0.08392356,-0.013054729,-0.1796586,-0.04377674,-0.07700681,-1.7139776,-0.091688894,0.11397566,-0.04160402,-0.13070577
6434-TTGJP,0,0.020057017,0,1,0,1,1,10,0,1,0,2,2,2,2,0,2,2,0,1,53.7,521.0,0.0006378195,-0.037320714,0.010813095,-0.109899364,-0.0145903565,0.07541617,0.046277963,-0.06841034,-0.27130324,-0.16028975,-0.004666614,-0.23268998,-0.020267643,0.011366984,-1.789017,-0.08787316,-0.069980055,-0.12511891,0.007225111
9643-AVVWI,0,0.6640676,1,0,0,1,1,3,1,0,1,0,2,0,2,0,0,0,1,2,80.0,241.3,0.044025227,-0.011458695,0.0062295147,-0.079882905,0.6060638,-0.0006652961,-0.12965162,0.11200364,0.2943259,-0.082172506,0.0051847724,-0.21956998,-0.013622258,-0.014205759,0.8284552,0.119218834,0.10009959,0.30496162,-0.13863938
3506-OVLKD,0,0.042347938,0,1,0,0,0,35,1,2,2,1,1,1,1,1,1,1,0,0,26.2,954.9,-0.032261025,-0.037055798,-0.003061485,0.022976127,-0.29901686,-0.0051558292,0.09550137,0.05090439,-0.2823312,-0.052027844,-0.0063042277,-0.17508183,-0.013220563,-0.2481153,-0.6665886,-0.029864281,-0.04558797,-0.46679726,0.12374879
4946-EDSEW,1,0.08699574,0,0,0,1,1,11,1,0,2,1,1,1,1,1,1,0,1,3,19.25,180.3,0.047320165,-0.03451061,0.029528568,-0.083406456,-0.057985872,0.0018824565,-0.13601862,0.055146683,-0.49461716,-0.06363798,-0.012491689,-0.2862863,-0.01832379,-0.04318972,0.62639695,0.11575773,-0.11818441,-0.7133491,-0.11568693
2924-KHUVI,0,0.3121484,0,1,0,1,0,56,1,2,1,2,0,0,0,2,2,1,1,2,100.55,5514.95,0.062044144,-0.022699552,0.012139045,0.041142996,-0.2530614,-0.021867316,0.12401081,0.058310784,-0.298713,0.095069155,-0.0033317918,0.07750269,0.049088117,0.14292103,-0.56858957,0.10787956,0.19791028,0.6266508,-0.16727602
2263-SFSQZ,0,0.010722379,0,1,0,1,1,51,1,2,2,1,1,1,1,1,1,2,1,3,24.95,1222.25,0.008829248,-0.052417904,0.010950392,-0.11246978,-0.2287349,-0.00015383167,0.08213975,0.048855107,-0.31523982,-0.110340446,-0.02057628,-0.2077934,-0.0499944,-0.06179473,-1.6898224,0.038165685,-0.16947927,-0.65495735,0.009417929
5281-BUZGT,1,0.37475273,0,1,1,0,0,36,1,2,1,2,0,0,0,2,0,0,1,2,90.85,3186.7,0.002106703,0.13977467,0.002168152,0.024593994,-0.5000258,-0.010837779,0.09924357,0.11041409,-0.3971746,0.073279254,0.015998134,0.14006315,0.050453175,-0.04040956,0.69797117,0.086462095,0.14541987,0.1306672,-0.23282278
3717-FDJFU,0,0.011456229,0,1,0,0,1,5,1,0,2,1,1,1,1,1,1,2,0,3,20.45,106.9,-0.025841787,-0.057549264,0.009991612,-0.05775719,0.1541736,-0.0066077327,-0.16429888,0.029507143,-0.33971757,-0.08854668,-0.0163428,-0.17067534,-0.018452862,-0.08638036,-1.8465948,-0.09657063,-0.06429505,-0.5601841,-0.0023320206
2239-CFOUJ,0,0.035066906,0,1,0,1,1,1,1,0,2,1,1,1,1,1,1,1,0,3,20.4,20.4,-0.07620752,-0.055023473,0.010471531,-0.041571192,0.58409274,-0.015979089,-0.16084431,0.045765772,-0.35171518,-0.03742211,-0.028393863,-0.1550459,-0.0052311034,-0.16791259,-1.0191799,-0.13475055,-0.026983516,-0.55028784,-0.079356804
8699-ASUFO,1,0.69834083,1,1,1,1,0,7,1,2,1,0,0,0,0,0,0,0,1,3,74.4,527.9,0.008001391,0.16439842,0.0054068035,0.033632938,0.42574066,-0.0073153162,0.18880883,0.17059755,0.27309027,0.039098825,-0.008608304,0.15824407,-0.051330637,-0.06557682,0.7734056,0.14406908,-0.09405281,-0.13771535,-0.13125981
1122-YJBCS,0,0.014102994,0,1,0,1,0,69,1,0,0,2,2,0,0,0,0,1,1,1,53.65,3804.4,0.036243923,-0.020453477,0.0050227325,0.014453129,-0.71561354,-0.019491546,-0.15035601,-0.13563411,-0.20999065,-0.02689694,0.002986224,0.08240592,-0.021268766,-0.23147964,-0.8260851,0.037406422,-0.15067571,-0.3221105,-0.5464006
0628-CNQRM,1,0.057222545,0,1,0,1,1,22,1,0,0,2,0,2,2,2,0,1,1,0,67.5,1544.05,-0.010799436,-0.013136574,0.034398027,-0.03805676,0.099638805,-0.009400408,-0.05891589,-0.13351136,-0.15521584,0.017986896,0.0064430228,-0.18611366,0.024817651,-0.1689523,-0.6995156,0.06208355,-0.20190446,-0.30882883,-0.0136734545
1705-GUHPV,0,0.006477738,0,0,0,0,0,63,1,2,2,1,1,1,1,1,1,2,0,3,24.2,1618.2,-0.0041578747,-0.04347615,-0.007215403,0.038904555,-0.61360425,-0.008693662,0.00033590384,0.038920313,-0.3047057,-0.09200834,-0.010246393,-0.17934929,-0.062268652,-0.060742114,-1.5697308,-0.23091336,-0.10997745,-0.6071958,-0.15753582
4877-TSOFF,0,0.0540899,0,0,0,1,1,55,1,2,0,2,2,0,2,0,2,1,1,0,75.75,4264.25,-0.07209388,-0.039907344,0.05601249,-0.090978816,-0.5485861,-0.00753719,0.08076735,-0.14075401,-0.15115067,-0.061319258,-0.0058057606,-0.20906259,-0.016655471,0.1678076,-0.40544155,0.053780235,-0.07205985,-0.19275177,-0.15653788
7404-JLKQG,0,0.38494432,0,0,0,0,0,3,1,0,0,0,0,2,0,2,0,0,0,2,57.55,161.45,0.0147455055,-0.021402387,-0.0014471479,0.008180313,0.4584925,-0.020018734,-0.10260881,-0.25586087,0.2017658,0.110954896,0.0019674366,0.10107296,0.019897744,-0.019797329,0.66738737,-0.22451192,0.10882272,-0.39315605,-0.07387271
0379-DJQHR,0,0.03057528,0,1,0,1,1,67,1,0,0,2,2,2,0,2,2,2,0,1,81.35,5398.6,0.00034236826,-0.039864596,0.005762083,-0.042004436,0.15649362,-0.03021226,-0.102508746,-0.1587011,-0.20422019,-0.13829209,-0.027858693,0.15244456,0.021159707,0.027992439,-1.7755055,-0.04994407,-0.05214759,-0.28403094,0.13380867
8993-PHFWD,1,0.5157195,1,0,0,0,0,3,0,1,0,0,0,0,0,0,0,0,0,2,25.25,58.9,-0.029925393,-0.058650825,0.0032466678,0.016126884,0.48593527,0.05886297,0.0851961,-0.20390527,0.2728015,0.11525613,0.0035526238,0.13298777,-0.027264073,-0.03608882,0.69542485,-0.33273363,0.12618828,-0.45941094,0.26452407
3930-ZGWVE,0,0.35558853,0,1,0,0,0,1,1,0,2,1,1,1,1,1,1,0,0,3,19.75,19.75,-0.034070805,-0.07977657,-0.011036036,0.012276214,0.8195588,-0.009318287,-0.15189055,0.06675082,-0.4829236,-0.02544185,-0.017138695,-0.26498675,-0.0060235,-0.0011911805,0.75467217,-0.2138391,-0.059712008,-0.08691926,0.24567217
1965-DDBWU,1,0.49930537,0,1,0,0,0,16,1,2,1,0,0,0,2,0,2,0,1,1,89.05,1448.6,-0.05722034,-0.015911276,-0.01454919,0.033363085,0.051337395,-0.00745436,0.14398853,0.109183125,0.23436537,0.030714924,0.014173199,-0.2682699,-0.050611336,0.044729583,0.70093036,0.1063792,-0.23100498,0.27234983,-0.050046295
7572-KPVKK,0,0.23270352,0,1,0,0,1,62,1,2,1,0,0,2,2,2,2,2,1,2,104.05,6590.5,0.0714372,-0.00629207,0.21284644,-0.08221362,-0.4901623,-0.002145243,0.10880638,0.059218742,0.22617072,0.36975423,0.0035537896,-0.22854556,0.037614174,0.03236037,-1.3515973,0.09689032,0.2710212,0.68509865,-0.1576984
6854-EXGSF,0,0.23652092,0,0,0,0,0,8,1,2,0,2,2,2,0,0,0,0,1,0,65.5,573.15,0.017525902,-0.023800077,-0.0011505815,0.030677354,0.19263843,-0.019270943,0.118713655,-0.21248497,-0.2927858,-0.09749502,0.0012953378,0.13538721,-0.028772797,-0.042228743,0.7186546,0.13125494,-0.18368478,-0.39421785,-0.17288
9483-GCPWE,0,0.027026702,0,1,0,0,1,9,1,0,2,1,1,1,1,1,1,1,0,3,20.1,190.25,-0.022903886,-0.021827992,-0.0023722197,-0.054319974,0.2150416,-0.0012378204,-0.14197536,0.03374432,-0.37050134,-0.04992132,-0.028393863,-0.1626305,-0.017169092,-0.19295639,-0.8348361,-0.12130666,-0.21891771,-0.50953835,-0.032282338
8053-WWDRO,1,0.09382348,0,0,0,1,0,6,1,0,2,1,1,1,1,1,1,0,0,0,19.5,146.3,0.050981406,-0.028874757,0.03148904,0.01612136,0.17743503,-0.00795797,-0.16014735,0.05937569,-0.516112,-0.074543566,-0.004460074,-0.26313555,-0.018896397,-0.038778353,0.58868563,-0.17691137,-0.1240643,-0.609418,-0.11938217
9473-CBZOP,0,0.036266517,0,0,0,0,0,28,1,2,0,2,0,2,0,0,0,1,0,3,59.0,1654.45,0.009403541,-0.037278835,-0.0003584298,-0.0057643494,-0.3550802,-0.0096502,0.04388019,-0.13441281,-0.26063102,0.03697802,0.067884825,0.06252803,-0.037635364,-0.055768996,-0.7700935,-0.13788274,-0.10585659,-0.33981594,-0.20113938
3985-HOYPM,0,0.023377383,0,1,0,0,0,26,1,0,2,1,1,1,1,1,1,1,0,3,19.4,525.55,-0.014107225,-0.03547095,-0.009767552,0.013731755,-0.3228837,-0.006001457,-0.18648805,0.04909521,-0.35380295,-0.042029634,-0.02435566,-0.13577144,-0.028411554,-0.24788007,-0.8246503,-0.12842354,-0.16553347,-0.16334684,-0.057008658
8378-LKJAF,0,0.41792428,0,1,0,1,1,38,1,2,1,0,0,2,0,2,2,0,1,1,101.15,3956.7,-0.0049175704,-0.016322054,-0.00959041,-0.10628553,-0.4351493,-0.017275479,0.16095091,0.15752068,0.21107638,0.08237376,-0.0102856085,0.11521539,0.05153343,0.048417192,0.6492476,0.0844126,-0.20871533,0.49539578,-0.5296772
1310-QRITU,0,0.37665436,0,0,0,0,0,18,1,2,0,0,0,0,0,0,0,0,1,2,50.3,913.3,-0.0118705835,-0.03204003,-0.000934333,0.024776705,-0.11347145,-0.07285409,0.14314675,-0.3753244,0.17423676,0.05839837,0.005999215,0.117299184,-0.030072667,-0.050510388,0.54983264,0.14011404,0.193829,-0.23644601,0.061343886
3237-AJGEH,1,0.30906782,0,0,0,1,1,3,0,1,0,0,0,0,2,0,0,0,1,3,31.0,95.05,0.0074518407,-0.0390473,-0.0014776619,-0.18020588,0.59002054,-0.043643337,0.11235118,-0.17711188,0.26018253,0.055752374,-0.011313334,-0.39398396,-0.04327617,-0.044714738,0.6264649,0.04244731,-0.099712044,-0.36829415,-0.04714549
6542-LWGXJ,0,0.4312369,0,1,0,1,0,3,0,1,0,0,0,0,0,0,0,0,0,3,25.0,78.25,0.024120247,-0.058403347,-0.009640238,0.009398728,0.45467347,0.067016326,0.06285921,-0.2088795,0.2902055,0.09776778,-0.010499863,0.14924452,-0.06514991,-0.040963892,0.6492494,-0.29622725,-0.114357576,-0.51335996,0.28536558
6953-PBDIN,0,0.07157061,0,1,0,1,0,70,1,2,0,0,2,2,2,2,0,2,0,0,72.95,5265.55,0.008271621,-0.040291395,0.006291093,0.02105794,0.11990259,-0.025477374,0.062577516,-0.1649737,0.1873836,-0.15012172,-0.003453793,-0.16668604,0.02826713,-0.014406567,-1.2420112,-0.12364428,-0.11224902,-0.32713684,0.42311418
6332-FBZRI,0,0.03911824,0,1,0,1,1,67,1,2,0,2,2,2,2,0,0,1,1,1,69.35,4653.25,0.014938421,-0.026201446,0.005619829,-0.060973343,-0.42148072,-0.0086244885,0.067734316,-0.11074801,-0.21726687,-0.046662167,0.026448438,-0.18778764,-0.02350835,-0.22138888,-0.6368217,0.033731047,-0.082616314,-0.24403405,-0.012395488
9365-CSLBQ,0,0.0021396056,0,1,0,0,1,71,1,2,2,1,1,1,1,1,1,2,0,3,24.35,1654.6,0.004188719,-0.028097741,0.0091396645,-0.057572413,-1.367636,-0.03277704,0.07196637,0.03946272,-0.43938494,-0.10908812,-0.026614478,-0.20145611,-0.08359292,-0.080724046,-1.5156739,-0.17802446,-0.1392245,-0.6711371,-0.28951904
3466-WAESX,0,0.28296545,0,1,0,0,1,16,1,2,0,2,2,0,0,0,2,0,1,2,69.1,1083.7,0.052935876,-0.03938931,-0.0024956935,-0.15391338,-0.016815007,-0.040495493,0.08113055,-0.23778977,-0.2970746,-0.16152535,0.0043989187,0.15497345,-0.013860532,-0.016047837,0.5987533,0.14079039,0.15619078,-0.28206462,0.19172455
9700-ISPUP,0,0.2649544,0,0,0,1,1,10,1,0,0,0,2,0,2,0,2,0,1,2,65.5,616.9,0.05905309,-0.008721682,0.00683981,-0.09425796,0.3086705,-0.013364265,-0.07247475,-0.27308598,0.19881487,-0.11827776,0.010955082,-0.2638202,-0.013631204,0.012162813,0.6178704,0.09730285,0.13677849,-0.32691795,-0.23504576
5167-ZFFMM,1,0.91485184,1,1,0,0,0,1,1,2,1,0,2,0,0,0,2,0,1,1,90.85,90.85,-0.0024655191,-0.04176286,0.001922094,0.032373272,1.0730411,-0.02535495,0.29004505,0.16595222,0.2993524,-0.0944687,0.012707205,0.17240354,-0.011999567,0.049944114,0.8865607,0.16217762,-0.16330339,0.4757108,0.14076027
7669-LCRSD,0,0.20160313,0,1,0,1,1,12,1,0,0,0,0,0,0,2,0,0,1,3,56.3,628.65,-0.016374161,-0.028056841,0.0038364518,-0.06748278,-0.025021004,-0.066205844,-0.1174641,-0.35293433,0.20417075,0.06486855,-0.0027401394,0.10077983,0.078850456,-0.027277835,0.5283524,0.081048355,-0.16454917,-0.35003737,-0.17084305
0870-VEMYL,1,0.23306143,0,0,0,0,0,5,1,0,0,2,0,0,2,0,0,0,0,1,53.85,259.8,0.06096637,-0.022220269,-0.00078611105,0.011709347,0.4076654,-0.0086214105,-0.08256976,-0.116740584,-0.35754544,0.10622751,0.010229584,-0.17854768,-0.017373528,-0.030871466,0.6289466,-0.15037379,-0.074603476,-0.20441419,-0.122956574
2995-UPRYS,1,0.2822538,0,0,1,1,0,40,1,0,1,0,2,0,2,2,2,1,1,1,99.2,4062.2,-0.019898927,0.12328693,0.008856438,0.041062344,-0.100629285,-0.007655717,-0.10163656,0.053441025,0.12472947,-0.07436331,0.015146339,-0.073931,0.04042222,0.14921564,-0.6858792,0.05805719,-0.090781756,0.7785008,-0.12202656
3179-GBRWV,0,0.2446407,0,1,1,1,0,21,1,0,0,2,2,0,0,0,2,0,1,0,64.95,1339.8,-0.020204341,0.1578989,0.039314076,0.015086376,-0.14981408,-0.044307344,-0.09835455,-0.26702112,-0.093736336,-0.010605798,0.013968749,0.16978413,-0.022378206,0.048941564,0.57931787,0.076638505,-0.1729016,-0.29775557,-0.0020494182
0701-TJSEF,0,0.13413413,0,1,0,0,0,9,1,0,0,2,0,2,2,0,2,0,1,0,68.25,576.95,-0.08243755,-0.01887778,-0.0031724395,0.017277163,0.23412794,-0.017793387,-0.1626629,-0.16638607,-0.30820093,0.08136412,-0.010768062,-0.30261075,-0.029586919,0.024578346,0.56856006,0.06725533,-0.17042214,-0.35316175,-0.18274723
1848-LBZHY,0,0.29454026,0,0,0,1,0,7,1,0,0,2,0,0,0,0,0,0,1,0,50.3,355.1,0.024391325,-0.017397013,0.002389251,0.01368294,0.29378533,-0.00744027,-0.11796281,-0.18726051,-0.30877855,0.06639341,0.010174031,0.10893296,-0.031049889,-0.03736704,0.69387734,0.112288535,-0.08434647,-0.2443133,-0.11420796
5380-XPJNZ,0,0.009192357,0,0,0,0,0,38,1,0,2,1,1,1,1,1,1,1,0,3,20.05,678.2,0.013909877,-0.034306075,-0.003054564,0.014191313,-0.50301003,-0.006187063,-0.18565963,0.048354845,-0.3455844,-0.04244398,-0.024348477,-0.13515796,-0.028716873,-0.19168194,-0.85400677,-0.12162131,-0.22540842,-0.8398969,-0.1662954
6608-QQLVK,1,0.6359267,1,1,0,0,0,1,1,0,0,0,0,2,0,0,0,0,1,2,50.5,50.5,-0.0057370244,-0.035655092,0.00063671754,0.012642819,0.7528817,-0.04135894,-0.1493307,-0.28398585,0.22848064,0.058971822,0.001303859,0.15912509,-0.01741739,-0.010639639,0.7308099,0.1012164,0.12102621,-0.28742105,0.2714041
1475-VWVDO,0,0.6206393,1,1,0,0,0,7,1,0,1,0,0,2,0,0,0,0,1,2,74.9,490.55,-0.002800948,-0.011202729,-0.002372703,0.014271196,0.3297531,-0.013442044,-0.19029698,0.15665135,0.25185955,0.05345325,-0.0046347203,0.16218796,-0.034515858,-0.011659684,0.7653387,0.12405802,0.13851951,-0.08539653,-0.098282345
3721-CNEYS,1,0.5960532,1,0,0,0,0,2,1,0,1,0,0,0,0,0,0,0,1,2,70.95,137.95,0.006940941,-0.03589339,-0.0021585706,0.01078838,0.41311806,-0.012902396,-0.14841886,0.12893401,0.25486928,0.05488626,0.00697989,0.13950749,-0.017781515,-0.02048813,0.78793424,0.09987743,0.13494042,-0.24399266,-0.11886883
4299-OPXEJ,0,0.030600702,0,0,0,0,0,56,1,0,2,1,1,1,1,1,1,2,1,0,19.55,1080.55,-0.034810066,-0.052508824,0.0014059289,0.03224147,-0.1103774,-0.0058956062,-0.18651308,0.043893814,-0.25807932,-0.09151113,-0.012749725,-0.18058948,-0.019401297,-0.07063686,-1.6682813,0.050451986,-0.030076165,-0.29432905,0.4813383
0096-BXERS,0,0.39351508,0,0,0,1,0,6,1,2,0,0,0,0,0,0,0,0,0,2,50.35,314.55,-0.016284337,-0.034874547,0.003322024,0.0119041335,0.3925219,-0.015186871,0.09602163,-0.29136097,0.23413633,0.10470344,0.004497383,0.08676682,-0.038686577,-0.042333696,0.63705474,-0.31155437,0.12899487,-0.20497297,-0.12800331
3055-VTCGS,0,0.03765773,0,0,0,0,0,63,1,0,0,0,0,2,0,0,2,1,0,1,58.55,3503.5,-0.08851238,-0.022660108,0.03137594,0.0090835765,-0.62204,-0.018786147,-0.12818845,-0.12964058,0.14479238,0.047641773,-0.025874358,0.08066357,-0.089017004,0.116413,-0.613226,-0.16901918,-0.09731134,-0.32313094,-0.2941702
9405-GPBBG,0,0.13821827,0,0,0,0,0,64,1,2,1,0,2,2,2,2,2,2,1,1,110.5,7069.25,-0.15747048,-0.007924902,0.2603897,0.02790439,-0.41006455,-0.0039010523,0.0588197,0.061039433,0.17833267,-0.17769922,0.0022726143,-0.15344879,0.049745254,0.04179478,-1.3720396,0.06775617,0.087303944,0.70278597,-0.036538515
6704-UTUKK,0,0.35498086,0,1,0,1,0,29,0,1,0,0,0,0,0,2,2,0,1,2,45.9,1332.4,0.015709251,-0.029384552,0.12804091,0.04538254,-0.55857974,0.21026863,0.12611778,-0.35037017,0.1957659,0.027740804,0.017756118,0.16644534,0.060532607,0.031177314,0.53166765,0.10139237,0.22666249,-0.3053089,-0.18900673
9944-AEXBM,0,0.41739887,0,1,0,0,0,32,1,2,1,0,0,0,0,0,2,0,1,0,85.65,2664.3,-0.017175592,-0.016639277,-0.00026378396,0.018671807,-0.5558007,-0.009738479,0.11731547,0.15820165,0.18724225,0.04954454,0.025609767,0.15249318,-0.050569925,0.050392106,0.7096728,0.10101725,-0.2679884,0.07406994,-0.0102897985
2545-EBUPK,0,0.8495954,1,0,1,0,0,2,1,2,1,0,0,0,0,0,2,0,1,2,84.05,186.05,-0.013052345,0.14256366,-0.011716734,0.027151613,0.4970593,-0.013363519,0.25148228,0.14564137,0.26608646,0.06722031,0.0032821882,0.098842904,-0.020182546,0.11209239,0.84721786,0.11393964,0.07259939,0.17870854,0.015084195
6270-OMFIW,1,0.17957476,0,1,0,1,0,60,1,0,1,0,2,0,0,2,2,1,1,2,94.4,5610.25,0.078070305,-0.0130792465,-0.04090419,0.03827441,-0.6816331,-0.023825673,-0.21991143,0.08067457,0.2410733,-0.08081487,0.010928453,0.07951951,0.060929544,0.10374273,-0.49233952,0.07802233,0.25578493,0.26088583,-0.2054037
1852-XEMDW,0,0.12126704,0,1,0,0,0,22,1,2,0,2,2,2,0,0,0,0,0,3,65.05,1427.55,-0.009366008,-0.047653034,-0.031232575,-0.011052487,-0.24337639,-0.034936175,0.04188043,-0.23732677,-0.16161913,-0.0459716,0.050537918,0.1488162,-0.035568804,-0.044356044,0.57891655,-0.29670978,-0.2179466,-0.3552025,0.020906301
8158-WPEZG,0,0.36973557,0,1,0,0,0,11,0,1,0,0,2,0,2,0,0,0,1,2,35.65,425.1,0.0010933359,-0.021576187,-0.017662764,0.07751293,0.09167698,0.12891448,0.1426111,-0.21857291,0.2202216,-0.114023834,0.0049289092,-0.3091624,-0.031217016,-0.024604062,0.60414314,0.15461771,0.20096739,-0.30665386,-0.067340866
5198-EFNBM,0,0.12538199,0,1,1,1,0,57,1,0,1,0,2,2,0,2,0,1,1,2,90.65,5199.8,0.036442034,0.12504092,0.0030127575,0.02639164,-0.4616287,-0.024271771,-0.20174901,0.06853708,0.2926445,-0.06024467,-0.004503578,0.10563793,0.037321795,-0.18320718,-0.85014844,0.04951978,0.31454507,0.06441575,-0.2309527
7663-RGWBC,1,0.5102316,1,1,0,0,0,1,1,0,0,0,0,0,0,0,0,0,1,3,44.15,44.15,-0.032718826,-0.048694003,0.00063671754,0.011807633,0.799854,-0.04791562,-0.17929187,-0.28398585,0.24366435,0.043269765,-0.0106063755,0.15126975,-0.025163203,-0.047118258,0.70869833,0.09743794,-0.074296,-0.39552742,0.17883672
3970-XGJDU,0,0.012633791,0,0,0,0,0,62,1,0,2,1,1,1,1,1,1,2,1,1,19.2,1123.65,-0.0041251453,-0.041635044,0.04342271,0.0449611,-0.42447528,-0.0065724803,-0.17406517,0.04376834,-0.2674159,-0.12613694,0.0067904685,-0.20236886,-0.047032982,-0.061443668,-1.6931415,0.33241016,-0.034369297,-0.9806295,0.28261745
6845-RGTYS,1,0.40081295,0,0,0,1,0,47,1,2,1,2,2,2,0,2,0,0,1,2,98.75,4533.7,-0.019251926,-0.04581867,0.011816859,0.034567244,-0.4812449,-0.024880925,0.110053405,0.10710553,-0.45359647,-0.12706934,-0.000521512,0.14713705,0.041328613,-0.040679622,0.64232373,0.15344626,0.19724725,0.68403447,-0.28885064
0123-CRBRT,0,0.005198013,0,0,0,1,1,61,1,2,0,2,2,2,2,2,2,2,0,3,88.1,5526.75,-0.015264415,-0.06519826,-0.018633025,-0.03803835,-0.6411875,-0.01848075,0.04814994,-0.12145066,-0.23820297,-0.15260418,0.037127048,-0.1690172,0.053525306,-0.0015829699,-1.7942985,-0.08870874,-0.28117448,-0.22161366,-0.4783879
6077-BDPXA,0,0.61720634,1,0,0,0,0,3,1,0,1,0,0,0,0,0,0,0,1,2,70.15,194.2,0.006940941,-0.011761255,-0.0021585706,0.010902901,0.40515864,-0.012902396,-0.14920264,0.12893401,0.25486928,0.05488626,0.00697989,0.13950749,-0.017781515,-0.02048813,0.787936,0.09987743,0.14183205,-0.2297346,-0.06686302
2250-IVBWA,0,0.12786885,0,1,0,1,1,64,1,0,1,2,2,0,0,0,0,0,0,2,81.05,5135.35,0.030669678,-0.016374102,0.024024216,-0.06450082,-0.8242039,-0.020625222,-0.07068272,0.09475836,-0.39103347,-0.14456294,0.019003695,0.15040106,-0.10173758,0.03530942,0.5776542,-0.18032868,0.25101098,-0.01877654,-0.22071488
6137-NICCO,0,0.8660441,1,0,0,1,1,6,1,2,1,0,2,2,0,2,0,0,1,3,94.05,518.75,0.004389018,-0.011403013,0.00023786044,-0.13810255,0.58750606,-0.015653996,0.16876806,0.18442018,0.19150357,-0.091558926,0.13432932,0.09780284,0.051956348,-0.049418803,0.8341497,0.16913071,0.10907407,0.6609328,0.027587293
8129-GMVGI,0,0.009355104,0,0,0,1,1,56,1,0,2,1,1,1,1,1,1,2,0,3,20.05,1090.1,-0.035434656,-0.057751317,0.002893242,-0.106615596,-0.38879958,-0.008068953,-0.18195309,0.047823712,-0.29704213,-0.105927944,-0.021735359,-0.18718207,-0.026989972,-0.07248004,-1.5925349,-0.112349525,-0.2289946,-0.6061515,0.36608705
4353-HYOJD,0,0.07827739,0,0,0,1,1,27,1,0,0,0,2,0,0,0,0,0,0,3,49.85,1336.15,-0.00026803176,-0.041611616,0.03538453,-0.05529416,-0.6430992,-0.07486324,-0.09531149,-0.41540533,0.16039057,-0.061778903,-0.0077306265,0.10507852,-0.030994425,-0.026254645,0.4388591,-0.21748546,-0.15866016,-0.32206947,-0.0056460393
8671-KKKOS,0,0.24560772,0,0,0,1,0,46,0,1,0,2,2,0,0,2,0,0,0,2,45.55,2062.15,-0.019479876,-0.045217514,0.099265106,0.05664515,-0.37010306,0.24994758,0.07293889,-0.19422273,-0.28782985,-0.11021137,0.0044368394,0.18323094,0.032328106,-0.024596568,0.6109533,-0.24423566,0.20016867,-0.22431514,-0.06265455
8080-DDEMJ,1,0.63947535,1,1,1,0,0,1,1,0,0,0,0,0,0,0,0,0,0,2,45.1,45.1,-0.021770643,0.24988472,-0.00038325932,0.010926573,0.72796404,-0.037946366,-0.14109595,-0.27756223,0.17982161,0.08444052,0.005560032,0.16341512,-0.017317224,-0.05767504,0.73900855,-0.18624114,0.13598166,-0.17178573,0.237088
6698-OXETB,0,0.008883237,0,1,0,0,0,11,1,0,2,1,1,1,1,1,1,2,0,3,20.4,231.45,-0.025041217,-0.062313903,0.002435409,0.027083404,-0.09603916,-0.010042756,-0.1802261,0.030329129,-0.3160869,-0.07941546,-0.011343115,-0.1252758,-0.029990582,-0.08857605,-1.744126,-0.10704634,-0.1737446,-0.55231035,-0.123711705
3312-UUMZW,0,0.598576,1,1,0,1,0,32,1,2,1,0,2,0,0,2,2,0,1,1,98.85,3145.9,-0.021217313,-0.01661457,0.02303533,0.031079145,-0.38768345,-0.012336798,0.1353064,0.1626063,0.22289263,-0.100315616,0.02520419,0.120302275,0.04263119,0.043502953,0.6703946,0.14272891,-0.16522245,0.73169076,-0.19922325
6376-GAHQE,1,0.69779205,1,1,0,0,0,4,1,0,1,0,0,0,0,2,0,0,0,2,77.85,299.2,-0.0066056186,-0.009963585,-0.0037737046,0.010129777,0.46085358,-0.008821146,-0.14372393,0.15485634,0.285808,0.10583989,0.0070601385,0.13430624,0.017750379,0.0435019,0.7960635,-0.25481987,0.16442968,0.30397788,-0.1708382
0733-VUNUW,1,0.12763287,0,1,0,0,0,24,1,2,0,2,0,0,0,0,0,0,1,0,55.65,1400.55,-0.022745084,-0.025106065,-0.030130982,0.0052175443,-0.2794864,-0.044438258,0.094538465,-0.33776614,-0.22719128,0.009399717,0.009798861,0.17257488,-0.04195702,-0.05785279,0.65974945,0.108316466,-0.14209071,-0.5132953,-0.2103629
6733-LRIZX,0,0.20589483,0,1,0,0,0,35,1,2,1,2,0,2,2,2,2,2,1,2,108.95,4025.5,-0.00069143745,-0.024930254,0.102028154,0.046969246,-0.12381194,-0.0045655584,0.07632082,0.049934495,-0.21433896,0.16158465,-0.0021158773,-0.11128193,0.01758514,0.054407045,-1.3088058,0.046267964,0.12172036,1.0951947,-0.28209615
2165-VOEGB,1,0.20074338,0,0,0,0,1,46,1,0,1,2,2,0,2,2,2,1,1,0,105.2,4822.85,-0.027642231,-0.03612935,-0.0015438038,-0.18218118,-0.32668155,0.00068782945,-0.026916495,0.046990655,-0.13459498,-0.08935513,0.003997132,-0.18883769,0.03202408,0.15774083,-0.4173129,0.03780746,-0.006739304,0.8880381,-0.06178119
1853-UDXBW,1,0.82919854,1,1,0,1,1,1,1,0,1,0,0,0,0,0,0,0,1,2,70.0,70.0,-0.006229125,-0.014947189,0.006142752,-0.07087298,0.81470007,-0.019933278,-0.12755197,0.1727621,0.26585236,0.060033016,0.006976844,0.23046277,-0.017015237,-0.010928302,0.8793214,0.09237753,0.15461947,-0.053245544,0.26665843
9070-BCKQP,0,0.004906784,0,0,0,1,0,72,1,2,1,2,0,2,2,2,2,2,1,1,110.15,7881.2,-0.14853533,-0.019047458,-0.028179443,0.0308371,-2.0690334,-0.02282686,0.100309186,0.041939862,-0.4078624,0.19298308,-0.003531951,-0.12099478,0.02406853,0.036120456,-1.9229652,0.058278315,-0.15329483,0.35615337,-0.2074095
1035-IPQPU,0,0.33066374,0,0,1,1,0,63,1,2,1,0,2,2,0,2,2,0,1,2,103.5,6479.4,-0.04584636,0.023866545,-0.023251826,0.021169756,-1.110551,-0.027700782,0.1466936,0.16011713,0.2375594,-0.07307985,-0.013328093,0.17448667,0.05903957,0.020722408,0.59768754,0.08708965,0.21594915,0.42977217,-0.53635436
2057-ZBLPD,1,0.55916667,1,0,0,1,0,21,1,2,1,0,0,0,0,0,2,0,1,2,86.5,1808.7,-0.01317875,-0.020194339,0.0063252123,0.024194384,-0.2760088,-0.019425964,0.15993007,0.16287886,0.21958229,0.050253667,0.0064207027,0.14839338,-0.0489441,0.02264135,0.7278497,0.1378019,0.16274899,0.06290051,-0.22716251
6967-PEJLL,0,0.047878776,0,1,0,1,1,37,0,1,0,2,0,2,2,0,0,1,1,2,40.2,1525.35,0.0129268095,-0.01874776,0.05438638,-0.15533604,-0.28092763,-0.012943372,0.06880414,-0.107525624,-0.25027406,0.0344871,0.026245657,-0.19889675,-0.029742913,-0.11129223,-0.7085797,0.003590618,0.21647206,-0.3948199,-0.0886206
7879-CGSFV,0,0.09298165,0,1,0,0,0,55,1,0,1,2,2,0,0,2,2,1,1,3,100.9,5552.05,0.035169367,-0.03570961,-0.0041326387,0.047698066,-0.40202832,-0.01009997,-0.119046636,0.06196625,-0.26257375,-0.06569143,-0.010220069,0.07199726,0.05439047,0.14628315,-0.52524614,0.087719634,-0.41217342,0.5702637,-0.4571012
2257-BOVXD,0,0.22657599,0,1,0,1,0,14,1,2,0,0,0,0,2,2,0,0,1,1,66.6,979.5,-0.049840476,-0.027866459,0.0037963358,0.03775102,0.13597488,-0.04184379,0.13719997,-0.2606302,0.17586462,0.06493716,0.010527352,-0.26215133,0.044222374,-0.061712373,0.54775566,0.062285505,-0.15073678,-0.31005043,-0.23400474
9822-BIIGN,0,0.08059144,0,1,0,1,1,53,1,2,0,2,0,0,2,0,2,0,0,2,71.85,3827.9,0.0032703856,-0.043659784,0.0054791253,-0.07093902,-0.45655406,-0.022743156,0.12792309,-0.26810318,-0.24788512,0.09028154,0.0043886723,-0.3914317,-0.079234675,0.03736831,0.4588873,-0.10629914,0.16364527,-0.20000634,-0.38949975
1136-XGEQU,0,0.07076069,0,0,0,1,1,50,1,2,0,0,2,2,2,2,2,1,1,1,84.15,4164.4,-0.062218733,-0.02278105,0.0049907374,-0.10964474,-0.4880371,-0.015158691,0.11876306,-0.1896691,0.08599962,-0.07819887,0.0020230878,-0.20061788,-0.0058739884,0.15525284,-0.50035506,0.055562083,-0.15573704,0.039165493,-0.15930198
2439-LYPMQ,0,0.53597236,1,1,1,1,0,38,1,2,1,0,2,2,0,2,2,0,1,2,102.6,4009.2,0.01882515,0.13158338,-0.006379061,0.039385688,-0.3966518,-0.0205569,0.17426878,0.16705005,0.23827478,-0.093785696,0.003006437,0.11684142,0.041633405,0.038394652,0.64688903,0.09332123,0.1274759,0.39104047,-0.5172528
6543-XRMYR,1,0.6103355,1,0,1,0,0,30,1,2,1,0,2,0,0,2,2,0,1,2,99.7,2967.35,-0.010122527,0.10991179,-0.00920635,0.036215067,-0.36697084,-0.011506519,0.15544862,0.1730795,0.23372754,-0.11089782,0.007245944,0.10525272,0.040630136,0.034802206,0.6742178,0.11493544,0.11396504,0.4173442,-0.2101235
5753-QQWPW,0,0.053803563,0,0,0,0,0,28,1,0,0,2,2,0,2,0,0,1,1,2,59.9,1654.7,-0.0006039921,-0.02134795,-0.00034781854,0.020124462,-0.24562913,-0.0073390743,-0.049581897,-0.11305764,-0.22727677,-0.04050432,0.005017398,-0.1485685,-0.023614308,-0.030692963,-0.7435916,0.05581709,0.20211932,-0.27152523,-0.17728145
4785-QRJHC,1,0.13172226,0,1,1,1,0,46,0,1,0,0,2,2,2,2,2,1,1,0,59.9,2816.65,0.10176846,0.12219475,0.022695165,0.038857806,-0.2879459,0.05048429,0.06086672,-0.11977462,0.18003464,-0.050213337,0.00087093853,-0.24409874,0.028913436,0.2206958,-0.45581338,0.072474845,-0.35716823,-0.24598575,0.024552358
0052-YNYOT,0,0.014354088,0,0,0,0,0,67,1,0,2,1,1,1,1,1,1,1,0,2,20.55,1343.4,-0.027446928,-0.016716031,-0.038894013,0.014589203,-0.5642864,-0.0051014908,-0.18128052,0.041605044,-0.32470998,-0.022938037,-0.0038142,-0.18635003,-0.012345839,-0.15799655,-0.7543058,-0.06602936,0.08945838,-0.7091308,-0.25434363
7054-LGEQW,1,0.52913404,1,0,0,0,0,1,1,0,0,0,0,0,0,0,0,0,0,3,45.95,45.95,0.007983327,-0.055919588,-0.0006268876,0.008523558,0.81181675,-0.022471946,-0.066688426,-0.27822307,0.2522816,0.07341039,-0.0093443375,0.12635623,-0.024849463,-0.029056158,0.70834196,-0.20467581,-0.114999264,-0.27330866,0.25734347
0608-JDVEC,0,0.012330983,0,1,0,1,0,50,1,0,2,1,1,1,1,1,1,2,0,2,19.8,1013.2,-0.028896488,-0.05211082,0.015096522,0.044982426,-0.32701752,-0.021581978,-0.2001694,0.049665913,-0.28956512,-0.0930631,-0.013097494,-0.18148856,-0.018872198,-0.105577566,-1.6815495,-0.00947864,0.029272288,-0.5483388,0.097782746
6284-KMNUF,0,0.2386813,0,0,0,1,0,56,1,2,1,2,0,0,0,2,2,1,1,2,98.0,5270.6,-0.06588755,-0.022885326,0.009842278,0.0330765,-0.4239312,-0.021574784,0.12232177,0.054972067,-0.26283824,0.110476226,-0.0032677858,0.08303737,0.045314856,0.13159311,-0.6365416,0.11683827,0.17705555,0.7117919,-0.27009118
6286-SUUWT,0,0.4515449,0,1,0,0,0,1,1,0,2,1,1,1,1,1,1,0,0,3,19.95,19.95,-0.019426227,-0.07977657,-0.011036036,0.012276214,0.83450127,-0.009318287,-0.15189055,0.06675082,-0.4829236,-0.02544185,-0.017138695,-0.22130407,-0.0060235,-0.0011911805,0.7803036,-0.2138391,-0.07255677,-0.0072828108,0.48011234
3594-KADLU,0,0.19388288,0,1,0,1,0,3,0,1,0,2,0,0,2,0,0,0,0,3,35.1,101.1,-0.010580374,-0.062414773,-0.009810428,0.013601864,0.37359965,0.07135545,0.094136134,-0.10102437,-0.3905553,0.106040396,-0.010919608,-0.3590533,-0.06445039,-0.041569147,0.6467996,-0.23955259,-0.13360539,-0.28206182,0.024314886
0536-ACXIP,0,0.01277384,0,0,0,1,0,72,1,2,1,2,2,2,0,2,2,2,1,2,109.55,8165.1,-0.14073075,-0.011731044,0.007469997,0.049901567,-1.4050844,-0.03866294,0.08690619,0.053917803,-0.5627596,-0.0874583,0.0007580976,0.09557146,0.03200055,0.02858087,-2.0532336,0.06705555,0.13903269,0.50979936,-0.0696055
8869-TORSS,1,0.067845985,0,0,0,0,0,48,1,0,0,2,0,2,2,0,0,1,1,1,60.35,2896.4,0.022785643,-0.027448906,0.0018586309,0.01362844,-0.44576427,-0.010118922,-0.06890443,-0.117234826,-0.15157074,0.03753913,0.005818505,-0.19481248,-0.023782112,-0.10424359,-0.5720676,0.03841969,-0.107490145,-0.07285834,0.20521377
0373-AIVNJ,0,0.07024897,0,1,0,0,0,9,0,1,0,2,2,2,0,0,0,1,0,3,39.55,373.0,0.019132346,-0.033787247,-0.029117208,0.025924228,0.23067081,0.056385644,0.059580423,-0.081850864,-0.30566707,-0.074023604,0.1404589,0.07533733,-0.04233976,-0.19335759,-0.8244675,-0.20856826,-0.014022662,-0.287081,-0.046852164
6429-SHBCB,0,0.10731009,0,1,0,0,0,19,1,2,0,0,0,0,0,2,2,0,0,3,69.6,1394.55,-0.0015029369,-0.055013567,-0.032734055,-0.0032385876,-0.35299724,-0.06776736,0.06533219,-0.42173916,0.15970856,0.060602453,-0.004105145,0.11880082,0.07959842,0.063357085,0.46258667,-0.31417567,-0.18267004,-0.3675798,-0.2757535
5751-USDBL,0,0.010025429,0,1,0,1,1,46,1,0,0,2,0,2,2,2,2,2,0,3,81.0,3846.35,0.010600948,-0.04528557,-0.0018668452,-0.060012925,-0.2957338,-0.014021589,-0.11251453,-0.14636157,-0.22046316,0.16091678,0.038833387,-0.15992257,0.02063334,0.021432657,-1.82299,-0.057122532,-0.07557034,-0.33652964,-0.44735014
6815-ABQFQ,0,0.35939926,0,1,0,1,0,56,1,2,1,0,2,0,2,2,2,1,1,2,107.25,6033.3,0.09921359,-0.0050205383,0.0116820205,0.07009042,-0.3375146,-0.021456484,0.106731236,0.07981841,0.119183615,-0.101345666,0.0016793201,-0.1736463,0.046462007,0.13727294,-0.43840605,0.09782003,0.18418981,0.47737235,0.11712682
9450-TRJUU,0,0.44057435,0,1,0,0,0,35,1,2,1,0,0,0,0,2,0,0,0,2,83.15,2848.45,0.007641158,-0.026884068,-0.004373942,0.0137266675,-0.5114153,-0.009722148,0.09714432,0.15971068,0.21353085,0.09428891,0.018698137,0.12821639,0.034878857,-0.035815936,0.660478,-0.28060624,0.2213861,0.021864394,0.00764731
2805-AUFQN,0,0.012977024,0,0,0,0,0,25,1,0,2,1,1,1,1,1,1,2,0,1,19.8,475.2,0.022232195,-0.043190897,-0.0034608901,0.029801575,-0.21207432,-0.0060457187,-0.19689289,0.042574,-0.2582559,-0.08267945,-0.009644877,-0.1544749,-0.019739833,-0.072642565,-1.6534028,-0.10550484,-0.09668058,-0.5243278,0.06212215
7855-DIWPO,0,0.45614386,0,0,0,0,0,21,1,0,1,0,0,0,0,0,0,0,1,2,68.65,1493.2,-0.010729859,-0.015258326,-0.03267112,0.008005301,-0.21076088,-0.007212536,-0.13506776,0.15559286,0.18351896,0.02413111,0.012611507,0.16246794,-0.030858941,-0.015285717,0.6880831,0.11305309,0.2233573,-0.24246885,0.0028417893
0174-QRVVY,0,0.0030240417,0,1,0,1,1,71,1,2,2,1,1,1,1,1,1,2,0,1,25.35,1847.55,0.012228487,-0.023746103,0.017272409,-0.071887136,-1.3415772,-0.032973304,0.11719734,0.04282469,-0.39502412,-0.109959766,-0.021528594,-0.2055047,-0.075186834,-0.07443439,-1.5650538,-0.1411839,-0.11530456,-0.50631374,-0.25875077
9507-EXLTT,1,0.86539805,1,0,0,1,0,1,1,0,1,0,0,0,0,2,0,0,1,0,79.35,79.35,0.017620284,-0.017080346,0.021928044,0.01696943,0.96844757,-0.02042073,-0.16147892,0.14820006,0.24197616,0.055485323,0.010865496,0.14984131,0.011991345,-0.039352044,0.9414194,0.10237169,-0.24814181,0.4653811,0.2440695
8390-FESFV,0,0.0134018175,0,0,0,0,0,62,1,2,0,0,2,2,2,2,2,2,0,0,84.5,5193.2,-0.011600785,-0.053980898,0.0116737,0.014545981,-0.7929765,-0.017936978,0.06933254,-0.13812968,0.20124727,-0.15424831,-0.011773545,-0.17528123,0.031910665,0.017137794,-1.7046351,-0.12721832,-0.21575327,-0.2177525,0.025791686
0661-KBKPA,0,0.14923076,0,1,0,1,1,53,1,2,0,0,0,2,2,2,2,1,1,3,78.75,3942.45,0.10863735,-0.029843159,0.0034011973,-0.065804176,-0.32144344,-0.016515741,0.1326817,-0.20782131,0.26721364,0.054933995,0.051238324,-0.25998133,0.052514877,0.10102004,-0.22965664,0.07177532,0.015402368,-0.10227639,-0.31689838
6856-RAURS,0,0.6695189,1,0,0,0,0,2,1,2,1,0,0,0,0,0,0,0,1,3,74.9,136.05,-0.0063260146,-0.05322597,-0.0021585706,0.0195071,0.5678487,-0.012902396,0.16752817,0.14401259,0.28610706,0.045604944,-0.013421985,0.14042257,-0.034103803,-0.056768708,0.80112976,0.14463869,-0.12885146,-0.1676486,-0.086156785
7322-OCWHC,0,0.003762617,0,1,1,1,0,72,1,2,1,2,2,2,2,0,0,2,1,0,93.05,6735.05,0.008326592,0.34061638,0.014768213,0.0033353826,-1.7561101,-0.029999446,0.055724755,0.031398505,-0.36221167,-0.106499575,-0.035425186,-0.23288004,-0.10262077,-0.025746986,-1.7304007,0.048560865,-0.09250182,-0.14664233,-0.41133863
2203-GHNWN,0,0.4072544,0,0,0,1,0,24,1,2,1,0,0,2,0,0,0,0,1,3,79.65,1928.7,-0.00018793819,-0.029670117,0.015190167,0.022487601,-0.5357609,-0.018079605,0.15449205,0.14756005,0.24301767,0.032655023,0.06800891,0.12965329,-0.043032084,-0.04428437,0.68577915,0.12140456,-0.20928173,0.118580215,-0.18463337
3413-CSSTH,0,0.15992184,0,1,0,0,0,41,1,2,0,0,0,2,0,0,0,0,1,0,55.7,2237.55,-0.022092223,-0.029861461,-0.0006423814,0.019618116,-0.514542,-0.07955977,0.11172116,-0.45873308,0.13960128,0.034479316,-0.0068700495,0.14034134,-0.05223129,-0.048493978,0.5929281,0.09250373,-0.25287256,-0.3140505,0.039171714
3006-XIMLN,1,0.8894253,1,0,0,0,1,2,1,2,1,0,0,0,0,2,2,0,1,0,94.2,193.8,0.0068055307,-0.011584199,0.00079912366,-0.110437706,0.753335,-0.012292328,0.288969,0.14224337,0.18922623,0.08547495,0.012062857,0.105166,0.032481797,0.08710658,0.81443584,0.13365477,-0.049875766,0.5928216,0.073716536
3750-CKVKH,1,0.56990516,1,1,0,0,0,2,1,0,1,0,0,0,0,0,0,0,1,2,67.75,116.65,-0.0064668693,-0.03588307,-0.0021083006,0.011334567,0.41779354,-0.013194929,-0.1835419,0.13227274,0.25825456,0.05488626,0.007703442,0.1549814,-0.018095255,-0.011321789,0.7668477,0.09350404,0.14764687,-0.2940881,-0.14983512
0576-WNXXC,1,0.53236294,1,1,1,1,0,27,1,2,1,0,2,2,0,0,2,0,1,2,95.55,2510.2,-0.006410978,0.1123675,-0.010990556,0.029786732,-0.4875656,-0.020923689,0.15977561,0.16809799,0.11301835,-0.06306128,-0.017422792,0.15797013,-0.05382251,0.038394652,0.63618356,0.13297321,0.15212217,0.12859635,0.009770018
7056-IMHCC,1,0.6559619,1,1,1,1,0,53,1,2,1,0,2,0,0,2,2,0,1,2,101.9,5549.4,0.035235975,0.12962012,0.015568055,0.04472721,-0.40057096,-0.027592914,0.19964683,0.16712864,0.22727981,-0.09735329,0.0032644894,0.15927199,0.057573263,0.036899902,0.63102007,0.12070074,0.19491427,0.45163274,-0.25439164
0866-QLSIR,1,0.038113985,0,0,0,0,0,34,1,2,0,2,2,0,2,0,0,1,1,3,64.4,2088.75,0.007819839,-0.033393387,0.00057653233,0.008754286,-0.3678164,-0.010994487,0.04183695,-0.11472154,-0.28883663,-0.02996373,-0.012132242,-0.1666687,-0.034148254,-0.053635307,-0.6790046,0.059781756,-0.1498297,-0.30398223,-0.052730847
1628-BIZYP,0,0.8538152,1,1,0,0,0,1,1,0,1,0,2,0,0,0,2,0,1,2,85.0,85.0,-0.019719208,-0.017173795,-0.0123262685,0.025568984,0.935014,-0.02175513,-0.20435962,0.18083371,0.2867312,-0.09128539,0.00770959,0.16328475,-0.0016788726,0.0053232834,0.8464841,0.13068385,0.10577884,0.41000763,0.08494696
2230-XTUWL,0,0.010381189,0,0,0,1,1,48,1,0,2,1,1,1,1,1,1,2,0,3,19.55,883.35,0.0110680545,-0.056242015,0.009383911,-0.094298325,-0.47900388,-0.008584969,-0.17780772,0.049042005,-0.29431444,-0.092847064,-0.02217553,-0.16268721,-0.026989972,-0.072665565,-1.5832199,-0.097172506,-0.121890835,-0.3818715,0.094180614
1980-KXVPM,1,0.7487383,1,0,1,0,0,3,1,2,1,0,0,0,0,0,0,0,1,1,75.05,256.25,-0.0032025184,0.12257526,-0.002209649,0.025687566,0.6443236,-0.010751595,0.27077842,0.16170467,0.22040698,0.045704316,0.006256994,0.14231484,-0.024811506,-0.06304969,0.8443058,0.13561033,-0.10039389,-0.14211132,-0.13201903
8619-IJNDK,0,0.0053482,0,0,0,1,1,71,1,0,0,2,2,2,2,0,0,2,0,1,64.05,4492.9,-0.00096692407,-0.048383996,0.0024950495,-0.064897284,-1.3760422,-0.037653472,-0.11888489,-0.09519238,-0.30589005,-0.11442605,-0.04289607,-0.17745407,-0.086368814,0.003204402,-1.2919496,-0.12208407,-0.13498792,-0.40947473,0.24544755
2960-NKRSO,0,0.30341777,0,1,0,0,0,24,1,0,1,0,2,2,2,0,0,0,1,2,85.95,2107.15,-0.029315287,-0.014675579,0.0007571629,0.020818638,-0.38526705,-0.009641175,-0.19824043,0.13102022,0.22102696,-0.05058486,-0.010660863,-0.38977075,-0.042103443,-0.010005461,0.65497464,0.11430887,0.1807472,0.09411479,-0.05935334
6705-LXORM,0,0.51519644,1,0,1,1,0,5,1,0,1,0,0,0,0,0,0,0,0,2,70.05,302.6,0.0072789527,0.08681425,0.0069219144,0.010533594,0.35106644,-0.009955078,-0.13500671,0.15334515,0.24610996,0.09992287,0.0046377303,0.11705447,-0.01828376,-0.061444614,0.74973917,-0.2069016,0.12037107,-0.19633578,-0.21583778
7130-VTEWQ,1,0.6935501,1,0,1,0,0,8,1,2,1,0,0,0,0,0,0,0,1,2,75.75,606.25,-0.026652236,0.11842808,-0.0505729,0.038571734,0.26007962,-0.014225901,0.18560639,0.16782987,0.28170434,0.050765514,0.005544264,0.14692043,-0.040668104,-0.049261425,0.8408816,0.13675581,0.15829208,-0.20489106,-0.13911353
9364-YKUVW,0,0.11068851,0,1,0,0,0,15,1,0,2,1,1,1,1,1,1,0,1,3,19.8,309.4,-0.04535271,-0.040531933,-0.0099508595,0.020510962,0.15739335,-0.013224735,-0.23267075,0.05600536,-0.4997337,-0.055309746,-0.011309282,-0.2682791,-0.0266231,-0.06386503,0.6366357,0.13664895,-0.31259936,-0.26827762,-0.19396843
2761-OCIAX,1,0.6169266,1,1,1,0,0,2,1,0,1,0,2,0,0,0,0,0,1,2,74.7,165.4,-0.0062617892,0.095067635,-0.0026756255,0.019842798,0.45281565,-0.0138751,-0.20730413,0.13716705,0.21194054,-0.07932273,0.0051621078,0.16625372,-0.016183391,-0.012546246,0.7583652,0.15432753,0.117527895,-0.12877469,-0.12577735
7996-BPXHY,0,0.01345049,0,0,0,1,1,13,1,2,2,1,1,1,1,1,1,2,1,0,25.0,332.5,-0.0018585253,-0.040100243,0.005592516,-0.115055345,-0.03890156,0.00301399,0.029692654,0.03017895,-0.29929402,-0.08740139,-0.007967662,-0.16722925,-0.011339533,-0.062023103,-1.8903428,0.03585486,-0.025918659,-0.5703205,-0.032553468
4248-QPAVC,1,0.45810148,0,0,1,1,0,17,1,2,1,2,0,2,0,0,0,0,1,0,85.35,1463.45,0.018058758,0.123841435,0.026828468,0.010569001,-0.12603036,-0.013991736,0.09544545,0.121911466,-0.3236615,0.038905956,-0.007138855,0.09852661,-0.015000227,-0.06108451,0.77384144,0.09931399,-0.21859594,0.21759252,0.021905668
9357-UJRUN,0,0.053533513,0,1,0,1,0,24,1,2,0,2,0,0,2,0,0,1,1,2,58.35,1346.9,0.0042785085,-0.022843223,0.035911243,0.0055957516,-0.21069363,-0.020074837,0.060892787,-0.12581697,-0.2599986,0.031158306,-0.0039398493,-0.1923882,-0.029125767,-0.13228904,-0.7441223,0.059864346,0.23964953,-0.4070544,-0.112205096
6340-DACFT,0,0.012925473,0,0,0,1,1,50,1,0,2,1,1,1,1,1,1,2,0,1,20.55,1070.25,-0.02652066,-0.049737986,0.0021413364,-0.09286452,-0.29683167,-0.0074182916,-0.19655333,0.043697305,-0.25734007,-0.10712814,-0.01721871,-0.18791486,-0.017202323,-0.07352431,-1.5450876,-0.11027777,-0.06678169,-0.63077563,0.35102
1023-BQXZE,0,0.015550012,0,1,0,0,0,57,1,0,0,2,0,2,0,2,2,2,1,0,74.35,4317.35,0.0008456244,-0.050916497,0.008307498,0.0294403,-0.33112928,-0.016639443,-0.09052716,-0.14662157,-0.17956163,0.095162585,-0.018283034,0.102184564,0.0181401,0.029702207,-1.8285177,0.04749757,-0.09170464,-0.3755983,-0.30057696
5480-HPRRX,1,0.64920473,1,0,1,0,0,3,0,1,0,0,0,0,0,0,0,0,0,2,25.3,77.75,-0.030181257,0.29164246,0.008468604,0.023918469,0.48829824,0.11793327,0.10154852,-0.20484787,0.22383963,0.11080475,0.0015632035,0.16121468,-0.027163908,-0.0663923,0.7109786,-0.25905168,0.113016814,-0.37693635,0.2761169
9576-SYUHJ,0,0.31350166,0,1,0,0,0,37,1,2,1,2,0,0,0,2,0,0,1,2,91.15,3369.25,0.0035113534,-0.02802222,0.0023069466,0.02204024,-0.41435066,-0.010420438,0.094945624,0.12517285,-0.4215779,0.077606454,0.0060578054,0.13366613,0.051398344,-0.03712513,0.69987655,0.09130701,0.16846398,0.15905847,-0.4584894
2169-RRLFW,0,0.003771857,0,0,0,1,0,71,1,2,2,1,1,1,1,1,1,2,0,1,25.6,1888.25,-0.016913386,-0.025598055,0.021371227,0.04168726,-1.3834561,-0.03896155,0.115637526,0.042200778,-0.39784172,-0.10810985,-0.020510955,-0.1996598,-0.08087872,-0.07151224,-1.4979199,-0.13010578,-0.09250331,-0.47886008,-0.20524776
8338-QIUNR,0,0.005892211,0,1,0,1,1,72,1,2,0,2,0,2,2,0,0,2,1,1,66.5,4811.6,0.0027007125,-0.043132342,0.0021672323,-0.035967726,-1.9515417,-0.029248787,0.10423216,-0.117065065,-0.34856185,0.39501137,-0.032400787,-0.19537245,-0.060288165,-0.02856846,-1.2445362,0.04363084,-0.17003357,-0.3871283,0.01711448
0463-TXOAK,0,0.016635817,0,1,0,0,1,52,1,2,2,1,1,1,1,1,1,2,0,1,25.6,1334.5,0.002949946,-0.03996648,-0.003427605,-0.090162456,-0.16543877,-0.005762085,0.119813904,0.043601505,-0.25973076,-0.069473594,-0.015743913,-0.19460563,-0.039835,-0.069761604,-1.6274129,-0.08883746,-0.08783347,-0.5720347,0.13346565
4396-KLSEH,0,0.15324973,0,1,0,0,0,4,1,0,2,1,1,1,1,1,1,0,1,2,19.85,63.0,-0.040767226,-0.028773986,-0.009022573,0.021314185,0.2904732,-0.02064578,-0.2386716,0.048246942,-0.6088107,-0.077199206,-0.0048078434,-0.39872226,-0.0046568685,-0.06549724,0.6641205,0.0987176,0.114378184,-0.37684256,-0.022944486
5186-EJEGL,0,0.22910713,0,1,0,0,0,9,1,0,0,2,0,2,2,2,0,0,1,3,69.5,653.25,-0.057415362,-0.017292153,-0.0005951451,0.020114293,0.33802357,-0.021228153,-0.11759267,-0.159053,-0.36667463,0.06598413,0.112511545,-0.2845227,0.052968256,-0.014850684,0.61781406,0.06620788,-0.012342274,-0.29173794,-0.09445382
9334-GWGOW,0,0.75865924,1,1,1,1,0,7,1,2,1,0,0,0,0,0,0,0,1,2,74.85,485.25,0.01823809,0.12031292,0.0054068035,0.035739094,0.330657,-0.0073153162,0.21045904,0.17059755,0.26675516,0.051727775,0.0036399288,0.16741785,-0.042541724,-0.060492158,0.8064834,0.14763112,0.17070946,-0.112120144,-0.08873809
5696-JVVQY,0,0.020876788,0,0,0,1,1,48,1,0,0,2,2,2,0,0,2,2,1,1,70.1,3238.4,0.05833438,-0.039819364,0.00045912113,-0.06947938,-0.30509394,-0.023905175,-0.028744444,-0.13845427,-0.18501465,-0.06949085,-0.0074824295,0.1689965,-0.05271685,0.029922057,-1.9704916,0.044714555,-0.057170905,-0.32659793,0.17324194
9633-DENPU,0,0.18932381,0,0,0,1,0,47,1,0,0,0,2,0,0,2,0,0,1,0,58.6,2723.4,0.04215798,-0.028836021,0.004274963,0.026530996,-0.5464089,-0.075947635,-0.09958846,-0.41479862,0.12891737,-0.06368048,0.015578243,0.1505616,0.024460671,-0.038997464,0.5936194,0.08880103,-0.2048793,-0.26366812,0.25671786
0581-BXBUB,0,0.40386495,0,0,1,0,0,4,1,0,1,0,2,0,0,0,0,0,0,2,72.75,317.75,0.00719715,0.0916187,-0.0041050855,0.016298143,0.32612276,-0.014123285,-0.12990437,0.15937185,0.24866082,-0.16664185,0.0043763807,0.109770894,-0.015869653,-0.049633145,0.69939405,-0.30404446,0.103641376,-0.19401763,-0.2282732
2750-BJLSB,0,0.25415164,0,0,0,0,0,47,1,0,1,2,0,2,2,2,2,1,1,2,103.7,4730.6,-0.049780272,-0.038742285,0.0053184703,0.051796604,-0.34735382,-0.00820764,-0.12328234,0.05132999,-0.1648807,0.092942506,-0.005452562,-0.18665618,0.040236667,0.10979924,-0.41361994,0.04953618,0.15227266,0.87965876,-0.12228137
2770-NSVDG,0,0.35810977,0,1,0,1,0,24,0,1,0,0,0,2,0,0,0,0,0,2,29.1,688.0,0.013782769,-0.0403374,0.08264532,0.03880344,-0.30551842,0.22954877,0.1310242,-0.27564335,0.2049745,0.09330681,0.0008376966,0.15164684,-0.032855723,-0.035196394,0.5233455,-0.2876738,0.21291329,-0.31983414,0.07987811
8280-MQRQN,1,0.647405,1,0,0,0,0,1,1,0,0,0,0,2,0,0,0,0,1,3,50.45,50.45,0.009102586,-0.041555997,0.00058644766,0.011350275,0.8849465,-0.03214925,-0.11860724,-0.28199697,0.2392461,0.043027263,0.105577774,0.13609779,-0.024849463,-0.02912086,0.7153168,0.09786401,-0.019688608,-0.32006177,0.28179243
7851-FLGGQ,1,0.5431868,1,1,0,0,0,1,0,1,0,0,2,0,2,0,2,0,1,3,44.65,44.65,-0.015832193,-0.04532099,0.015061035,0.05957961,0.71400493,0.132808,0.18107024,-0.23690996,0.23648226,-0.090608604,-0.01070566,-0.42999867,-0.0234412,0.055241514,0.65255344,0.16368504,-0.043454327,-0.3015264,0.20971563
9374-YOLBJ,0,0.37239072,0,0,0,1,1,1,1,0,2,1,1,1,1,1,1,0,0,2,19.25,19.25,0.044650204,-0.05768424,0.032816004,-0.096306555,0.8904744,-0.01621134,-0.14554897,0.06765012,-0.46805432,-0.061152015,-0.0071316315,-0.24056208,-0.0013897936,-0.037060127,0.77125144,-0.18344396,0.1634135,-0.3519567,0.22349714
6583-SZVGP,0,0.22248651,0,1,0,0,0,48,1,2,1,0,2,2,0,2,2,2,1,0,108.1,5067.45,-0.00086209347,-0.02612074,0.0035933976,0.024755467,-0.16948047,-0.006765118,0.064241774,0.06585902,0.13667119,-0.1055338,-0.0053999806,0.06572036,0.035307355,0.07902959,-1.4145691,0.10403508,-0.05340175,0.8853175,0.1155928
2150-OEGBV,0,0.03457065,0,1,0,0,0,27,1,0,2,1,1,1,1,1,1,1,0,0,20.1,562.6,-0.021031015,-0.024162116,-0.0036690314,0.013462536,-0.33693033,-0.0021699108,-0.20384763,0.05294691,-0.25470358,-0.042424183,-0.007346036,-0.15594944,-0.014385481,-0.22893289,-0.6969867,-0.10529289,0.17801829,-0.32286674,-0.10407222
9372-TXXPS,0,0.005248791,0,0,0,1,0,60,1,0,0,2,2,0,2,0,0,2,0,0,59.85,3483.45,-0.017723713,-0.04541942,-0.0021989672,0.03495286,-0.7514956,-0.017796168,-0.05895658,-0.1267669,-0.16731067,-0.09266466,0.028609002,-0.15329567,-0.08741303,-0.01748337,-1.6039636,-0.09129173,-0.3139834,-0.37674433,-0.33432284
6933-FHBZC,0,0.12024707,0,0,0,0,0,26,1,0,0,0,2,2,0,0,0,1,1,3,56.05,1553.2,-0.016392324,-0.02397257,-0.029438006,0.0025562872,-0.36614156,-0.016562982,-0.08321339,-0.18484443,0.4324244,-0.0090421075,0.05340029,0.10341887,-0.039333206,-0.037478607,-0.59757257,0.077007614,0.10337447,-0.24656557,-0.06249248
4698-KVLLG,0,0.036897358,0,0,1,0,0,51,1,0,2,1,1,1,1,1,1,2,0,1,19.6,967.9,0.048035193,0.43909827,0.0040578367,0.03543203,-0.22994171,-0.009042264,-0.18005338,0.043101795,-0.24220191,-0.038570292,-0.007650497,-0.15923457,-0.018870072,-0.073556304,-1.4522983,0.045732792,-0.15375863,-0.39373526,0.13066047
8752-STIVR,1,0.77266884,1,0,0,0,0,4,1,0,1,0,0,0,0,2,0,0,1,2,79.0,303.15,0.006652872,-0.008876358,-0.0051063783,0.012496283,0.4932374,-0.013979939,-0.18004261,0.1527162,0.29136848,0.05522111,0.006627151,0.13468774,0.017633995,0.012194556,0.8306137,0.109061785,0.17524263,0.3296562,-0.14673716
8623-ULFNQ,0,0.1317156,0,0,1,0,0,26,1,2,0,0,0,0,2,0,2,0,1,2,66.05,1652.4,0.020372212,0.13583775,-0.0029468853,0.013029619,-0.54766583,-0.051948175,0.1135649,-0.38657123,0.13992849,0.034314193,0.0037864142,-0.34411672,-0.039384507,0.009241221,0.50388813,0.06766167,0.1678729,-0.31261238,-0.36090073
9822-WMWVG,0,0.38994387,0,0,0,0,0,41,1,2,1,2,2,2,2,2,0,0,1,2,106.5,4282.4,0.0070544556,-0.043719035,0.025388714,0.038671013,-0.107800044,-0.010726834,0.07499454,0.08212985,-0.43504047,-0.105942145,4.3522785e-05,-0.14196111,0.04165491,-0.03439942,0.5140959,0.10204071,0.20349278,0.5802045,-0.18850446
4304-TSPVK,0,0.07699484,0,0,0,1,0,68,1,2,1,2,2,2,2,2,2,2,0,0,114.9,7843.55,-0.15199484,-0.012388005,-0.09636091,0.04140739,-0.16047159,-0.005907941,0.036351178,0.04183834,-0.2174966,-0.11589223,0.0036775316,-0.08100017,0.026263203,0.024888393,-1.5203507,-0.11132023,0.1345902,0.45019343,0.27930138
1716-LSAMB,0,0.01555277,0,1,0,1,1,45,1,0,0,2,0,0,2,0,0,2,0,0,54.65,2553.7,-0.03127537,-0.02375934,-0.0026030121,-0.06086018,-0.37465057,-0.017367981,-0.027430858,-0.16246526,-0.1618991,0.18599753,0.01822342,-0.158673,-0.015537879,-0.03263531,-1.6064329,-0.091838956,-0.13145518,-0.41277158,0.0088208895
3523-QRQLL,1,0.113028914,0,0,0,1,1,22,1,0,0,0,2,0,0,2,2,1,1,0,69.5,1498.2,-0.12981158,-0.011044444,0.037129235,-0.028042842,0.0685298,-0.026577521,-0.06919375,-0.18194033,0.21270993,-0.013398689,0.012401047,0.08192657,0.011479939,0.09759947,-0.7445408,0.09457631,-0.17051373,-0.29639944,0.044167597
2187-PKZAY,0,0.4779748,0,1,0,0,0,12,1,0,1,0,0,0,0,0,2,0,1,0,79.95,1043.4,0.023899673,-0.036472477,-0.0140702445,0.014405158,-0.02640285,-0.008505278,-0.21691343,0.120525986,0.21148841,0.064003244,0.016639536,0.11033086,-0.033901937,0.03869282,0.60910743,0.10733453,-0.13982086,-0.02738799,0.14811496
1895-QTKDO,0,0.4648102,0,0,0,0,0,1,1,0,0,0,0,0,0,0,0,0,0,1,43.95,43.95,0.038551398,-0.04420971,-0.00041123375,0.008823088,0.7529594,-0.027263833,-0.12538226,-0.19629866,0.2206936,0.073293865,0.0042071473,0.11699526,-0.01710365,-0.037665594,0.74170786,-0.21250504,-0.1628263,-0.42491177,0.1995796
8161-QYMTT,0,0.8804366,1,1,0,0,0,7,1,2,1,0,0,0,0,2,2,0,1,2,94.1,701.3,0.0055371765,-0.02293823,0.001757349,0.03568106,0.41947833,-0.014877966,0.28969124,0.1741423,0.18409953,0.08168569,0.0061507383,0.13874876,0.06293759,0.07903255,0.76053786,0.15585281,0.11127911,0.51750314,0.059497163
2955-PSXOE,1,0.33784774,0,0,0,0,0,1,1,0,2,1,1,1,1,1,1,0,1,0,20.2,20.2,0.07290837,-0.05865912,-0.015376954,0.016918195,0.7974267,-0.012143427,-0.18612188,0.053384762,-0.42891896,-0.067171656,-0.0013552269,-0.32721364,-0.0047892164,-0.03371062,0.7704359,0.12798533,-0.22504972,-0.25794256,0.15571938
6834-NXDCA,1,0.49758002,0,0,0,0,0,13,0,1,0,0,0,0,0,0,0,0,1,2,23.9,300.8,-0.019399654,-0.022797225,-0.017470542,0.06567404,0.030540442,0.14143637,0.210551,-0.254976,0.23959485,0.06000493,0.0038661642,0.10283134,-0.038920835,-0.04517431,0.5990401,0.15994321,0.21922398,-0.3567287,-0.037693366
8701-DGLVH,0,0.016415747,0,1,0,0,0,51,1,0,2,1,1,1,1,1,1,2,0,3,20.45,1042.65,0.041634932,-0.06332367,0.004248038,0.032819897,-0.30495703,-0.0066926796,-0.17427535,0.045283165,-0.29853204,-0.09534183,-0.013728533,-0.17540608,-0.028829038,-0.09615937,-1.4293538,-0.10320075,-0.12099197,-0.6111741,0.35424373
2480-SQIOB,0,0.4393714,0,1,0,1,1,4,1,0,0,0,0,0,0,0,0,0,0,2,44.8,169.65,-0.0070104897,-0.014314423,0.0029944032,-0.03847109,0.48592472,-0.016341997,-0.104472406,-0.22528091,0.23308203,0.122556224,0.00031849416,0.1332046,-0.017693358,-0.010347806,0.6503112,-0.19722745,0.14071727,-0.30545908,-0.026978064
4993-JCRGJ,0,0.33186477,0,1,0,0,0,26,1,2,1,0,0,2,2,0,0,0,1,3,84.3,2281.6,-0.03951337,-0.03778729,-0.003543985,0.021950165,-0.5246946,-0.009299703,0.12948252,0.1463816,0.2557923,0.043883923,0.06641658,-0.37979296,-0.02853484,-0.0552802,0.61946017,0.085171185,-0.14907165,0.16662306,0.041819457
0581-MDMPW,0,0.4703534,0,0,0,0,0,24,1,2,1,0,0,2,0,2,0,0,1,1,88.95,2072.75,0.012543877,-0.01565052,0.0015174602,0.023790598,-0.378777,-0.015171232,0.1796799,0.13897192,0.18827851,0.047712345,-0.010258518,0.13974507,0.053260326,-0.04602771,0.80204743,0.11573916,-0.26738456,0.07458391,-0.11410123
7789-CRUVC,0,0.07113846,0,0,1,1,0,61,1,2,1,2,2,2,2,0,0,0,1,1,94.2,5895.45,0.010885784,0.05225751,-0.02662505,0.02137618,-1.3466709,-0.009282134,0.10703818,0.054130375,-0.34248084,-0.0747369,-0.023999544,-0.3327331,-0.12880568,-0.00033523986,0.46302518,0.07458608,-0.025871579,0.31841582,-0.3102804
0164-APGRB,0,0.009360408,0,0,0,0,0,72,1,2,1,2,2,2,2,2,2,2,1,2,114.9,8496.7,-0.1413971,-0.012209074,0.033832736,0.026318107,-1.4381756,-0.026061745,0.094109215,0.04334319,-0.35369387,-0.11757458,0.0010659635,-0.15227847,0.032409847,0.023002489,-2.098919,0.05976294,0.048798453,0.330614,0.034418784
8034-RYTVV,0,0.06188137,0,0,0,0,0,55,1,2,1,2,0,2,0,0,0,1,1,1,84.25,4589.85,-0.015041456,-0.038167626,-0.0008270815,0.016204432,-0.33574083,-0.0055954745,0.108254336,0.052161865,-0.20520887,0.051673483,0.011025917,0.08131028,-0.013731796,-0.21757104,-0.9592703,0.04207989,-0.08028202,0.07331626,-0.23402208
3018-TFTSU,1,0.2693332,0,1,0,0,0,12,1,0,1,2,0,2,0,0,0,0,0,0,81.7,858.6,-0.025815614,-0.030539574,-0.0047679734,0.011560343,-0.031749062,-0.012449691,-0.11626858,0.08928485,-0.32825294,0.099044755,-0.021100864,0.09640023,-0.033947524,-0.029189756,0.7010382,-0.22141998,-0.10026769,0.011675097,-0.0020176857
9777-IQHWP,0,0.05510881,0,1,0,1,1,64,1,2,1,2,0,2,0,0,2,2,0,0,93.4,5822.3,0.012023445,-0.022249933,-0.0067679933,-0.047395848,-0.676528,-0.015624404,0.091349,0.047894757,-0.21471651,0.26848078,-0.00836177,0.08848291,-0.08035742,0.036568947,-1.265064,-0.15088597,-0.14618467,0.43893152,-0.14212985
6899-PPEEA,1,0.64756835,1,0,1,0,0,37,1,2,1,0,0,0,0,2,2,0,1,2,96.55,3580.3,-0.019224605,0.12359729,0.018361835,0.029350735,-0.42635694,-0.011376156,0.20845504,0.15928909,0.23880108,0.09360118,0.0041214144,0.12825042,0.06166659,0.042150892,0.6356455,0.10396783,0.14486417,0.5731816,-0.45075402
6701-YVNQG,0,0.001369064,0,1,0,1,0,72,1,2,0,2,2,2,2,2,2,2,1,1,88.7,6301.7,0.010532719,-0.042824656,0.0050154217,0.006865012,-2.0583696,-0.04468597,0.11566469,-0.12653147,-0.46561828,-0.13571961,-0.036527924,-0.21132767,0.035246532,0.015561936,-1.9490653,0.05089141,-0.17324792,-0.420479,-0.11841287
7649-PHJVR,0,0.022882828,0,1,0,0,0,11,1,0,2,1,1,1,1,1,1,1,0,3,19.5,226.8,-0.023256322,-0.041153286,-0.00961467,0.011406978,0.06795356,-0.005339629,-0.17750491,0.03439489,-0.35814908,-0.040156063,-0.02197024,-0.114131585,-0.036729883,-0.21165286,-0.79622006,-0.13207687,-0.17437543,-0.5090527,-0.16736582
9278-VZKCD,0,0.33594164,0,0,1,1,0,52,1,2,1,2,2,2,0,2,2,0,1,2,109.1,5647.95,-0.022450615,0.15206994,0.013945916,0.06345569,-0.5438053,-0.024665887,0.08237308,0.0954122,-0.43408877,-0.08554829,0.0028685671,0.15752278,0.040330827,0.034303304,0.4374965,0.08111978,0.14161474,0.47615275,-0.3003145
7636-PEPNS,0,0.12121795,0,0,0,1,1,58,1,0,0,0,0,0,0,0,0,1,1,3,44.1,2413.05,-0.018060839,-0.020427166,0.0024401061,-0.044451125,-0.5501935,-0.015227132,-0.04727784,-0.20465991,0.45009196,0.034818154,0.007005072,0.12985225,-0.0376832,-0.109782085,-0.57701784,0.0450548,0.038912807,-0.24008425,0.22496776
1575-KRZZE,0,0.2543859,0,0,0,0,0,4,1,0,0,2,2,0,0,0,0,0,0,2,55.2,220.65,0.011290516,-0.02926184,0.021926878,0.014279718,0.3464619,-0.006616256,-0.10086303,-0.09110039,-0.36561152,-0.1726115,0.0063951146,0.09141845,-0.015494026,-0.019504804,0.65686107,-0.28663036,0.13855426,0.003469354,-0.22909406
8590-OHDIW,0,0.012164256,0,0,0,1,1,38,1,0,2,1,1,1,1,1,1,1,0,3,20.3,749.35,0.014525,-0.03911787,0.007815591,-0.063318916,-0.4838683,-0.0061231395,-0.1819493,0.04726991,-0.34563386,-0.05892054,-0.031922314,-0.14303724,-0.020907268,-0.18367194,-0.70837545,-0.1131826,-0.15282393,-0.7490824,-0.13546519
7764-BDPEE,0,0.09974706,0,1,0,0,1,3,1,0,2,1,1,1,1,1,1,0,0,3,20.85,60.65,-0.04421574,-0.059840646,-0.0033367062,-0.052496754,0.46165857,-0.008669824,-0.18157294,0.045452323,-0.56891763,-0.08850767,-0.018589323,-0.33223847,-0.011311785,-0.052111726,0.6045232,-0.22695161,-0.09873504,-0.501801,-0.013150166
9480-BQJEI,0,0.06023052,0,1,0,0,0,62,1,2,1,2,2,0,0,0,2,1,1,0,92.3,5731.45,0.04533474,-0.016349602,0.02450971,0.016770402,-0.9192949,-0.0054881955,0.0913795,0.051777307,-0.25893876,-0.060241412,0.0020424922,0.074810475,-0.09071176,0.21221279,-0.54051113,0.077349864,-0.26171574,0.062123526,-0.20328908
3354-OADJP,0,0.047920212,0,0,0,0,0,8,1,0,0,2,0,0,2,0,0,1,0,0,54.25,447.75,0.021252561,-0.016054321,0.0007962667,0.01285841,0.21162945,-0.0065524597,-0.0482302,-0.095860556,-0.20715897,0.05343752,0.005348441,-0.112062015,-0.030319445,-0.16631182,-0.9581403,-0.11067265,-0.1690099,-0.2561999,-0.068636425
3181-MIZBN,0,0.15232669,0,1,0,1,1,16,1,0,2,1,1,1,1,1,1,0,0,2,19.75,313.4,-0.04006949,-0.023472538,0.03073411,-0.07718066,0.22489808,-0.0073673334,-0.17697883,0.0564332,-0.44254133,-0.105191484,-0.0053146384,-0.25936761,-0.005441367,-0.06597475,0.5915854,-0.23597188,0.14307557,-0.047630496,-0.22146632
9327-QSDED,0,0.26825243,0,1,0,0,0,8,1,0,0,0,0,0,0,0,0,0,0,3,43.55,335.4,-0.008829987,-0.036111847,-0.00084101973,0.011021769,0.32524925,-0.017975844,-0.10511992,-0.26139757,0.23503956,0.08624,-0.012378049,0.09551735,-0.04603842,-0.019319015,0.5696918,-0.21062563,-0.133872,-0.25019023,-0.1743417
4892-VLANZ,1,0.38113043,0,1,0,0,0,1,1,0,2,1,1,1,1,1,1,0,0,3,19.8,19.8,-0.019426227,-0.07977657,-0.011036036,0.012276214,0.8195588,-0.009318287,-0.15189055,0.06675082,-0.4829236,-0.02544185,-0.017138695,-0.24170573,-0.0060235,-0.0011911805,0.7803036,-0.2138391,-0.061675444,-0.14233948,0.34930906
0298-XACET,0,0.06158915,0,1,0,1,1,52,0,1,0,0,2,2,2,2,0,2,0,3,50.2,2554.0,0.006983877,-0.039723355,0.022662073,-0.18079397,-0.4245924,0.12343692,0.026221026,-0.11614197,0.37613058,-0.07555359,0.054868713,-0.23393261,0.06107893,-0.006968206,-1.3625717,-0.06735814,0.019760372,-0.027732518,0.1697496
6917-FIJHC,0,0.0029203892,0,0,0,1,0,72,1,2,2,1,1,1,1,1,1,2,1,3,26.0,1776.0,-0.018593606,-0.029851092,0.023868153,0.03556629,-1.6378686,-0.04636631,0.10171835,0.04515844,-0.49693733,-0.102854565,-0.02541666,-0.21187735,-0.08609803,-0.07045972,-1.6205688,0.05269093,0.0008573774,-0.47578678,-0.22106962
6557-BZXLQ,0,0.4987646,0,1,1,0,0,16,1,0,1,0,0,0,0,0,0,0,0,2,69.65,1043.3,0.049689606,0.2094419,-0.0049865795,0.012865299,-0.058588393,-0.010855666,-0.11099364,0.12278242,0.2037274,0.10041016,0.010819791,0.11937801,-0.026084289,-0.05439771,0.6467872,-0.2417884,0.1639747,-0.22872217,0.14082429
2432-TFSMK,0,0.120465495,0,1,0,0,0,18,1,2,1,0,0,2,0,2,0,1,1,1,89.6,1633.0,0.06048896,-0.01478949,0.0028994235,0.008813043,0.17452677,-0.0070642773,0.0895195,0.05868543,0.29462272,0.03932059,-0.005753004,0.0790525,0.04421817,-0.19031426,-1.0662838,0.085438356,-0.2976152,0.091713175,-0.38628256
4211-MMAZN,1,0.23625657,0,1,0,0,0,1,1,0,2,1,1,1,1,1,1,0,0,3,20.25,20.25,-0.09719345,-0.07977657,-0.0047941008,0.014829432,0.8449755,-0.009546699,-0.17802006,0.06675082,-0.4829236,-0.02544185,-0.017138695,-0.27811122,-0.0060235,-0.027448667,0.74333584,-0.21252556,-0.01823266,-0.42653397,0.06973017
4751-ERMAN,0,0.024606725,0,1,0,1,1,72,1,0,0,0,2,2,0,2,2,2,1,0,75.4,5480.25,0.029290019,-0.047376398,0.058321543,-0.032613248,-0.9816772,-0.051626045,-0.09878912,-0.18214852,0.57904613,-0.11584976,-0.038254205,0.35068366,0.041592706,0.0492205,-1.432569,0.07253298,-0.120771185,-0.51079303,-0.19881576
8430-TWCBX,0,0.02171599,0,0,0,1,0,49,1,0,2,1,1,1,1,1,1,1,0,1,20.7,1032.05,-0.03199087,-0.03360418,0.00982305,0.016513202,-0.4133611,-0.009564403,-0.18064809,0.04491134,-0.2597283,-0.05173968,-0.019468784,-0.19142492,-0.013912343,-0.24832316,-0.73271203,-0.09537364,-0.08056944,-0.6608485,0.19349602
1942-OQFRW,0,0.4831144,0,1,0,0,0,1,1,0,0,0,0,0,0,0,0,0,0,2,44.0,44.0,-0.030473055,-0.041973375,-0.0005766175,0.0098161055,0.7264315,-0.038258504,-0.14486729,-0.28021196,0.24128723,0.08935494,0.0007545294,0.13856478,-0.01741739,-0.03514692,0.72512,-0.21044834,0.13585275,-0.40953535,0.12338419
4075-JFPGR,0,0.11333935,0,0,0,1,0,51,1,0,1,2,2,2,0,2,0,1,1,2,93.5,4619.55,-0.034626745,-0.038041346,0.0033897548,0.036906686,-0.32654607,-0.023101127,-0.13953257,0.057033665,-0.181294,-0.06406586,0.011539301,0.078984074,0.040645078,-0.18987308,-0.7409284,0.060399946,0.23831666,0.47976294,-0.27681997
3339-EAQNV,0,0.07535479,0,1,1,1,0,72,1,2,1,0,2,0,0,2,2,1,1,1,97.25,7133.1,0.17144309,0.07434666,0.007318281,0.033689305,-1.6896065,-0.03117393,0.14027832,0.058035657,0.34255108,-0.06624961,0.07157906,0.100014515,0.037681762,0.18859412,-1.0223407,0.10085075,-0.22500795,0.2371095,0.012909994
5329-KRDTM,0,0.018293524,0,1,1,1,0,72,1,2,0,0,2,2,2,2,0,2,0,1,77.35,5396.25,0.01653471,0.40040055,0.02377687,0.021062871,-1.5497454,-0.04303699,0.108425565,-0.10171456,0.42638144,-0.101472914,-0.036537975,-0.31603876,0.04840882,0.020626482,-1.2425826,-0.13767682,-0.22170174,-0.130679,-0.11795176
0307-BCOPK,0,0.004664412,0,0,0,0,0,16,1,0,2,1,1,1,1,1,1,1,0,3,19.05,326.65,0.027161093,-0.034369834,-0.0038993126,0.013787013,-0.1664209,-0.005081763,-0.13376611,0.033466134,-0.3471385,-0.045123596,-0.02198698,-0.13553737,-0.025493955,-0.18335399,-0.7750831,-0.41166562,-0.17621791,-1.7726442,-0.15052487
6473-ULUHT,0,0.22862336,0,1,0,1,1,16,1,2,0,2,2,0,2,2,2,0,0,2,84.9,1398.25,-0.049773213,-0.027065065,0.02439801,-0.099235944,0.036547326,-0.021065826,0.051827237,-0.20643651,-0.35827348,-0.10857071,0.0047219694,-0.16057447,-4.7291564e-05,0.03036393,0.6145736,-0.23517415,0.09948294,0.22267926,0.014746855
1194-SPVSP,0,0.19755775,0,1,0,0,0,1,1,0,2,1,1,1,1,1,1,0,0,0,19.65,19.65,-0.038977172,-0.06895288,-0.022350712,0.012055029,0.57860667,-0.008282996,-0.16416022,0.06159089,-0.46692118,-0.037118286,-0.00092223834,-0.28298146,-0.004672833,-0.0017195316,0.7134919,-0.18912117,-0.3075483,-0.28822774,0.16380832
7249-WBIYX,1,0.79758406,1,1,0,1,0,10,1,2,1,0,0,0,0,2,0,0,1,2,85.6,813.85,0.015197895,-0.028577473,0.002938731,0.0376665,0.23481232,-0.022813378,0.18722646,0.17359646,0.30944732,0.06674823,0.0068536904,0.13135731,0.030200236,-0.049841486,0.8480291,0.14085147,0.15298283,0.20821705,-0.024405522
2293-IJWPS,0,0.37647337,0,0,0,1,0,57,1,2,1,0,0,2,0,2,2,1,1,1,100.75,5985.0,-0.07350732,0.009330819,0.009557553,0.040245324,-0.27887127,-0.008728168,0.1298912,0.06283672,0.15128586,0.083027415,-0.0024182417,0.08255986,0.045322366,0.16266513,-0.7202769,0.09973304,-0.088311106,0.75090516,0.08943399
4377-VDHYI,0,0.14413916,0,1,0,1,1,32,1,0,1,2,2,0,0,0,2,1,1,2,90.8,3023.85,0.023981256,-0.010322046,0.0028221996,-0.07517194,-0.18152,-0.014851032,-0.09729615,0.059037793,-0.2560812,-0.07752364,0.0064774156,0.08660125,-0.03538819,0.1670825,-0.5850488,0.08195364,0.11307772,0.07333217,-0.013266555
0019-EFAEP,0,0.0032306383,0,0,0,0,0,72,1,2,1,2,2,2,0,2,0,2,1,0,101.3,7261.25,-0.20621663,-0.030205704,-0.008359226,0.005914492,-1.9163115,-0.032052144,0.054328028,0.045200415,-0.5073679,-0.14099288,-0.035363026,0.13228317,0.030155366,-0.046595413,-1.9486092,0.06643005,-0.07510963,0.16749576,-0.23723598
2480-EJWYP,0,0.23785356,0,0,1,1,0,58,1,2,1,0,2,0,0,2,2,1,1,0,97.8,5458.8,-0.07189447,0.10844165,0.009204967,0.041630026,-0.393184,-0.008455154,0.104608186,0.057990275,0.16693848,-0.09399692,0.009541548,0.08955131,0.04149751,0.1740629,-0.7588622,0.105522715,-0.096921794,0.5984462,-0.19937949
8970-ANWXO,0,0.070371404,0,0,0,0,0,23,1,2,0,0,0,0,2,2,2,1,1,3,73.75,1756.6,-0.08903969,-0.021834403,-0.0015644559,0.0052412995,-0.24376763,-0.011703745,0.06145727,-0.1663594,0.27022937,0.04204274,-0.010377628,-0.22118247,0.052197896,0.04969438,-0.58852756,0.08342421,-0.05407777,-0.3105512,-0.37707305
8739-WWKDU,1,0.6542537,1,1,1,0,0,25,1,2,1,0,2,0,0,2,0,0,1,2,89.5,2196.15,0.010175647,0.10990373,0.00045113248,0.03937716,-0.30949506,-0.012676339,0.17412198,0.16596529,0.24170858,-0.06563563,0.0037101156,0.16691771,0.04204279,-0.035359196,0.72908306,0.15130319,0.17190316,0.15004994,-0.046531588
2171-UDMFD,0,0.102685295,0,1,0,1,1,32,1,0,2,1,1,1,1,1,1,0,1,1,19.45,674.55,-0.056163866,-0.017319161,0.015100001,-0.081410795,-0.22587278,0.0019551802,-0.21910253,0.073348686,-0.3612791,-0.07464219,-0.008220186,-0.30441839,-0.005733464,-0.067346096,0.5999946,0.11507142,-0.16797996,-0.32743856,-0.0070550395
7036-TYDEC,0,0.19299352,0,0,0,0,0,69,1,2,1,0,0,2,2,2,2,2,0,2,104.0,7028.5,-0.19973949,-0.0127255125,0.13679627,0.025204325,-0.22730708,-0.0061555137,0.12431051,0.05896515,0.22904341,0.3556036,0.0037642678,-0.15472677,0.018024128,0.027772894,-1.3667177,-0.21857989,0.15507978,0.6746901,-0.004751751
3831-YCPUO,0,0.005648769,0,0,0,1,1,72,1,0,1,2,2,2,2,2,2,2,1,1,109.5,7854.9,-0.17072955,-0.030369874,-0.00030779693,-0.10013638,-1.9846545,-0.0075940834,-0.100095525,0.045507833,-0.38482273,-0.09455103,-0.004826941,-0.14476553,0.027732017,0.02699385,-1.9186319,0.063645825,-0.15020354,0.8300361,-0.023652209
0121-SNYRK,0,0.027542682,0,1,0,0,0,50,0,1,0,2,0,0,2,0,0,1,1,3,35.4,1748.9,0.019868733,-0.032788493,-0.04335931,0.040236685,-0.42616874,0.058359165,0.06680725,-0.11189472,-0.311098,0.027936755,-0.015455373,-0.21853724,-0.05045915,-0.117526904,-0.65194434,0.047023226,-0.17862296,-0.36244667,-0.2547936
3325-FUYCG,1,0.21619181,0,1,0,1,1,28,1,2,1,2,2,0,0,2,2,1,0,2,106.1,2847.4,0.0069476077,-0.018970584,0.012009217,-0.12714536,-0.047568675,-0.015696272,0.06251805,0.06276401,-0.18929273,-0.12668622,-0.10055164,0.07248096,0.03546195,0.12002973,-0.64960885,-0.17841943,0.10508557,0.78527,-0.04740052
1952-DVVSW,0,0.025517179,0,0,0,1,0,10,1,0,2,1,1,1,1,1,1,1,0,3,20.1,184.4,0.024255585,-0.034245208,0.0105015775,0.012048975,0.0982628,-0.015300892,-0.12715472,0.03476932,-0.35946512,-0.040910948,-0.02040543,-0.13909097,-0.036817595,-0.15732239,-0.85366684,-0.12374041,-0.29845497,-0.54377526,-0.022816997
3571-DPYUH,0,0.08344187,0,1,0,1,1,58,1,2,1,0,2,0,2,2,0,1,1,1,94.7,5430.35,0.03081798,-0.016681757,-0.0029341392,-0.12762538,-0.4563665,-0.0033257697,0.12549144,0.061722968,0.18831186,-0.08104221,0.0047744587,-0.18092729,0.03801274,-0.3186443,-0.7040357,0.059178635,-0.16016969,0.31135836,-0.11516607
2077-MPJQO,0,0.7488058,1,1,1,1,0,7,1,2,1,0,0,0,0,0,0,0,1,2,75.4,533.05,0.0223106,0.12031292,0.058782026,0.035739094,0.37717324,-0.0073153162,0.21045904,0.17059755,0.26675516,0.05023493,0.0059772516,0.16741785,-0.042541724,-0.060492158,0.806256,0.14763112,0.17070946,-0.20669606,-0.15183242
2391-SOORI,1,0.28884318,0,1,0,0,1,4,1,0,0,2,0,0,0,0,0,0,0,2,49.35,219.65,-0.011678321,-0.023407703,-0.00030123576,-0.038908035,0.34299684,-0.012690688,-0.12068984,-0.18524553,-0.376818,0.12692608,0.0064994264,0.110787354,-0.017542118,-0.011751469,0.65691364,-0.18164954,0.17301887,-0.10436897,-0.18387483
4086-ATNFV,0,0.05778298,0,0,0,1,1,34,1,0,0,2,2,2,0,0,0,1,1,3,60.8,2042.05,0.004200552,-0.025923204,0.003407417,-0.043314256,-0.42736173,-0.02297738,-0.08048681,-0.13670428,-0.25745723,-0.033453673,0.07448492,0.07462018,-0.025103444,0.012267521,-0.6507461,0.05879647,-0.09009002,-0.11821407,-0.05826054
3396-DKDEL,0,0.041933984,0,0,0,1,1,70,1,2,1,2,2,2,2,2,2,2,1,1,115.15,8250.0,-0.115299456,-0.013946354,-0.0679018,-0.1259245,-0.109747946,-0.001232117,0.09713317,0.046639483,-0.2077674,-0.1392789,0.012455905,-0.120551944,0.023893517,0.029054461,-1.7083926,0.045676157,-0.050656453,0.43900412,-0.112752065
7471-MQPOS,0,0.032485183,0,1,1,1,1,71,1,2,0,0,2,2,2,0,2,1,1,0,72.9,5139.65,0.10823513,0.11891113,0.012441131,-0.033958532,-1.5925068,-0.030409459,0.07505638,-0.13881245,0.16688158,-0.05563887,-0.02993153,-0.19497769,-0.09047883,0.21221925,-0.46174714,0.095011465,-0.18041833,-0.3052947,-0.019302446
7181-OQCUT,0,0.6813753,1,1,0,0,0,21,1,2,1,2,0,2,0,2,2,0,0,3,103.85,2215.0,-0.047009252,-0.048638098,-0.00653546,0.011808266,-0.097799264,-0.007667331,0.10700255,0.118619874,-0.14525811,0.07327101,0.068549395,0.10279395,0.081273384,0.06440463,0.6292869,-0.30255613,-0.034079134,1.0587823,0.18307585
3489-VSFRD,0,0.0655074,0,0,0,0,0,56,1,0,0,2,0,2,2,0,0,1,1,1,60.25,3282.75,0.03658386,-0.02688904,0.0025509677,0.013972884,-0.53190815,-0.010118922,-0.044909317,-0.108883336,-0.14608224,0.036356267,0.005818505,-0.19552843,-0.023782112,-0.104152724,-0.5690745,0.0373676,-0.10495837,-0.0933414,0.21836303
6283-GITPX,0,0.0028419676,0,1,0,0,1,71,1,0,0,2,2,2,2,2,0,2,1,1,76.9,5522.7,0.019629365,-0.039954074,-0.012603052,-0.0398245,-1.3420224,-0.032775592,-0.13686594,-0.08977662,-0.3217423,-0.13773328,-0.046114754,-0.1752416,0.02682681,-0.019215276,-1.5620406,0.0456407,-0.1594557,-0.6070811,-0.18083541
2845-HSJCY,1,0.6200167,1,0,0,1,1,14,1,2,1,0,0,2,0,0,2,0,1,2,87.25,1258.6,-0.009854372,-0.016458066,0.04852866,-0.15051001,-0.12234503,-0.017444912,0.11642929,0.1455575,0.26608723,0.052454382,0.00053999794,0.09709525,-0.051141325,0.036690906,0.7513014,0.12125978,0.13850312,0.24051787,-0.10836698
7216-KAOID,0,0.027937941,0,1,0,1,1,41,1,0,2,1,1,1,1,1,1,1,0,0,19.5,798.2,-0.019978907,-0.02912314,0.015065607,-0.06428669,-0.3704134,-0.0035702349,-0.18505251,0.05447936,-0.26470742,-0.059315093,-0.029714484,-0.1473989,-0.006339452,-0.22167893,-0.7533271,-0.097588584,0.034627102,-0.34973654,-0.0021490727
6680-WKXRZ,1,0.6081136,1,0,0,0,0,3,1,2,1,0,0,0,0,0,0,0,0,0,74.4,215.8,-0.0035371776,-0.02443166,-0.003493379,0.011603859,0.58228993,-0.0042827353,0.21168296,0.16960062,0.25920737,0.099069655,0.00846046,0.11493272,-0.024451766,-0.052449487,0.8241912,-0.33151412,-0.061709713,-0.16516557,-0.12138773
2346-LOCWC,0,0.011186019,0,0,0,1,1,58,1,0,2,1,1,1,1,1,1,2,0,1,20.5,1191.4,-0.034812376,-0.049427852,0.0015626142,-0.10343863,-0.21768874,-0.0074182916,-0.16324976,0.042479012,-0.2578045,-0.083275184,-0.0018425052,-0.18057612,-0.045297205,-0.06907909,-1.6646979,-0.105660684,-0.051770452,-0.58459955,0.14398235
0769-MURVM,0,0.0033895352,0,0,0,1,1,72,0,1,0,2,2,2,2,2,2,2,0,0,65.7,4575.35,-0.023305047,-0.052265774,0.0152601935,-0.07969093,-1.6419735,0.32845604,0.046159446,-0.087936476,-0.4040299,-0.099336915,-0.02093281,-0.2673285,0.02998659,0.008405073,-1.6583426,-0.10796454,-0.109832935,-0.4016534,-0.108115
3374-LXDEV,1,0.63138586,1,0,0,0,0,13,1,2,1,0,2,2,2,0,0,0,0,2,89.4,1132.35,0.018946527,-0.036272805,-0.0006321938,0.031616013,0.069266774,-0.002491968,0.10111565,0.12038461,0.26115292,-0.13976006,0.0002967368,-0.17236966,-0.050486855,-0.016394509,0.7504541,-0.35111764,0.10747042,0.5481792,0.3480348
5318-YKDPV,0,0.009941759,0,1,0,1,1,43,1,0,0,2,0,2,2,2,2,2,1,1,79.15,3566.6,0.0007899797,-0.03171291,0.011545844,-0.10171384,-0.22090746,-0.009400252,-0.12675768,-0.13681164,-0.17273924,0.15107605,-0.015733227,-0.17096291,0.009567255,-0.039100118,-1.832312,0.036436763,-0.118831135,-0.32360855,-0.46061897
8190-ZTQFB,0,0.2046414,0,1,0,0,0,41,0,1,0,0,0,2,0,2,2,1,1,2,51.35,2075.1,0.11782432,-0.020876113,-0.039073706,0.046341944,-0.24763286,0.10348394,0.12665792,-0.16560502,0.33643508,0.04224579,0.0043847417,0.12604691,0.03370656,0.11736105,-0.71236926,0.10758277,0.22494406,-0.30859146,-0.20117566
4512-ZUIYL,1,0.44974968,0,0,0,0,0,2,1,0,1,0,0,0,0,0,0,0,0,0,70.0,153.05,0.017856354,-0.016656803,-0.003493379,0.007512944,0.48940107,-0.0042827353,-0.12650454,0.13049787,0.2280528,0.095938735,0.010865496,0.105614536,-0.017321609,-0.0351221,0.7802004,-0.23471949,-0.15292507,-0.30492428,-0.12244646
3090-QFUVD,0,0.19774126,0,0,0,0,0,1,1,0,2,1,1,1,1,1,1,0,0,1,20.3,20.3,0.110734046,-0.069034696,-0.01583498,0.01481907,0.7073382,-0.011241633,-0.15809588,0.04358963,-0.46100292,-0.033197727,-0.0013552269,-0.27757457,-0.0046780594,-0.03413998,0.7329602,-0.21090028,-0.27339455,-0.5100604,0.099823214
4806-KEXQR,1,0.6819045,1,1,0,0,0,4,1,0,1,0,0,0,0,0,2,0,1,2,79.9,324.3,-0.01656235,-0.010759671,-0.01188852,0.01267552,0.4700744,-0.0125952745,-0.24518666,0.14113227,0.29353753,0.05561264,0.0070601385,0.11699802,-0.017531253,0.01184194,0.75992274,0.110374406,0.12119312,0.15325958,-0.12739491
2369-FEVNO,0,0.5418451,1,1,0,0,0,1,1,0,2,1,1,1,1,1,1,0,1,3,19.9,19.9,-0.01905613,-0.06919081,-0.0098227,0.014753938,0.87489164,-0.01480823,-0.18547931,0.0671256,-0.45175976,-0.03808548,-0.017138695,-0.26984447,-0.0060235,-0.00084308564,0.8264983,0.12716135,-0.06533494,-0.024133436,0.47808823
9637-CDTKZ,0,0.01077361,0,1,0,1,0,72,1,2,1,2,2,2,2,2,2,2,1,1,114.1,8086.4,0.08866178,-0.015075113,-0.014099712,0.02684748,-1.3671967,-0.023462076,0.100570284,0.04885335,-0.41056475,-0.100321345,-0.0010235435,-0.15746596,0.035918165,0.031739734,-2.1260538,0.055944197,-0.10715946,0.30925286,0.15403764
2954-PIBKO,0,0.015130438,0,0,0,1,1,69,1,2,0,2,0,2,2,0,0,2,1,1,64.15,4254.1,0.0035332227,-0.02209212,-0.0040779253,-0.09226294,-0.47588423,-0.008130426,0.120026655,-0.10651464,-0.18526365,0.24989982,-0.0022252644,-0.15499537,-0.013932504,-0.024450528,-1.5086138,0.034928296,-0.053994115,-0.41585442,-0.46667108
2212-LYASK,0,0.08982514,0,1,0,1,1,27,0,1,0,0,2,2,0,0,2,1,1,1,45.85,1246.4,0.0858268,-0.02098041,0.024753202,-0.14168769,-0.3374396,-0.012861248,0.08195841,-0.13250946,0.20468329,0.009211458,-0.011693128,0.110570215,-0.019518986,0.16540849,-0.65958244,0.046778444,-0.18408243,-0.2609691,-0.21441166
9481-SFCQY,0,0.23277211,0,0,0,0,1,14,1,0,0,0,0,2,0,2,0,0,1,1,59.8,824.85,0.032855265,-0.021692367,0.00011763451,-0.0668531,0.04318743,-0.059200402,-0.1078138,-0.30677474,0.15700614,0.06352932,-0.016827116,0.081461325,0.025940435,-0.032234877,0.5772255,0.095649555,-0.17192402,-0.3658202,-0.071331054
2828-SLQPF,0,0.18054152,0,1,0,0,0,19,1,0,0,0,0,0,0,0,0,0,1,0,45.0,865.85,-0.0122586,-0.026280483,-0.0008683799,0.01265185,-0.22228019,-0.07658535,-0.19411941,-0.33390325,0.13704076,0.0552092,0.009981188,0.1248612,-0.022796351,-0.034262747,0.49581453,0.11343671,-0.16126658,-0.32402304,-0.0038087708
4647-MUZON,0,0.40165222,0,0,0,1,0,18,1,0,1,0,0,2,0,2,2,0,1,1,95.95,1745.5,0.018646939,-0.01781763,-0.031059165,0.011442081,-0.16255203,-0.016617902,-0.20679614,0.14045484,0.031967983,0.0677158,-0.021332351,0.11303002,0.05349815,0.024105472,0.6674824,0.11964867,-0.23595639,0.41702563,-0.32224676
8212-DJRCH,0,0.5800474,1,1,0,1,1,5,1,0,1,2,0,2,0,0,2,0,1,3,90.35,434.5,-0.029901497,-0.010767978,0.0016740032,-0.048348635,0.5273685,-0.014660901,-0.17474738,0.10819735,-0.571538,0.06859445,0.13015741,0.13170332,-0.030525874,0.028926296,0.73095995,0.08327544,0.048116304,0.30382442,0.08988637
0516-OOHAR,0,0.1276059,0,1,0,1,1,28,1,0,1,0,2,2,0,2,2,1,0,0,100.35,2799.0,-0.022571666,-0.022242293,0.013382208,-0.06632464,-0.20343491,-0.014127328,-0.09083662,0.066969134,0.115160115,-0.054161068,-0.0092095835,0.06153812,0.03339865,0.16320887,-0.73525256,-0.2611434,-0.2004114,0.3906773,-0.037688345
4973-RLZVI,0,0.076496735,0,0,0,0,0,30,1,0,0,2,2,2,2,2,0,1,0,1,74.65,2308.6,0.057153206,-0.021391546,-0.0011113874,0.018044861,-0.2016052,-0.013214434,-0.055658028,-0.10505835,-0.11162428,-0.042464394,0.0030461745,-0.13684303,0.01995653,-0.10248484,-0.60746986,-0.12952837,-0.093441464,-0.035487518,0.11748122
8089-UZWLX,0,0.15748127,0,0,1,0,0,71,1,2,1,0,0,2,0,2,2,2,0,0,104.05,7413.55,-0.24370044,0.0943428,-0.012751413,0.011455744,-0.6999186,-0.027509855,0.056689654,0.044770155,0.44436878,0.23486939,-0.014772644,0.14789218,0.025995463,0.07942575,-1.2500852,-0.2619603,-0.060356744,0.6607874,0.14259407
9732-KPKBW,1,0.3186956,0,1,0,0,0,1,1,0,0,2,0,0,2,0,0,0,1,2,53.95,53.95,-0.04721453,-0.03687817,0.0011035235,0.015283507,0.61645705,-0.026730148,-0.11257915,-0.10247104,-0.3581135,0.058005914,0.0071297083,-0.46842104,-0.017019726,-0.007517526,0.7040817,0.11439505,0.13816476,-0.29920328,0.11097966
9715-WZCLW,0,0.01995872,0,1,0,1,1,71,1,2,1,2,0,0,0,2,2,2,1,2,97.2,6910.3,0.07327001,-0.010326928,-0.034533463,-0.088240586,-1.1147939,-0.034237575,0.13560314,0.051636707,-0.59548926,0.3313763,0.066180974,0.1088192,0.029741865,0.034926537,-1.7618785,0.09701033,0.040542852,-0.09944871,-0.07486241
0257-KXZGU,0,0.11414816,0,0,0,1,1,32,1,2,0,0,2,2,0,0,0,0,0,0,62.45,2045.55,0.02770226,-0.020061215,0.0048084524,-0.010903939,-0.41766647,-0.08379464,0.07653723,-0.4014601,0.118001275,-0.08580713,-0.002782681,0.1256921,-0.015836973,-0.04696966,0.58222526,-0.24647133,-0.16274859,-0.31290776,-0.12738293
0707-HOVVN,0,0.10452531,0,0,1,0,0,70,1,2,0,0,2,2,2,2,0,2,1,0,75.5,5212.65,-0.02477582,0.35696593,-0.034854665,0.026357675,-0.047652982,-0.015613409,0.06569388,-0.09550289,0.18806161,-0.121597454,-0.011152301,-0.16810781,0.023899361,-0.040474217,-1.0917809,0.056896776,-0.09662854,-0.47581512,0.40738
5501-TVMGM,0,0.6947548,1,1,0,0,0,1,1,0,0,0,0,0,0,0,2,0,1,2,55.25,55.25,-0.015419826,-0.036392637,0.021830296,0.012011571,0.7789531,-0.033657737,-0.19979313,-0.21199554,0.22218697,0.0563896,0.007703442,0.1658378,-0.01741739,0.008654052,0.7087589,0.10249086,0.13170888,-0.082068965,0.25188908
3422-LYEPQ,1,0.79194784,1,1,0,1,1,1,1,0,1,0,0,0,0,0,0,0,1,2,71.0,71.0,-0.006229125,-0.014947189,0.006142752,-0.048685852,0.79462695,-0.019933278,-0.1260963,0.1727621,0.26585236,0.060033016,0.006976844,0.21449557,-0.017015237,-0.010928302,0.86985004,0.09237753,0.15311898,-0.17097282,0.16450384
2277-VWCNI,0,0.47069228,0,0,1,0,0,4,1,2,0,0,0,0,0,0,0,0,0,3,48.75,179.85,-0.0072010234,0.23445486,-0.00043352944,0.013663009,0.53621,-0.023223763,0.08288752,-0.24316876,0.2309528,0.094920054,-0.004481706,0.1042188,-0.039417215,-0.0654882,0.63158536,-0.25361606,-0.1422027,-0.20262904,-0.015170244
5461-QKNTN,0,0.3813349,0,1,1,1,0,43,1,2,1,0,2,0,2,2,0,0,1,2,94.3,3953.15,-0.011653962,0.118031055,0.0015047644,0.047104884,-0.4136292,-0.026463125,0.16817646,0.12999776,0.22732292,-0.077198006,0.0036427218,-0.32189777,0.04440099,-0.037561804,0.57683617,0.093735814,0.16519655,0.32848892,-0.45069537
3967-KXAPS,0,0.0012587311,0,1,0,1,0,72,1,2,0,2,2,2,2,2,2,2,0,1,92.3,6719.9,0.011129742,-0.047671907,0.0054452275,0.013578264,-1.8509364,-0.045853853,0.10864633,-0.12303204,-0.40616387,-0.14399728,-0.03348442,-0.23182528,0.035246532,0.007835377,-1.9317058,-0.14860298,-0.16031031,-0.23938914,-0.44607365
6919-ELBGL,0,0.012439169,0,1,1,1,1,72,1,2,1,2,2,2,2,2,2,2,1,0,114.95,8196.4,0.08922888,0.1402132,-0.012316746,-0.07150477,-1.2709926,-0.015845744,0.047965154,0.03559199,-0.3887049,-0.093006164,-0.0012829757,-0.1603814,0.03309974,0.03421007,-2.005878,0.05082267,-0.026676033,0.12523447,0.1650624
8361-LTMKD,1,0.7119839,1,1,1,1,0,4,1,2,1,0,0,0,0,0,0,0,1,3,74.4,306.6,0.0072367573,0.18344279,0.0054068035,0.024375811,0.5127144,-0.0073153162,0.2134528,0.1702431,0.28279248,0.0398554,-0.00897972,0.15767244,-0.03491004,-0.06557682,0.7797979,0.1384614,-0.13603725,-0.13534027,-0.1730281
1131-ALZWV,0,0.039119467,0,0,0,0,0,24,1,2,2,1,1,1,1,1,1,1,0,0,24.6,605.25,0.012540672,-0.031893045,-0.0038924506,0.022814307,-0.1873748,-0.006447171,0.07155723,0.038312428,-0.26967558,-0.043294873,-0.018426975,-0.1604181,-0.013190807,-0.1490857,-0.6783773,-0.17279613,-0.013300778,-0.5865308,0.037475068
5178-LMXOP,1,0.94336987,1,1,1,1,0,1,1,2,1,0,0,0,0,2,2,0,1,2,95.1,95.1,0.002321133,0.21031965,-0.03334079,0.032899793,0.9200658,-0.026033554,0.2782669,0.17837867,0.21455854,0.07363919,0.0036785037,0.17510048,0.030387407,0.08316087,0.8446905,0.13094503,0.08914558,0.40205625,0.25190324
8992-CEUEN,0,0.10853359,0,0,0,0,0,1,1,0,2,1,1,1,1,1,1,0,0,2,18.85,18.85,0.044673707,-0.059642904,-0.005007706,0.03880063,0.7995747,-0.0076234303,-0.1498226,0.06600121,-0.48667678,-0.10350742,-0.0056810034,-0.25418076,-0.0038674797,-0.03569693,0.73360986,-0.5604018,0.17727733,-1.436219,0.19180748
3320-VEOYC,0,0.723359,1,1,1,0,0,14,1,2,1,0,0,0,0,2,2,0,1,2,95.6,1273.3,0.0064070644,0.105781384,0.011660883,0.037969414,-0.087996885,-0.0068730386,0.19210342,0.14255789,0.1386816,0.05879626,0.0045923134,0.12679143,0.07358925,0.040777523,0.6991453,0.11820092,0.14963274,0.4568774,-0.25828433
3672-YITQD,1,0.5809549,1,1,1,1,0,36,1,2,1,0,0,0,0,0,2,0,1,2,84.1,3021.6,0.00824188,0.12352735,0.02238363,0.027808677,-0.52088374,-0.017648516,0.14410345,0.16122131,0.23953207,0.054412305,0.016473433,0.13630773,-0.016206631,0.07136105,0.6341539,0.07522126,0.18864398,0.13928494,-0.112017736
6080-TCMYC,0,0.41475216,0,1,0,1,1,40,1,2,1,0,0,2,0,0,0,0,1,2,81.2,3292.3,0.0017447061,-0.022105226,0.0067530996,-0.103492536,-0.4438058,-0.02044794,0.10527832,0.17097293,0.24358384,0.06409556,-0.00023628684,0.1322985,-0.043113485,-0.039654568,0.66250503,0.087432854,0.23222147,-0.04926731,-0.27989176
6734-FQAJX,0,0.15109453,0,1,1,0,0,67,1,0,1,2,2,0,2,2,2,2,1,2,105.05,7171.7,0.15817606,0.13426134,0.06682064,0.055416267,-0.13039526,-0.007477901,-0.06615058,0.042232446,-0.21453324,-0.171347,0.012134664,-0.18597072,0.024570566,0.013964769,-1.4528652,0.02347312,0.08566962,0.68583167,0.24937247
1063-DHQJF,0,0.012073124,0,1,0,1,1,69,1,0,1,0,2,0,2,2,0,2,1,3,92.15,6480.9,0.006880602,-0.029327145,0.010926401,-0.03511114,-0.3816525,-0.010245467,-0.13708258,0.05972655,0.3337541,-0.14572972,-0.0068871505,-0.22033924,0.024663648,-0.019490702,-1.8781356,0.03827803,-0.33460072,-0.056646217,-0.5743814
3976-NLDEZ,0,0.36478215,0,1,0,0,0,1,1,0,2,1,1,1,1,1,1,0,0,3,20.6,20.6,-0.062396515,-0.07977657,-0.0047941008,0.021512419,0.84798187,-0.0097032245,-0.17802006,0.066348165,-0.4829236,-0.010068806,-0.017138695,-0.27811122,-0.0060235,-0.027448667,0.7494193,-0.19312917,-0.009775817,-0.4372494,0.60585505
1729-VLAZJ,0,0.03544393,0,0,0,0,1,10,0,1,0,2,2,0,2,0,0,1,0,3,40.25,411.45,-0.004996517,-0.03017122,-0.008340923,-0.11509607,0.07878559,0.019182358,0.022103721,-0.06792262,-0.29096717,-0.07943773,-0.017774114,-0.14330648,-0.032692246,-0.112312175,-0.78589106,-0.09655244,-0.17057261,-0.28888032,-0.12964846
3400-ESFUW,1,0.0117173465,0,1,0,1,1,55,1,0,0,2,2,0,2,0,0,2,0,0,57.55,3046.4,-0.05067237,-0.044183046,-0.0010390969,-0.07523407,-0.3354528,-0.019114206,-0.015585526,-0.14021118,-0.16345915,-0.09790178,0.008534923,-0.17168264,-0.053484537,-0.027589688,-1.6753397,-0.09254044,-0.08332959,-0.41381064,0.06642391
5271-YNWVR,1,0.07842609,0,1,0,1,1,68,1,2,1,2,2,2,2,2,2,2,1,2,113.15,7856.0,0.12921232,-0.014566841,-0.0493183,-0.15145454,-0.084445074,-0.0042349044,0.114592165,0.052083943,-0.23826773,-0.11991749,0.013903554,-0.12826605,0.027666774,0.024197314,-1.5321451,0.05035991,-0.039908685,0.37019244,0.1656151
1587-FKLZB,1,0.53451574,1,1,1,1,1,66,1,2,1,0,0,2,0,2,2,0,1,1,99.5,6822.15,-0.0075744973,0.07616831,0.020169903,-0.057402745,-0.5734862,-0.01841416,0.15360339,0.13582893,0.20767254,0.09575102,0.0013058305,0.17958763,0.052331373,0.053015746,0.62851346,0.062388968,-0.1238896,0.65757,-0.3556314
0958-YHXGP,0,0.504856,1,0,0,0,0,7,1,0,1,0,0,0,0,0,0,0,1,3,69.9,497.3,0.008838082,-0.019087309,-0.0024715434,0.012680609,0.37293565,-0.013129327,-0.14241442,0.15331262,0.27346557,0.04194285,-0.013021202,0.12259757,-0.043394245,-0.03014091,0.73533404,0.09972141,-0.08941827,-0.27248216,-0.12661901
1494-EJZDW,0,0.007861071,0,0,0,1,1,10,1,0,2,1,1,1,1,1,1,2,0,3,20.15,220.8,0.026700724,-0.056717947,0.0047401586,-0.0742079,-0.06026224,-0.007193828,-0.13235614,0.035210505,-0.3219989,-0.085616075,-0.013226732,-0.13384716,-0.026573505,-0.07019439,-1.9125543,-0.100882106,-0.290426,-0.46011803,-0.10919121
1816-FLZDK,0,0.37744126,0,1,0,0,0,1,0,1,0,0,0,0,2,0,0,0,0,3,29.15,29.15,-0.010696204,-0.070650265,0.0008093687,0.014572952,0.6981884,0.054626927,0.11144181,-0.22551753,0.2445486,0.04505413,-0.0104443105,-0.42683783,-0.034457598,-0.040593315,0.63273877,-0.25631648,-0.10172972,-0.30526796,0.22933266
2075-PUEPR,0,0.035983473,0,1,0,1,1,55,1,0,2,1,1,1,1,1,1,2,0,0,19.35,1153.25,0.044577114,-0.049656168,0.010118333,-0.086862706,-0.10055258,-0.0060236966,-0.18002714,0.05499511,-0.25943065,-0.11856285,-0.019890571,-0.17568482,-0.045167647,-0.07943764,-1.7992437,-0.085571386,-0.011693595,0.17878792,0.49050492
1833-TCXKK,0,0.43093577,0,1,0,1,0,45,1,2,1,0,2,2,0,2,2,0,1,0,107.75,4882.8,-0.017078778,-0.0332087,0.01297583,0.034123864,-0.52661616,-0.012812234,0.10810179,0.16056682,0.20337719,-0.08452974,-0.018478451,0.09916533,0.04494508,0.038636982,0.5326336,0.11319678,-0.16229236,0.41187584,-0.13339116
1436-ZMJAN,0,0.2703852,0,0,0,1,0,10,1,0,0,0,0,2,0,2,2,0,1,1,67.8,653.15,0.038779184,-0.017627085,0.006182105,0.017438153,0.28028253,-0.024843927,-0.1931443,-0.31415755,0.17374934,0.054290686,-0.017332496,0.10224846,0.032978952,0.037609253,0.6017522,0.08656629,-0.15919869,-0.39579546,-0.25322142
0106-UGRDO,0,0.04559802,0,0,0,1,0,69,1,2,1,2,2,2,2,2,2,2,1,2,116.0,8182.85,-0.1376225,-0.011357936,-0.049506027,0.041591417,-0.18868592,-0.020673104,0.100785874,0.048745226,-0.24895795,-0.10912335,0.0054461095,-0.11973695,0.026374888,0.025104769,-1.7251203,0.019326864,0.025276065,0.4665361,-0.14039926
1069-XAIEM,1,0.9309162,1,0,1,0,0,1,1,2,1,0,0,0,0,0,2,0,1,2,85.05,85.05,-0.013670537,0.14973614,-0.011716734,0.033178937,0.97774553,-0.020491965,0.21806462,0.17840084,0.24046437,0.07022539,0.0032821882,0.14757809,-0.01020682,0.08494292,0.9116602,0.12608343,0.08024589,0.38039258,0.104160145
4213-HKBJO,0,0.024877736,0,0,0,0,0,33,1,2,2,1,1,1,1,1,1,2,0,1,25.7,826.1,0.008783802,-0.05608251,0.004584107,0.035242386,-0.15595052,-0.010910153,0.11092077,0.041126393,-0.27562293,-0.0922831,-0.004949902,-0.16362616,-0.01872087,-0.061326876,-1.5573273,-0.112305224,-0.050670195,-0.49898818,0.23874307
8345-MVDYC,0,0.010553541,0,0,0,0,0,45,1,0,0,2,0,2,2,2,2,2,0,0,81.65,3618.7,-0.006321197,-0.04178805,0.0072841346,0.016650576,-0.26274195,-0.009186412,-0.11772331,-0.11483013,-0.16295552,0.14161217,-0.023686783,-0.14641422,0.009193474,0.023706833,-1.8378867,-0.060776033,-0.092503764,-0.3533948,-0.4596963
2672-OJQZP,0,0.503364,1,0,0,0,0,1,1,0,0,0,0,0,0,0,0,0,0,3,44.75,44.75,0.035122376,-0.055919588,-0.0006268876,0.008523558,0.80435634,-0.029048808,-0.084218584,-0.27822307,0.2522816,0.07341039,-0.011039364,0.11989046,-0.024849463,-0.033313047,0.7075825,-0.20288697,-0.05638585,-0.37528232,0.21330841
5136-RGMZO,0,0.15094882,0,1,0,0,0,31,1,2,0,0,2,0,2,2,0,0,1,2,71.05,2168.15,-0.031096848,-0.027530303,-0.0016794903,0.02312512,-0.5130103,-0.05681225,0.07769308,-0.39197537,0.16810681,-0.063867815,0.017122071,-0.39350528,0.025551898,-0.025262147,0.5129247,0.12317753,0.21067175,-0.32514083,-0.0064456444
5774-QPLTF,0,0.01094147,0,1,0,1,1,50,1,0,2,1,1,1,1,1,1,1,1,3,20.35,938.95,0.0078580985,-0.032884035,0.0068745906,-0.07851219,-0.69562924,0.0029538516,-0.22995678,0.050617438,-0.36431846,-0.050404444,-0.031489324,-0.19725339,-0.01567031,-0.3050214,-0.7263543,0.0396298,-0.14875442,-0.70989406,0.023239736
5240-CAOYT,0,0.08487678,0,0,0,0,0,57,1,2,1,2,2,0,2,0,0,0,1,0,87.55,4884.85,0.010286965,-0.03876965,0.0008011465,0.031346533,-0.93846595,-0.0059988755,0.08692613,0.06505852,-0.42121702,-0.070472054,0.0132758245,-0.39242643,-0.04335018,-0.041038353,0.571269,0.0709662,-0.044361956,0.045364816,-0.22782767
3707-GNWHM,1,0.8485195,1,1,0,0,0,1,1,2,1,0,0,0,0,0,0,0,1,3,74.25,74.25,0.007491704,-0.034239475,-0.0021083006,0.020289611,0.9108617,-0.020666573,0.16403225,0.18619177,0.2960801,0.04171963,-0.012988997,0.22207886,-0.031420745,-0.055084057,0.88913983,0.13867818,-0.10758889,-0.07326506,0.23305972
5159-YFPKQ,1,0.77189445,1,0,0,0,0,2,1,0,1,0,0,2,0,0,0,0,1,2,75.8,160.75,0.005008355,-0.012173781,-0.014990623,0.011934933,0.5845009,-0.01292258,-0.15836003,0.12872088,0.28420675,0.05315091,-0.043902647,0.14235614,-0.017217513,-0.02048813,0.83923453,0.11064305,0.115115434,0.13492182,0.13852634
5052-PNLOS,1,0.804585,1,1,0,0,0,3,1,2,1,0,2,2,0,2,2,0,1,0,105.35,323.25,-0.006788612,-0.02805214,-0.008997817,0.026028939,0.5313701,-0.010436037,0.29744416,0.18079588,0.17569861,-0.13454005,0.0051422445,0.13939601,0.021194762,0.057705346,0.72258073,0.15796614,-0.049186833,0.3551724,0.031932168
6173-GOLSU,0,0.34712553,0,1,1,1,0,67,1,2,1,0,0,0,0,2,2,0,1,1,94.65,6079.0,0.00943279,0.0463374,0.012187926,0.012998395,-0.72016233,-0.01508514,0.18508627,0.12382511,0.17826901,0.06828447,0.028489621,0.14009249,0.036471833,0.05393805,0.51985145,0.037651945,-0.17692457,0.22262189,-0.3458393
6661-HBGWL,1,0.582519,1,0,1,0,0,42,1,2,1,0,2,2,0,2,2,0,1,0,104.75,4323.45,-0.001000271,0.16171944,-0.0087171,0.033518475,-0.3073761,-0.010744436,0.12729326,0.143046,0.15992934,-0.082657665,-0.0016214108,0.07109147,0.0398811,0.04769686,0.64181834,0.07557408,-0.20315537,0.59458727,-0.09853494
8207-VVMYB,0,0.010245429,0,0,0,1,0,70,1,2,2,1,1,1,1,1,1,2,1,0,26.0,2006.95,-0.0126001015,-0.024158468,0.019130724,0.03672738,-0.4627562,-0.013648079,0.065255776,0.04255984,-0.26699644,-0.09447898,-0.0044390783,-0.19764015,-0.04460466,-0.06607088,-1.6234013,0.050126866,-0.07167242,-0.54072833,-0.31200552
5324-KTGCG,0,0.007388858,0,1,0,1,0,71,1,0,2,1,1,1,1,1,1,1,0,2,20.85,1539.75,0.03271611,-0.016047614,0.057651214,0.012946412,-1.6903913,-0.04490574,-0.1978977,0.048120275,-0.40610844,-0.01939799,-0.034829292,-0.18876828,-0.09562004,-0.11343289,-0.66318035,-0.13201585,0.099788986,-0.36020133,-0.13956703
7354-OIJLX,0,0.6883487,1,1,0,0,0,9,1,2,1,0,0,0,0,0,0,0,1,2,75.85,724.65,0.03593745,-0.023707109,-0.042286023,0.034389626,0.23838103,-0.0151880635,0.17119002,0.17151682,0.28797483,0.055607863,0.007966674,0.16675372,-0.04131164,-0.048827685,0.8290301,0.14087376,0.1791825,-0.19547749,-0.11036998
9286-BHDQG,0,0.0041843913,0,1,0,1,1,72,0,1,0,2,2,2,2,0,0,2,0,1,45.25,3139.8,0.0026418294,-0.030529859,0.011889039,-0.08106681,-1.6184585,0.35365883,0.06534952,-0.07892141,-0.37144375,-0.11224666,-0.009005677,-0.20251411,-0.10032675,-0.053887755,-1.6277932,-0.060886517,-0.16964945,-0.16634472,-0.17343867
3567-PQTSO,0,0.27417433,0,1,0,1,1,53,1,2,1,0,2,2,0,2,2,1,1,2,105.25,5576.3,0.088779725,-0.019401845,0.011520688,-0.20000115,-0.11558675,-0.016043477,0.1249736,0.087438256,0.13465548,-0.1205779,0.010535283,0.095020846,0.051409326,0.13488346,-0.67451805,0.08001287,0.18137448,0.35493627,-0.13373193
3197-ARFOY,0,0.74098915,1,0,1,0,0,19,1,0,1,2,2,0,2,2,2,0,1,3,105.0,2007.25,0.07231325,0.22901616,-0.0075498368,0.014355917,0.09522419,-0.0072348816,-0.09565432,0.07334051,-0.05058068,-0.070707284,-0.0050033685,-0.25539765,0.056749906,0.07465041,0.64206624,0.036633287,0.04474194,1.1807677,0.0726098
5698-BQJOH,1,0.7406491,1,0,0,0,0,9,1,2,1,0,0,0,0,2,2,0,0,2,94.4,857.25,-0.0054643443,-0.040594287,-8.366395e-05,0.027394146,0.24987544,-0.009783734,0.17143537,0.16927102,0.13890316,0.1236134,0.0057177506,0.09024961,0.062193114,0.053294912,0.7147569,-0.33019447,0.09357575,0.5263137,0.058096208
1090-ESELR,0,0.015386754,0,1,0,1,1,72,1,0,1,2,2,0,2,2,2,2,0,0,105.5,7611.55,0.1376979,-0.028484542,0.0045179105,-0.060161285,-1.9077774,-0.021315355,-0.05314828,0.044045407,-0.3308515,-0.101250224,0.015385106,-0.1797357,0.028286265,0.032206267,-1.678884,-0.2050446,0.06788968,0.7794114,0.3476974
0056-EPFBG,0,0.015612794,0,1,0,1,1,20,0,1,0,2,0,2,2,0,0,2,1,1,39.4,825.4,-0.0030997049,-0.027269352,-0.0014407645,-0.212641,-0.14997008,-0.035246145,0.080472514,-0.070444204,-0.27004656,0.17784145,-0.004214782,-0.18077819,-0.0067985374,-0.091336645,-1.7794126,0.0002598472,-0.1042166,-0.35575312,-0.060609702
4955-VCWBI,0,0.0089923395,0,0,0,1,1,43,1,0,2,1,1,1,1,1,1,1,0,3,20.0,817.95,0.014009816,-0.03911787,0.007941028,-0.06851043,-0.5202646,-0.0058742766,-0.1821208,0.050003752,-0.34563386,-0.05892054,-0.031922314,-0.14303724,-0.01591906,-0.18367194,-0.86479324,-0.11782984,-0.19486909,-0.7907308,-0.16186355
4717-GHADL,0,0.02839248,0,0,0,0,0,50,1,2,0,0,2,0,2,2,2,2,1,3,79.6,4024.2,-0.017171582,-0.068714924,0.0012188248,0.016956838,-0.38914376,-0.018199064,0.09676759,-0.096448585,0.28116414,-0.07944817,-0.0032655306,-0.22155233,0.03664773,-0.0034258533,-1.8300391,0.05736256,-0.06666815,-0.012717661,-0.1669243
0058-EVZWM,0,0.22622755,0,0,0,1,0,55,1,2,1,2,0,0,0,2,0,0,1,0,89.8,4959.6,-0.012399573,-0.02590775,0.0024687555,0.021759188,-0.6156305,-0.011460246,0.109077394,0.12458814,-0.36352107,0.09849107,0.013941502,0.15658426,0.050308626,-0.04979506,0.66373104,0.07121251,-0.056112926,0.034303926,-0.39215106
7218-HKQFK,1,0.6856537,1,1,0,1,0,2,1,0,1,0,0,0,2,2,2,0,1,2,94.2,167.5,-0.074832335,-0.010150053,0.0011057014,0.017634954,0.6182815,-0.015852222,-0.28138018,0.11781327,0.191732,0.06511099,0.00791171,-0.28877062,0.024163278,0.0061046407,0.7070019,0.08073211,0.09554502,0.5823151,-0.015363717
5057-RKGLH,0,0.0116658695,0,0,0,1,1,9,1,0,2,1,1,1,1,1,1,2,0,3,20.35,191.1,0.026836123,-0.04304046,0.0047401586,-0.0742609,0.07486999,-0.008304784,-0.11319194,0.030703563,-0.3219989,-0.085616075,-0.016775789,-0.16270567,-0.021114236,-0.06802337,-1.8698494,-0.09352628,-0.08446768,-0.56578976,0.0013865633
2309-OSFEU,1,0.42128453,0,1,0,0,0,10,0,1,0,0,0,0,0,0,2,0,1,3,33.9,298.45,0.012686827,-0.042571943,-0.017877907,0.06548767,0.15143037,0.10268386,0.19094172,-0.27344915,0.26075593,0.063146636,-0.0053007463,0.13132286,-0.059284158,0.09290199,0.5560989,0.14875141,-0.23862407,-0.29554582,-0.11183112
3429-IFLEM,0,0.003674647,0,0,0,0,0,71,1,0,0,2,2,2,2,2,0,2,0,1,77.35,5550.1,-0.0056335717,-0.044096168,0.0060276343,0.02506643,-1.4956702,-0.038373213,-0.12686539,-0.07669988,-0.31511247,-0.124833666,-0.044125676,-0.15905303,0.028418424,0.024224766,-1.532011,-0.112167485,-0.13209811,-0.30639473,-0.123991385
1550-LOAHA,1,0.3561832,0,0,0,1,0,32,1,0,1,0,2,0,0,0,2,0,0,0,84.15,2585.95,0.039209235,-0.033765454,0.02300097,0.015428344,-0.454237,-0.008292955,-0.094279155,0.1372211,0.15698951,-0.097157605,0.022877254,0.10465847,-0.008305065,0.059642028,0.6766846,-0.2570482,-0.14911762,0.17766443,0.14608349
1400-MMYXY,1,0.89005613,1,1,1,1,0,3,1,2,1,0,2,2,0,2,2,0,1,2,105.9,334.65,0.0029313865,0.14919788,0.013151066,0.034849998,0.5274527,-0.016631974,0.27588934,0.18741845,0.17704162,-0.13984236,0.043524876,0.14096375,0.023345612,0.055191357,0.70610225,0.15479541,0.04021344,0.79578805,-0.03084374
7503-QQRVF,1,0.5588146,1,1,1,1,0,16,1,0,1,0,2,0,0,0,0,0,1,1,74.3,1178.25,0.029174024,0.1770416,0.009222161,0.018895058,0.00097326696,-0.014098052,-0.111430064,0.12609369,0.18936142,-0.04744929,0.014153482,0.14134419,-0.024619801,-0.033801354,0.65032893,0.1371871,-0.16931334,-0.06205147,0.2545667
7504-UWHNB,0,0.3149247,0,1,0,0,0,25,1,0,1,0,0,0,0,0,0,0,0,2,69.75,1729.35,0.008775535,-0.022866625,-0.005068417,0.0075146244,-0.39344087,-0.0062495843,-0.10606388,0.15518288,0.20102677,0.0784015,0.012846855,0.16288768,-0.031739715,0.009566798,0.64159226,-0.2615726,0.22337586,-0.18865524,-0.21348381
9565-JSNFM,1,0.07754284,0,1,0,0,0,38,1,0,1,0,0,0,0,0,0,1,1,0,70.45,2597.6,-0.011243856,-0.015540096,-0.0016163711,0.0024900464,-0.19499019,-0.0050055566,-0.036758665,0.06609132,0.22037113,0.037622366,0.0140578095,0.08510566,-0.029047795,-0.24745056,-1.0524678,0.077811964,-0.339451,-0.15283984,0.15587692
4735-BJKOU,0,0.007432252,0,0,0,0,0,40,1,0,2,1,1,1,1,1,1,2,0,3,20.15,804.85,0.015742091,-0.061919782,0.004229254,0.032913834,-0.45418474,-0.010426917,-0.18468773,0.045663316,-0.29389536,-0.08408663,-0.014161522,-0.15050626,-0.033961937,-0.07159828,-1.5992066,-0.11724573,-0.20966704,-0.63640696,-0.021834053
3580-GICBM,0,0.01052929,0,0,0,1,1,61,1,2,2,1,1,1,1,1,1,2,1,3,24.2,1445.2,0.029656675,-0.03920568,0.0033839962,-0.103519455,-0.5968773,7.633818e-05,0.04698068,0.046365872,-0.31346965,-0.07260053,-0.01782023,-0.19927059,-0.060180835,-0.0053683026,-1.7176641,0.092703104,-0.10794527,-0.5608956,0.08186805
7632-YUTXB,0,0.010411399,0,0,0,1,1,25,1,0,2,1,1,1,1,1,1,1,0,3,20.05,520.1,0.014389601,-0.029798228,0.008520326,-0.06191702,-0.37915942,-0.004833822,-0.18467264,0.049525294,-0.34712505,-0.058506195,-0.031922314,-0.1448825,-0.020907268,-0.18367194,-0.83603114,-0.11358769,-0.25420153,-0.7583984,-0.16798358
9412-ARGBX,1,0.036258943,0,0,0,0,1,48,1,0,1,0,2,2,2,2,0,2,1,3,95.5,4627.85,-0.022319855,-0.057213735,0.06893421,-0.05657479,-0.44339463,-0.005927287,-0.13244765,0.059247177,0.2182117,-0.100657046,0.0354475,-0.18804172,0.052251607,-0.020538807,-1.4356866,0.052381318,-0.20533708,0.36923322,-0.41847867
9576-ANLXO,1,0.49415138,0,0,0,0,0,3,1,0,1,0,0,0,0,0,0,0,1,0,69.55,222.3,0.01840995,-0.020973654,-0.0026982266,0.010094311,0.48890877,-0.009493328,-0.19511357,0.15183596,0.23242038,0.05970354,0.011017366,0.12064826,-0.017321609,-0.035762258,0.7972626,0.09996027,-0.14510536,-0.32032695,-0.21763612
1110-KYLGQ,0,0.12331119,0,0,0,0,0,63,1,2,1,2,2,2,0,2,2,0,0,1,108.25,6780.1,-0.014095793,-0.011999232,0.021410238,0.02229368,-0.89591485,-0.009267876,0.05878701,0.08114162,-0.42954853,-0.10621664,0.013450221,0.12016672,0.058910653,0.027590858,0.4328776,-0.3150038,0.043915875,0.3831745,-0.39388797
8696-JKZNU,1,0.44472134,0,0,1,0,0,37,1,2,1,0,0,0,0,0,0,0,1,2,76.25,2841.55,-0.01941943,0.113903515,-0.03912983,0.026537959,-0.54455686,-0.0110223675,0.10866662,0.15739717,0.21310957,0.04518965,0.0061299447,0.16553576,-0.030757062,-0.03646244,0.6979271,0.102395296,0.21016766,-0.27717757,-0.061231345
8757-TFHHJ,0,0.4699235,0,1,0,0,0,1,1,0,0,2,0,0,0,0,0,0,1,1,49.8,49.8,-0.023341246,-0.048003986,0.00059459364,0.012452477,0.72228515,-0.036830332,-0.12902558,-0.13309173,-0.28679293,0.052437242,0.01095976,0.15524647,-0.017363098,-0.027888551,0.7974831,0.13210528,-0.1359165,-0.3236436,0.20710762
2955-BJZHG,1,0.39658302,0,1,0,1,1,17,1,0,1,0,0,0,0,2,0,0,0,2,80.85,1400.85,-0.001047129,-0.0152590135,0.025674822,-0.031314023,-0.2362048,-0.02076404,-0.13510333,0.14141424,0.19853464,0.07055241,0.012875958,0.10000782,0.033989448,-0.014922263,0.6625257,-0.25872028,0.20367633,-0.01952686,-0.08688721
9048-JVYVF,1,0.28652024,0,1,0,0,0,3,1,0,0,0,0,0,2,2,2,0,1,2,69.35,191.35,-0.06008301,-0.014765176,-0.0016335307,0.016299877,0.48128766,-0.022505313,-0.2062844,-0.2411885,0.20370065,0.065220974,0.0077589955,-0.3674623,0.018258097,0.0051168944,0.5927492,0.08505314,0.10806123,-0.3716271,-0.16107693
0682-USIXD,0,0.36278585,0,0,0,1,0,21,1,0,1,0,0,0,2,2,0,0,1,2,86.05,1818.9,0.02466163,-0.012908072,0.004649384,0.014964445,-0.3123286,-0.018417934,-0.17747751,0.12346277,0.18995643,0.05397509,0.012934557,-0.3411958,0.050521895,-0.0011460837,0.65824425,0.09278643,0.16975932,0.13576467,-0.1822741
3884-UEBXB,0,0.010638228,0,0,0,1,1,67,0,1,0,2,2,0,0,0,0,2,0,0,36.15,2434.45,-0.0040310193,-0.02697888,0.009993027,-0.10381938,-0.5468256,0.12981445,-0.016316516,-0.09670122,-0.20233436,-0.102634475,0.00024403847,0.15388273,-0.054801397,-0.0888055,-1.7687237,-0.047644038,-0.068170376,-0.3855335,-0.26399487
1776-SPBWV,0,0.03013973,0,0,0,1,1,34,1,0,2,1,1,1,1,1,1,1,1,0,20.1,682.1,0.019525088,-0.013308374,0.007775042,-0.071360715,-0.46100527,0.0061799893,-0.19015643,0.047008753,-0.2613303,-0.05873433,-0.023389462,-0.15856971,-0.00669226,-0.17368275,-0.80674577,0.027125208,0.15188348,-0.3935463,-0.06305782
9050-QLROH,1,0.4020298,0,1,0,0,0,18,1,2,1,0,0,2,0,0,2,0,1,1,90.7,1597.25,-0.008057815,-0.01683846,0.00089379074,0.022781905,-0.21921718,-0.011427362,0.15893102,0.1440252,0.17796795,0.037562486,-0.011230748,0.14003165,-0.05090873,0.036817722,0.6876472,0.11307552,-0.26697046,0.096175455,-0.37904817
2925-VDZHY,0,0.0012919497,0,1,0,1,1,72,1,2,0,2,2,2,2,2,2,2,0,1,88.7,6501.35,0.006997263,-0.042731803,0.0047922563,-0.041409597,-1.8710525,-0.041880336,0.10661095,-0.12303204,-0.42649138,-0.1470784,-0.03484659,-0.20677523,0.032765165,0.0072578937,-1.8866019,-0.1415504,-0.16143999,-0.3176157,-0.31700096
9512-UIBFX,1,0.38777292,0,1,0,1,1,18,1,0,1,0,0,2,0,2,2,0,0,3,95.15,1779.95,-0.012004906,-0.047064617,-0.030985584,-0.03760473,-0.29187506,-0.021512715,-0.14192507,0.13911515,0.09694827,0.081565306,0.063851245,0.1076146,0.080390975,0.029317921,0.5816185,-0.25969863,0.06645397,0.36134496,-0.17300726
8676-TRMJS,1,0.51613307,1,1,0,0,0,3,1,2,1,0,0,0,0,0,0,0,0,3,75.0,209.1,0.006546473,-0.038084365,-0.003321636,0.0109985005,0.49183503,-0.0078786835,0.15247199,0.14615272,0.2729925,0.09600702,-0.012988997,0.13508621,-0.034811,-0.047227364,0.74614775,-0.34394184,-0.17237316,-0.17572868,-0.108101934
3334-CTHOL,1,0.6820962,1,0,0,0,0,1,1,2,0,0,0,0,0,0,0,0,1,0,49.95,49.95,-0.00402104,-0.038933225,4.679193e-05,0.0194008,0.8636297,-0.02866632,0.19450964,-0.25572184,0.21264133,0.063045904,0.0087357275,0.13683203,-0.023773901,-0.057387665,0.80736375,0.14048073,-0.09873318,-0.41050774,0.28370616
6331-LWDTQ,1,0.44362575,0,1,0,0,0,10,1,2,0,0,0,0,0,2,2,0,1,1,72.15,794.25,-0.0063204225,-0.029299445,-0.0020838059,0.034354184,0.26250905,-0.027023984,0.17955016,-0.33265668,0.18680856,0.075909756,0.010181235,0.13698827,0.044288196,0.074049264,0.57716835,0.12619753,-0.15589002,-0.30203766,-0.029926857
3847-BAERP,0,0.08558672,0,0,0,0,0,10,1,0,2,1,1,1,1,1,1,0,1,3,20.9,247.0,0.045078892,-0.04780544,-0.0034947917,0.021435257,0.07136349,-0.012882061,-0.19885623,0.055163246,-0.55157554,-0.056041833,-0.012158517,-0.2787928,-0.035160974,-0.039115857,0.6044386,0.09740522,-0.24955991,-0.5365258,-0.1924421
4709-LKHYG,0,0.013947799,0,0,0,1,1,29,1,0,2,1,1,1,1,1,1,1,0,2,20.0,540.05,0.010505026,-0.018305263,0.008853616,-0.07350542,-0.3620189,-0.004833822,-0.19918458,0.05012021,-0.30608958,-0.08597826,-0.027275067,-0.14911163,-0.006581103,-0.18467186,-0.9023721,-0.11930597,0.04035734,-0.72998226,-0.14978203
8621-MNIHH,1,0.47849768,0,0,1,1,0,34,1,2,1,0,2,2,0,0,2,0,1,2,94.25,3217.55,0.009701009,0.11288271,0.0039223777,0.03276183,-0.54960084,-0.020688888,0.1339414,0.16198978,0.22318766,-0.07257556,-0.004790327,0.11804977,-0.044298526,0.0375212,0.60489005,0.11301023,0.13488616,0.18651676,-0.21814339
8884-ADFVN,1,0.9015563,1,1,1,1,0,7,1,2,1,0,0,2,0,2,2,0,1,2,101.95,700.85,0.006518843,0.14397635,0.012653489,0.040311124,0.39186993,-0.017205786,0.31202567,0.17506018,0.16967717,0.08654702,0.007712739,0.15318765,0.064924136,0.08784485,0.7996276,0.1465641,0.07060252,0.54902637,0.06293892
2885-HIJDH,0,0.03309669,0,1,0,1,1,69,1,2,0,2,0,2,2,2,2,2,0,0,86.9,6194.1,0.0046356767,-0.021739269,-0.00030573306,-0.04886265,-0.28990272,-0.0113356495,0.078462146,-0.112706475,-0.19953516,0.28253976,-0.006165039,-0.15961148,0.016423818,0.021819215,-1.5563768,-0.1392705,-0.009176606,-0.19952817,0.025195554
8570-KLJYJ,0,0.029456478,0,0,0,0,0,36,1,2,0,2,0,0,0,0,0,1,0,3,54.45,1893.5,-0.009554502,-0.039756138,0.00021146274,-0.00497682,-0.40293464,-0.011918551,0.040352736,-0.1507114,-0.27666497,0.04057036,-0.011466566,0.06257766,-0.043624762,-0.06951992,-0.8191395,-0.13515581,-0.14839846,-0.33176842,-0.13383779
9339-FIIJL,0,0.0060464614,0,1,0,1,0,72,1,2,0,0,2,2,2,2,2,2,0,0,85.95,6151.9,0.0141846975,-0.04322957,0.029064063,0.01058615,-1.5840878,-0.0472655,0.06328197,-0.14207917,0.41337854,-0.13186073,-0.03763434,-0.33026668,0.049881026,0.01311907,-1.709659,-0.18055671,-0.12319179,-0.23821574,-0.07843875
6223-DHJGV,0,0.013555886,0,0,0,0,0,42,1,0,2,1,1,1,1,1,1,1,1,3,20.65,958.1,0.013609416,-0.039102126,-0.0024598828,0.018449467,-0.41876593,-0.008643882,-0.17979322,0.04661484,-0.35374624,-0.03849631,-0.024348477,-0.13751182,-0.02372866,-0.24187659,-0.80120134,0.011183035,-0.091531046,-0.7884878,-0.17822424
0959-WHOKV,0,0.3329242,0,1,0,0,0,42,1,2,1,2,2,2,0,0,2,1,1,2,99.0,4298.45,0.033980966,-0.036713094,0.0002752844,0.036689997,-0.04892254,-0.010092769,0.10685701,0.060328778,-0.26433244,-0.104990184,0.02210523,0.048536863,-0.08260355,0.13779475,-0.60768265,0.140189,0.23112354,0.7254908,-0.03379867
9610-WCESF,0,0.021473397,0,1,0,0,0,67,0,1,0,2,0,0,2,2,0,2,0,2,43.9,3097.2,0.02116342,-0.01957709,-0.02519125,0.044799842,-0.43695152,0.09520597,0.01955743,-0.085588075,-0.24632126,0.23186305,0.005343966,-0.17772345,0.018442709,-0.07159507,-1.4271861,-0.08672575,0.15647818,-0.3953019,-0.39070046
9279-CJEOJ,0,0.52049136,1,0,1,0,0,21,1,2,1,0,0,0,0,2,2,0,1,0,95.4,2025.1,0.00788206,0.089573026,0.029581357,0.02332752,-0.27012143,-0.015091191,0.14167155,0.14194883,0.025617946,0.053652614,0.0114232795,0.14364687,0.06408874,0.057275638,0.6694162,0.09717005,-0.26182956,0.31602684,-0.19402368
2985-FMWYF,0,0.64318204,1,0,0,0,0,23,1,2,1,0,0,0,0,2,2,0,1,2,93.5,2341.55,-0.010728978,-0.018998107,0.0008207621,0.026227387,-0.29581562,-0.011358029,0.15927503,0.15872346,0.10337286,0.06317783,0.0061863894,0.14435886,0.053529464,0.033283837,0.6747697,0.13381961,0.15274103,0.2386622,0.026379772
3540-RZJYU,1,0.32556242,0,0,0,0,0,15,1,0,1,2,0,0,0,2,0,0,0,2,86.2,1270.2,0.0046823956,-0.022181869,-0.03283364,0.011019339,-0.08938494,-0.0047781942,-0.08635832,0.10672118,-0.3977916,0.09749618,0.012403707,0.068739854,0.050365496,-0.020907728,0.7184281,-0.23566143,0.12561144,0.16362284,-0.14829265
2522-WLNSF,0,0.043247312,0,0,1,1,0,34,1,0,0,0,0,2,2,2,0,1,0,0,64.2,2106.3,0.020952087,0.11672398,0.0034055654,0.0059631425,-0.2768075,-0.025308833,-0.050837234,-0.16974473,0.13491826,0.035780746,-0.015446071,-0.13917305,0.0243868,-0.12780142,-0.80579066,-0.13970196,-0.33057967,-0.2248392,-0.083485164
6861-XWTWQ,1,0.9384342,1,1,1,1,0,7,1,2,1,0,0,2,0,2,2,0,1,2,99.25,665.45,0.0054297987,0.11693143,0.021613607,0.04023585,0.47925276,-0.017205786,0.32173502,0.17506018,0.16999984,0.101707116,0.005628941,0.14889485,0.06497675,0.08784485,0.80291784,0.1621407,0.07509064,0.9101926,0.100885876
8735-NBLWT,0,0.077103645,0,1,0,0,1,9,1,0,2,1,1,1,1,1,1,0,0,3,20.4,184.1,-0.04451348,-0.035906944,-0.0036573415,-0.06468873,0.22712488,-0.0046608234,-0.15667275,0.05026892,-0.5290942,-0.08028103,-0.018589323,-0.3004234,-0.015483804,-0.05366376,0.5758679,-0.18768881,-0.10229473,-0.57854706,-0.11023596
1744-JHKYS,0,0.05415851,0,0,0,1,0,34,1,2,2,1,1,1,1,1,1,0,0,2,24.7,780.2,0.023740957,-0.046226747,0.010570547,0.029275557,-0.5772265,-0.021357436,0.088839784,0.0705287,-0.42598328,-0.09962409,-0.008854878,-0.34274366,-0.011255943,-0.037063308,0.51169676,-0.30946803,0.12199834,-0.80134946,0.013569009
0841-NULXI,1,0.8041121,1,1,0,0,0,1,0,1,0,0,0,0,0,0,2,0,1,2,35.55,35.55,0.032793894,-0.06291817,0.012669405,0.03616709,0.6782085,0.16511986,0.22107588,-0.28877527,0.23397577,0.07254246,0.0039856117,0.18197013,-0.027055152,0.08287056,0.722518,0.1677615,0.14814731,-0.30441496,0.38477907
4016-BJKTZ,0,0.17986757,0,0,0,0,0,25,1,2,1,0,2,2,2,2,2,2,0,2,108.9,2809.05,0.0010671616,-0.025128566,0.058553223,0.04389247,0.10112159,-0.0042812247,0.0630571,0.061706964,0.12304659,-0.09269168,0.00025862618,-0.11336042,0.03184806,0.035586663,-1.5934949,-0.10283283,0.12895276,0.9396363,-0.124957606
9298-WGMRW,0,0.008310727,0,0,0,1,0,72,1,2,1,2,2,2,2,2,2,2,1,0,115.5,8312.75,-0.12641415,-0.015612186,-0.005619635,0.024025258,-1.4872642,-0.022343151,0.04382298,0.043758415,-0.39923045,-0.09522269,-0.0007026144,-0.15655038,0.032033227,0.031751126,-2.120025,0.055072602,-0.019381693,0.38297287,0.102295265
7893-IXHRQ,1,0.35660002,0,1,0,0,0,1,1,0,2,1,1,1,1,1,1,0,0,2,20.55,20.55,-0.05968802,-0.06665318,-0.0047941008,0.024985347,0.767505,-0.0097032245,-0.19545671,0.066348165,-0.47378057,-0.030656187,-0.0048078434,-0.28457633,-0.0045616757,-0.035546456,0.75477546,-0.19715568,0.061441384,-0.43031678,0.5817149
8785-CJSHH,0,0.4613231,0,0,0,1,0,60,1,2,1,0,2,0,0,2,2,0,1,2,99.8,5985.75,-0.047600314,-0.005945373,-0.036725257,0.03749157,-1.0712572,-0.027127093,0.14856468,0.17362104,0.24783823,-0.11856713,0.005030292,0.15649065,0.063489884,0.015934628,0.6790283,0.13068731,0.24548739,0.49802533,-0.20025817
7654-YWJUF,0,0.05845572,0,1,0,1,0,43,1,0,1,2,0,2,2,0,0,1,1,0,84.25,3539.25,0.004927501,-0.023705792,0.0072138393,0.023714187,-0.109382026,-0.005823549,-0.09408485,0.052644536,-0.17664951,0.04707421,0.00088359637,-0.15120332,-0.010471279,-0.22777997,-0.7587421,0.039906465,-0.18168932,0.13319105,-0.3000502
8909-BOLNL,0,0.043982055,0,1,0,0,0,3,1,0,2,1,1,1,1,1,1,1,0,3,21.2,52.05,-0.022671023,-0.04083636,-0.002708851,0.014945992,0.3518126,-0.0095460005,-0.16682872,0.02777847,-0.3810108,-0.04299604,-0.026943235,-0.16074114,-0.014828835,-0.1595402,-0.7581741,-0.14844717,-0.06933746,-0.45307738,0.033380713
9919-FZDED,0,0.004432528,0,1,1,1,0,72,1,2,0,2,2,2,0,2,2,2,1,1,84.1,5981.65,0.018247854,0.33672184,0.012576042,0.0075823753,-1.8415822,-0.04158178,0.119056985,-0.12573773,-0.5788631,-0.09844937,-0.040524732,0.1611632,0.028806727,0.04555776,-1.7340345,0.04749972,-0.17125444,-0.35325742,-0.1570447
0322-CHQRU,1,0.51855916,1,1,0,0,0,2,1,0,0,0,0,0,0,0,0,0,0,2,45.35,89.5,-0.004685289,-0.033991694,-0.0005766175,0.009420447,0.5234789,-0.033113845,-0.1058371,-0.17248988,0.23010813,0.11323379,0.0075494517,0.13762397,-0.018333506,-0.010382481,0.6750963,-0.24156488,0.15173416,-0.12802413,0.02425085
3587-PMCOY,0,0.65530074,1,1,0,0,0,10,1,0,1,2,0,2,0,2,2,1,1,2,98.9,1064.95,0.005500645,-0.024883628,-0.003066285,0.020438524,0.32464656,-0.0012145424,-0.18594077,0.052291404,-0.22471999,0.10447975,0.012500784,0.115078166,0.052431643,0.17546077,-0.7077584,0.12529348,0.078524,1.1073374,0.6652482
0655-RBDUG,1,0.915271,1,1,0,0,0,7,1,2,1,0,0,2,0,2,2,0,1,0,98.05,713.0,-0.0078210635,-0.01996613,-0.012472717,0.034159873,0.49694493,-0.014436714,0.27820754,0.17333177,0.15921724,0.103193544,-0.004946674,0.1497886,0.06279615,0.088846706,0.78722084,0.18479216,-0.17294581,0.9884297,0.15464813
0983-TATYJ,0,0.07655972,0,0,0,1,0,33,1,0,0,0,0,0,2,0,0,1,1,3,51.45,1758.9,-0.007030627,-0.025054121,0.0061912555,0.007830608,-0.39702907,-0.02561949,-0.065819174,-0.19220182,0.39711612,0.025548724,-0.0017640936,-0.18128966,-0.041782133,-0.02165345,-0.55108845,0.06264978,0.007892409,-0.24065839,-0.19704784
5650-YLIBA,0,0.54514813,1,1,0,0,0,31,1,2,1,0,2,0,0,0,0,0,1,2,81.15,2640.55,0.0060870247,-0.019290252,-0.0047512637,0.029887155,-0.45004457,-0.01121541,0.11057094,0.1746796,0.24550392,-0.055278726,0.017624581,0.15094708,-0.028642504,-0.036624357,0.71232015,0.14846398,0.23755269,-0.03490654,0.037427656
5144-TVGLP,0,0.5262323,1,1,1,0,0,38,1,2,1,0,0,0,0,2,2,0,0,2,94.75,3653.0,0.016439265,0.21607423,0.0029834802,0.019545933,-0.35340622,-0.015933113,0.15558532,0.14239632,0.20855479,0.11076006,0.004308399,0.11771226,0.050731048,0.08455636,0.5774878,-0.18594486,0.13866113,0.30118737,-0.43744865
3569-EDBPQ,0,0.28534982,0,0,0,0,0,24,1,2,1,2,0,0,2,0,0,0,1,2,84.35,1938.05,0.027059078,-0.020955317,-0.0039645005,0.02644884,-0.25458813,-0.004328624,0.11223859,0.0949112,-0.43286467,0.08164154,0.0058033178,-0.35067,-0.015754849,-0.021624275,0.6832301,0.09016018,0.18644916,0.12752265,-0.1995662
4945-RVMTE,0,0.14678282,0,0,0,0,0,28,1,0,0,0,0,2,0,2,0,0,1,0,59.55,1646.45,0.035892468,-0.025665063,-0.0016734153,0.0075022015,-0.47507083,-0.07312076,-0.10688298,-0.41284984,0.12603025,0.046762258,-0.023373518,0.12768833,0.04887111,-0.028580695,0.59685886,0.08330725,-0.1790915,-0.2954128,-0.16202626
3511-BFTJW,0,0.005289685,0,1,0,1,1,72,0,1,0,2,2,2,0,0,0,2,0,1,38.5,2763.0,0.007273918,-0.027956529,0.012803501,-0.07430727,-1.4950621,0.3652049,0.07077893,-0.0904675,-0.4494038,-0.096870795,-0.008025455,0.17438166,-0.10084894,-0.07185267,-1.7609375,-0.07431034,-0.178784,-0.23449652,-0.1545856
5537-UXXVS,0,0.079658195,0,0,0,1,0,20,1,0,2,1,1,1,1,1,1,0,0,0,19.25,375.25,0.04658893,-0.030535072,0.032438926,0.019216279,-0.1748053,-0.008203724,-0.1756788,0.061416592,-0.3120219,-0.07052632,-0.003516242,-0.25002044,-0.010486327,-0.03999851,0.5598967,-0.17049551,-0.07643982,-0.68075985,-0.11384463
8782-NUUOL,0,0.0336092,0,1,0,0,0,60,1,0,0,2,0,2,2,2,2,1,0,3,79.0,4801.1,0.06147779,-0.04195929,0.031221293,0.0047835275,-0.80653006,-0.013981567,-0.084662825,-0.12999108,-0.23512127,0.05685396,0.037431415,-0.16776402,0.041356195,0.12476414,-0.2761104,-0.18950218,-0.2843211,-0.04587697,-0.39161077
2865-TCHJW,1,0.7856457,1,0,1,0,0,4,1,2,1,0,0,2,0,2,0,0,1,2,89.2,346.2,-0.011901752,0.119258985,0.001692083,0.026501996,0.40371287,-0.0149285495,0.23595555,0.16846406,0.31365097,0.062315382,0.0077585103,0.09084442,0.032878183,-0.05749751,0.86535895,0.10348089,0.052443914,0.03257103,-0.084459454
9931-KGHOA,0,0.1467313,0,0,0,1,0,46,1,2,0,2,0,0,0,0,0,0,0,0,55.0,2473.95,0.010825699,-0.035856932,-0.05448232,0.010373776,-0.44669113,-0.038159635,0.041410666,-0.28521574,-0.21003567,0.052112464,0.0093658725,0.14994785,-0.041617572,-0.047623407,0.616516,-0.17942074,-0.15328294,-0.17225046,0.06283797
3071-MVJCD,0,0.00207612,0,1,0,1,1,72,1,2,0,2,2,2,2,2,0,2,0,0,82.3,5815.15,0.009373055,-0.05105075,0.0067518963,-0.038102873,-1.7835777,-0.03768515,0.058234807,-0.116394185,-0.41880652,-0.124814406,-0.036172286,-0.1844483,0.03128901,-0.00430521,-1.7613666,-0.108816884,-0.05833804,-0.30530617,-0.20241329
7279-BUYWN,1,0.6123166,1,0,1,0,0,41,1,2,1,2,2,2,0,2,2,0,1,2,113.2,4689.5,-0.010989081,0.22397026,-0.0020545446,0.037074227,0.20462209,-0.012827812,0.07080477,0.094407454,-0.38419124,-0.06826839,0.0031966325,0.034785137,0.040541593,0.0333737,0.52216226,0.09756888,0.0930366,0.5698748,-0.040801164
3756-VNWDH,0,0.14575781,0,1,1,1,0,65,1,2,1,2,0,0,0,2,2,1,1,2,100.75,6674.65,0.060213476,0.062504575,0.003279239,0.030429797,-0.48648527,-0.022566302,0.09419626,0.04562741,-0.3211891,0.082448885,-0.019826598,0.099033944,0.04481252,0.14547683,-0.6319469,0.0859277,0.14688608,0.46620318,-0.60406876
1395-OFUWC,0,0.22661379,0,1,0,1,1,43,0,1,0,0,2,0,0,0,0,0,0,1,29.3,1224.05,-0.005923991,-0.036219496,0.027372247,-0.117584415,-0.29626545,0.1500213,0.102653764,-0.25220147,0.18046363,-0.036046404,0.0005276026,0.14848347,-0.02905615,-0.02847955,0.5679688,-0.13222276,-0.107107304,-0.40513092,0.090441205
4223-BKEOR,0,0.061615195,0,0,0,0,1,21,1,0,0,2,0,2,0,0,2,1,0,3,64.85,1336.8,-0.039728757,-0.03486267,-0.029219255,-0.027576122,-0.055428796,-0.019912202,-0.07676512,-0.12552664,-0.17066604,0.02744623,0.07141701,0.07536104,-0.035835415,0.123272866,-0.6153482,-0.14251778,-0.112844124,-0.38495234,-0.10033986
0040-HALCW,0,0.01676714,0,1,0,1,1,54,1,0,2,1,1,1,1,1,1,2,0,1,20.4,1090.6,0.042957753,-0.049656168,0.0018679784,-0.09335764,-0.17117243,-0.0076484615,-0.20562238,0.044321213,-0.26098305,-0.10767783,-0.016785722,-0.19185194,-0.0034919106,-0.08093634,-1.5468882,-0.110398635,-0.078562945,-0.619131,0.43281943
7124-UGSUR,1,0.20573299,0,0,1,1,0,61,1,2,1,0,2,2,0,2,2,1,1,1,104.4,6405.0,-0.07695914,0.04027916,-0.050281532,0.03946601,-0.75604004,-0.009093589,0.08027663,0.059746493,0.18524577,-0.08378381,-0.001563956,0.08151093,0.057744823,0.14370942,-0.7377917,0.066336215,-0.047497515,0.63326925,0.073811114
7395-XWZOY,0,0.24310513,0,1,0,0,0,20,0,1,0,2,2,2,2,2,0,0,1,1,55.0,1165.55,0.0031843558,-0.033343993,-0.009130739,0.035162732,-0.16475976,-0.009775681,0.12360793,-0.095165834,-0.2364393,-0.10003162,-0.005661617,-0.44936734,0.024443956,-0.023349943,0.59872687,0.12741292,-0.060799427,-0.16941527,0.35819623
5440-VHLUL,0,0.39001623,0,1,0,0,0,69,1,2,1,0,2,0,2,2,2,1,1,0,105.2,7386.05,0.1840293,-0.0117749665,0.033994798,0.058121417,-0.27062058,-0.0029031457,0.06798188,0.06670857,0.19207336,-0.09481391,0.003749166,-0.17771353,0.02572639,0.19624732,-0.4557542,0.068303205,-0.054404326,0.6047806,0.16825055
4706-DGAHW,0,0.63947535,1,1,1,0,0,1,1,0,0,0,0,0,0,0,0,0,0,2,45.2,45.2,-0.021770643,0.24988472,-0.00038325932,0.010926573,0.72796404,-0.037946366,-0.14109595,-0.27756223,0.17982161,0.08444052,0.005560032,0.16341512,-0.017317224,-0.05767504,0.73900855,-0.18624114,0.13598166,-0.17178573,0.237088
8166-ORCHU,0,0.18736137,0,1,1,1,0,33,1,0,1,2,2,0,2,0,2,1,1,2,93.55,3055.5,-0.023454271,0.10140597,0.0044010743,0.031609096,-0.106602125,-0.0142989205,-0.0878307,0.049586285,-0.21604583,-0.06280412,0.011519661,-0.17244095,-0.07007396,0.119015455,-0.39075187,0.06464902,0.08611867,0.32997906,-0.07200372
3978-YNKDD,0,0.010427752,0,1,0,0,1,19,1,0,2,1,1,1,1,1,1,2,0,1,20.85,467.5,-0.015906777,-0.03695372,0.009565643,-0.062886976,-0.12529276,-0.0061009275,-0.19683868,0.02909093,-0.309474,-0.084542245,-0.010004996,-0.16162838,-0.010954588,-0.08218982,-1.726005,-0.098252006,-0.06720104,-0.5034317,-0.044570275
7198-GLXTC,1,0.73308796,1,1,0,0,0,2,1,0,1,0,0,0,0,2,0,0,0,2,79.0,143.65,-0.0067249024,-0.010809198,-0.005956471,0.010129777,0.5065258,-0.008729295,-0.13455008,0.13083217,0.28041852,0.10583989,0.007412879,0.14223206,0.017750379,0.023997145,0.8063271,-0.25829425,0.17675473,0.31948155,-0.043065988
6366-XIVKZ,0,0.17887841,0,0,0,1,1,13,1,0,0,2,0,2,0,0,2,0,1,3,63.15,816.8,0.033709403,-0.04306414,0.006827534,-0.056358315,-0.068194345,-0.04417228,-0.1027541,-0.25099537,-0.29812342,0.054395474,0.04846934,0.09379392,-0.038406834,0.060688138,0.59279037,0.08654268,-0.17650521,-0.36055237,-0.01283066
5133-POWUA,0,0.58567756,1,1,0,0,0,1,1,0,0,0,0,0,0,0,0,0,1,3,45.8,45.8,-0.006931063,-0.048694003,0.00063671754,0.011807633,0.80748665,-0.041338757,-0.13434193,-0.28398585,0.24366435,0.043269765,-0.008911349,0.15773551,-0.025163203,-0.022455864,0.7124329,0.10211412,-0.1306367,-0.26316965,0.2818313
8400-WZICQ,0,0.15903893,0,0,0,1,1,55,1,0,0,2,2,0,0,0,0,0,0,2,55.7,3131.8,0.019551456,-0.029038176,0.0044433284,-0.070224985,-0.6085631,-0.052230753,-0.04719298,-0.23641185,-0.22285135,-0.10730853,0.0038454242,0.16398138,-0.013632701,-0.018880762,0.57405365,-0.18075341,0.1354667,-0.118473314,0.18804874
5382-SOYZL,0,0.6745951,1,1,0,0,0,22,1,2,1,0,0,0,0,2,2,0,1,2,95.1,2162.6,0.008598472,-0.01935695,0.030490754,0.024464054,-0.24136823,-0.011650562,0.18248434,0.16206218,0.09896029,0.061199643,0.0068170177,0.16294123,0.06588567,0.03584378,0.65423733,0.14834215,0.16868336,0.3097329,-0.0700995
1989-PRJHP,1,0.46980852,0,1,1,1,0,27,1,2,1,0,0,0,0,0,0,0,1,2,75.5,1893.95,0.013181175,0.1089664,0.047342096,0.023879895,-0.42140687,-0.01943337,0.14811377,0.16887775,0.2086787,0.03859916,0.017900366,0.18731594,-0.03478211,-0.0324423,0.6921388,0.10570378,0.2376582,-0.27237818,-0.28960052
4154-AQUGT,1,0.46263158,0,1,1,1,0,13,1,0,1,0,2,0,2,0,2,0,1,0,89.05,1169.35,-0.019409146,0.18631612,0.0047740797,0.024404462,0.06104906,-0.011712451,-0.17047745,0.10191379,0.22170877,-0.084322095,0.018145448,-0.24972816,-0.048003726,0.028137118,0.6180018,0.08121204,-0.23052646,0.13191843,0.23607118
0980-FEXWF,0,0.07383462,0,1,0,1,1,26,1,0,0,0,0,2,0,0,0,1,0,3,50.35,1285.8,0.017308826,-0.024105603,0.010377005,-0.020939872,-0.4284084,-0.022975171,-0.08393182,-0.20466933,0.42542621,0.010782143,0.053295445,0.10584697,-0.04263402,-0.10558251,-0.57466274,-0.1592763,0.101847306,-0.3097125,-0.22798517
5845-BZZIB,0,0.006732354,0,1,0,1,1,35,1,0,2,1,1,1,1,1,1,2,0,3,20.1,655.3,-0.01797309,-0.045554172,0.0042359773,-0.082549974,-0.4224446,-0.008842096,-0.19402787,0.04805259,-0.29712677,-0.09741549,-0.009612612,-0.16775136,-0.0318618,-0.092270374,-1.5938027,-0.10267652,-0.21758613,-0.60337794,-0.012264453
4840-ORQXB,0,0.47342986,0,0,1,0,0,56,1,2,1,0,2,2,0,2,2,0,0,2,104.75,5841.35,-0.04635307,0.1460973,-0.009229808,0.030235095,-0.49239498,-0.01972414,0.13269107,0.15506478,0.19252175,-0.116839774,0.002324929,0.14283058,0.039992783,0.049259365,0.5450314,-0.24689154,0.14342676,0.5680207,-0.27321836
0295-PPHDO,1,0.9356659,1,1,0,0,0,1,1,2,1,0,0,0,0,2,2,0,1,2,95.45,95.45,0.0019795464,-0.04494844,0.031592906,0.029242106,0.9174457,-0.02272031,0.26370347,0.18107346,0.23050153,0.0788037,0.005667925,0.17155908,0.037484884,0.07434857,0.83613753,0.15620284,0.103316195,0.51986486,0.15514053
8775-ERLNB,0,0.8072244,1,1,1,1,0,1,1,2,1,0,0,0,0,0,0,0,0,2,74.3,74.3,0.014451045,0.15416832,0.0064309454,0.017241571,0.8280873,-0.01259546,0.1381697,0.18414567,0.22593847,0.078690305,0.0031571148,0.21052995,-0.02542534,-0.06713304,0.8801168,-0.30995664,0.11945879,-0.1299974,0.16582164
0376-YMCJC,1,0.42309704,0,1,0,0,0,23,1,2,1,0,0,0,2,2,0,0,1,2,90.6,1943.2,-0.02352483,-0.017718844,0.0013282732,0.028587364,-0.3651847,-0.0057212464,0.15211256,0.13336816,0.2335215,0.06260489,0.006711603,-0.41930464,0.053783655,-0.021264063,0.6697597,0.11209943,0.19439118,0.18159278,-0.23798974
7410-YTJIK,1,0.39186454,0,0,0,0,0,7,1,2,1,0,0,0,0,0,0,0,0,3,75.45,480.75,-0.016736507,-0.032211777,-0.05183247,0.020040765,0.31842318,-0.007678001,0.09591669,0.16719264,0.27295524,0.08323031,-0.012484919,0.11365608,-0.0505244,-0.04590533,0.7428075,-0.3605688,-0.12684998,-0.37337545,-0.12631048
9927-DSWDF,0,0.61349815,1,1,0,1,0,22,1,0,1,2,2,0,2,2,2,0,1,2,104.6,2180.55,-0.0674099,-0.015044486,0.015646027,0.017066635,0.10505858,-0.016213207,-0.14751996,0.078805275,-0.08131623,-0.08069903,0.011384366,-0.30088124,0.04195015,0.009069389,0.60601544,0.077493794,0.11069444,0.97460496,0.17256191
6681-ZSEXG,0,0.018881079,0,1,0,1,0,56,1,2,0,0,2,2,0,0,0,2,0,1,59.5,3389.25,-0.006390998,-0.052213274,-0.0006122354,0.03962944,-0.26517078,-0.026549807,0.064931564,-0.1535925,0.21861124,-0.07681306,-0.0071385982,0.14879656,-0.0683008,-0.04837945,-1.750675,-0.1159332,-0.13253863,-0.4090879,-0.25987965
5702-KVQRD,0,0.005950694,0,1,0,1,0,71,1,0,0,2,0,2,2,2,2,2,1,2,82.55,5832.65,0.023889793,-0.029584447,0.0061730347,0.008442271,-1.3616428,-0.051486645,-0.16229187,-0.14059725,-0.46241504,0.33091086,-0.039929405,-0.17766702,0.014094831,0.018936863,-1.5105852,0.050514977,0.049832124,-0.5118945,-0.12375283
8711-LOBKY,0,0.010071695,0,1,0,1,1,59,1,0,2,1,1,1,1,1,1,2,0,3,19.85,1188.25,0.051597282,-0.05422222,0.009018922,-0.105009,-0.27821198,-0.008299123,-0.16536632,0.04844762,-0.29910845,-0.08426802,-0.0065486236,-0.18293302,-0.07696608,-0.080458544,-1.7459917,-0.1139897,-0.26664618,-0.4372771,0.25755545
9692-TUSXH,1,0.72583216,1,0,0,0,0,18,1,0,1,2,0,0,0,2,2,0,1,2,96.05,1740.7,0.03525794,-0.016314145,0.030290214,0.011185169,-0.002947514,-0.006720092,-0.15360852,0.11704051,-0.06303619,0.09352499,0.012288924,0.11046818,0.06228051,0.0012722653,0.746785,0.131594,0.111594126,0.86733276,-0.065484166
4012-YCFAI,0,0.010386393,0,1,0,1,0,60,1,0,0,2,2,0,2,0,0,2,1,3,61.35,3766.2,0.021789972,-0.06157105,-0.027570512,0.041790076,-0.5101159,-0.031237405,-0.04114881,-0.11738836,-0.21579024,-0.08540486,0.013755359,-0.1659971,-0.122035354,0.037978254,-1.5754229,0.03729696,-0.12112596,-0.30251238,-0.28288168
8455-HIRAQ,0,0.27318045,0,0,0,0,0,8,1,0,0,0,0,0,0,0,0,0,0,3,44.45,369.3,0.009422449,-0.036048494,-0.00093985995,0.01080691,0.33155772,-0.017278016,-0.08783626,-0.25940865,0.2318832,0.08624,-0.012811038,0.07985282,-0.045724683,-0.030040076,0.579421,-0.23599161,-0.110837474,-0.26803023,-0.15355779
7853-WNZSY,0,0.29685855,0,1,0,0,0,1,1,0,2,1,1,1,1,1,1,0,1,1,19.75,19.75,-0.03978949,-0.058577303,-0.020800248,0.0148945125,0.67963624,-0.0180138,-0.19861472,0.044990968,-0.43591914,-0.047248237,-0.00092223834,-0.34215182,-0.0045616757,-0.0056099882,0.7774761,0.12628324,-0.29476392,-0.12490364,0.13551843
0390-DCFDQ,1,0.7938298,1,0,1,1,0,1,1,0,1,0,0,0,0,0,0,0,1,3,70.45,70.45,0.008877047,0.195667,0.005099237,0.011250394,0.8704714,-0.01296105,-0.13383643,0.16907516,0.20318356,0.033498496,-0.0067227157,0.18915349,-0.023682425,-0.035108246,0.8588177,0.08884347,0.00016798382,-0.23275067,0.208349
6421-SZVEM,0,0.12954684,0,0,0,1,1,28,1,0,1,2,0,0,0,0,2,1,1,0,82.85,2320.8,0.003940091,-0.010949933,0.021887824,-0.043623134,-0.17422917,-0.010284241,-0.036131915,0.06157122,-0.17936546,0.054921024,0.01201123,0.0742767,-0.027730035,0.18261297,-0.8110117,0.055246614,-0.08159875,0.04207715,0.01063338
3094-JOJAI,0,0.2248303,0,1,0,0,0,18,1,2,1,0,0,0,0,0,0,0,0,3,74.15,1387.0,0.0016496809,-0.045424543,-0.033508334,0.01001408,-0.3154858,-0.006134102,0.05007126,0.14864802,0.2172046,0.054567646,-0.007418464,0.14156553,-0.045560714,-0.04709855,0.61547816,-0.31474295,-0.22371623,-0.20465842,-0.1839615
4873-ILOLJ,1,0.5130851,1,1,0,0,0,24,1,0,1,0,0,0,0,2,2,0,1,2,90.35,2238.5,0.0021022267,-0.014495092,-1.1800192e-05,0.013378974,-0.34386954,-0.011650562,-0.24488276,0.15585418,0.21519832,0.05445911,0.013114353,0.1576681,0.050607838,0.008348351,0.66892934,0.103099816,0.16946872,0.081419654,0.022838501
8181-YHCMF,0,0.008729146,0,0,0,1,1,68,0,1,0,0,2,2,2,2,2,2,0,1,60.3,4109.0,-0.016765486,-0.026356772,0.011174913,-0.114990234,-0.54523754,0.0687553,0.10723747,-0.10113425,0.16745839,-0.11280264,0.004956928,-0.25375193,0.024422482,-0.023816397,-1.7701764,-0.10862951,-0.110412575,-0.4561513,-0.42687485
3324-OIRTO,0,0.063265555,0,1,0,1,1,71,1,0,1,2,2,2,0,2,2,1,1,0,104.65,7288.4,0.13304023,-0.0069040637,0.01727944,-0.15309864,-1.3660393,-0.021844897,-0.10705819,0.055576798,-0.26029173,-0.056452338,-0.021345044,0.076574616,0.025703257,0.17338678,-0.7122986,0.07403721,0.0120683275,0.4932147,-0.0013811116
9135-HSWOC,0,0.009302974,0,1,0,1,1,64,1,0,2,1,1,1,1,1,1,2,1,0,19.7,1274.05,0.00032636896,-0.0349081,0.020359404,-0.079069495,-0.6029316,0.0029555499,-0.17407498,0.045910794,-0.25811312,-0.1185509,0.0027544657,-0.19847256,-0.06325884,-0.06711689,-1.6987872,0.032738745,-0.25060314,-0.17654951,-0.0014580633
2272-WUSPA,0,0.005008585,0,0,0,1,0,72,1,2,1,2,2,2,0,2,2,2,1,2,110.75,7751.7,-0.17257354,-0.012803766,0.0011985791,0.026604993,-1.654896,-0.03821318,0.086804174,0.053917803,-0.56897664,-0.08393265,0.0010861635,0.11179101,0.03200055,0.02858087,-2.0634186,0.06850209,0.047701456,0.08582626,-0.19155245
4627-MIHJH,0,0.25892732,0,0,1,0,0,69,1,2,1,2,0,2,2,2,2,2,0,1,110.25,7467.55,-0.1720913,0.10179831,0.15570712,0.03768591,-0.19087099,-0.0041841744,0.09026109,0.035286974,-0.20372479,0.30391726,-0.0018344234,-0.043478094,0.017759778,0.059844825,-1.1273572,-0.13468489,-0.094516434,0.88447845,0.2836768
3896-RCYYE,0,0.07075934,0,0,0,0,0,67,0,1,0,0,0,2,2,2,2,0,1,1,53.4,3579.15,-0.008368345,-0.0133458655,-0.008064313,0.02326797,-0.92229843,0.11667741,0.15767555,-0.22180371,0.18736237,0.050866414,-0.006406435,-0.3937029,0.04840927,0.03872498,0.47678915,0.053590365,-0.16753621,-0.34413573,-0.59355915
6729-GDNGC,0,0.25028816,0,0,1,0,0,20,1,0,1,0,0,0,0,2,0,0,0,0,80.7,1614.2,0.0041763065,0.13209353,-0.004628222,0.008300565,-0.3178294,-0.015683189,-0.1195358,0.13527267,0.13419294,0.072263286,0.017918253,0.10394835,0.032759406,-0.07236408,0.694584,-0.22457092,-0.20111462,-0.12426312,-0.30337092
9945-PSVIP,0,0.0068076504,0,0,0,1,1,25,1,0,2,1,1,1,1,1,1,2,1,3,18.7,383.65,0.017368555,-0.04280098,0.0041216942,-0.092537776,-0.3981938,0.00059362384,-0.16941993,0.046783283,-0.30082273,-0.09583086,-0.020031383,-0.1802623,-0.031051522,-0.0698288,-1.6249915,0.303877,-0.14879775,-1.1176946,-0.014132328
4137-JOPHL,0,0.015481756,0,0,0,0,0,50,1,0,1,0,0,2,2,0,2,2,1,0,89.7,4304.5,-0.006648467,-0.05008764,0.010854339,0.018168833,-0.37881458,-0.005282537,-0.12240946,0.052840374,0.18859795,0.18166372,-0.024811404,-0.16559744,-0.015601763,0.02812624,-1.9808092,0.04097472,-0.13720818,-0.31668746,-0.42053127
2720-FVBQP,0,0.51950306,1,0,0,1,1,6,1,2,0,0,0,0,0,0,0,0,1,1,48.95,273.25,-0.0033744948,-0.014374572,0.002324223,-0.103569165,0.6254906,-0.0048880475,0.18653831,-0.28086677,0.25055802,0.059226785,0.007946953,0.108673,-0.031654123,-0.061298393,0.67644995,0.10272705,-0.047140043,-0.19491628,-0.15057543
7854-EKTJL,1,0.1732423,0,0,0,0,1,2,1,0,2,1,1,1,1,1,1,0,1,2,19.6,35.85,0.047143176,-0.05273183,-0.010082618,-0.07445987,0.36487457,-0.011619812,-0.18287332,0.037206206,-0.5590408,-0.09258719,-0.0071316315,-0.36840466,-0.0029414925,-0.039627917,0.68025076,0.10829078,0.16632529,-0.4781586,-0.03802629
1133-KXCGE,0,0.017548392,0,0,0,0,0,18,1,0,2,1,1,1,1,1,1,1,0,3,20.1,407.05,0.01521574,-0.03515195,-0.0037359777,0.009204983,-0.023863904,-0.0054142834,-0.1483678,0.033990923,-0.33213463,-0.039680365,-0.021546809,-0.12825659,-0.028424775,-0.1818203,-0.86080074,-0.13693155,-0.31918204,-0.61650103,-0.15246284
6048-QBXKL,0,0.57295847,1,0,1,0,0,2,1,2,0,0,2,0,0,0,0,0,1,1,56.55,118.25,-0.0013859033,0.21141705,0.00023477705,0.024511911,0.6735804,-0.022326006,0.21337375,-0.28482747,0.17383969,-0.0907519,0.006638948,0.122327924,-0.017124398,-0.047982775,0.71394956,0.14589761,-0.0898216,-0.39317435,0.004780546
6338-AVWCY,1,0.6648303,1,1,0,0,0,3,0,1,0,0,0,2,0,2,0,0,1,3,40.15,130.75,0.008848909,-0.0484084,-0.0076606637,0.052297045,0.57134694,0.09831734,0.16122486,-0.23081034,0.25100103,0.059857283,0.10726686,0.14030373,0.078097604,-0.062972575,0.69033396,0.14152586,0.0058497516,-0.2923419,0.010042996
0013-MHZWF,0,0.26819393,0,0,0,0,1,9,1,0,0,0,0,0,2,2,2,0,1,1,69.4,571.45,0.075083524,-0.0093948115,-0.001868509,-0.0789884,0.3556915,-0.010519746,-0.10222261,-0.2330122,0.1778404,0.07181847,0.015450352,-0.25265378,0.024239141,0.02667821,0.5824516,0.07543937,-0.16802812,-0.30315688,-0.19942725
9804-ICWBG,1,0.83906245,1,1,0,0,0,1,1,0,1,0,0,0,0,0,0,0,1,2,69.9,69.9,-0.0058266176,-0.016828073,-0.0021083006,0.01673871,0.8028911,-0.020666573,-0.15616888,0.17111318,0.2648423,0.051000945,0.007412879,0.23212203,-0.017399482,-0.010332179,0.88242424,0.098059215,0.1569009,-0.048938304,0.29525667
2368-GAKKQ,0,0.08832413,0,0,0,0,0,70,1,2,1,2,2,2,2,2,2,2,1,0,113.65,7939.25,-0.13096273,-0.01025498,0.09102411,0.034385823,-0.10355076,-0.0023446823,0.043140702,0.04654371,-0.2114271,-0.14576912,0.0036775316,-0.112431176,0.025949843,0.028750414,-1.5547098,0.047632694,0.09869141,0.62334067,-0.05673345
4829-AUOAX,1,0.38156703,0,0,0,0,0,46,1,2,1,0,0,0,0,2,2,0,0,0,96.05,4399.5,-0.008863293,-0.05330072,0.016609382,0.0148808,-0.45312366,-0.008998265,0.13382623,0.14246835,0.16847248,0.09321835,0.014380126,0.12403387,0.06188559,0.04648904,0.6261836,-0.3402523,-0.15220131,0.42280105,-0.2821859
7876-BEUTG,0,0.28595012,0,0,0,0,0,15,1,2,0,0,0,0,0,0,0,0,1,3,48.8,720.1,-0.0009374191,-0.04300511,-0.001069379,0.029316848,-0.011151891,-0.057570294,0.14499396,-0.33012325,0.21899961,0.046709348,-0.004692124,0.0855343,-0.049728785,-0.061796024,0.54142314,0.13312355,-0.29089814,-0.2556526,0.040614586
6349-JDHQP,0,0.01980818,0,0,0,0,0,53,1,0,2,1,1,1,1,1,1,2,0,1,19.85,1049.6,-0.027205236,-0.055254716,0.0035757807,0.032968827,-0.11973972,-0.005760597,-0.17305608,0.04478224,-0.25746596,-0.094349,-0.009644877,-0.17430834,-0.005828472,-0.07613618,-1.6582334,-0.12376308,-0.09178762,-0.43884873,0.3776273
3063-QFSZL,1,0.7189815,1,0,0,0,0,1,1,0,0,0,0,0,0,0,2,0,1,2,55.4,55.4,0.016803429,-0.036329284,0.021780027,0.011796712,0.787453,-0.024448048,-0.16391088,-0.21000664,0.21754365,0.0563896,0.0072704544,0.14513804,-0.01710365,0.020754404,0.74667406,0.10142328,0.12814762,-0.09275297,0.27201805
9142-XMYJH,0,0.11752776,0,0,0,0,0,29,1,0,2,1,1,1,1,1,1,0,0,1,19.35,601.6,0.04864505,-0.035051625,-0.011242071,0.020507356,-0.26543388,-0.009497097,-0.20042816,0.06497634,-0.34323183,-0.069220215,-0.009115932,-0.23241618,-0.013470515,-0.049371753,0.57483375,-0.19488788,-0.1532274,-0.06209442,-0.027101377
2609-IAICY,1,0.93171567,1,0,0,0,0,1,1,2,1,0,0,0,0,0,0,0,1,2,77.15,77.15,-0.013813011,-0.022988852,-0.0015259765,0.029480997,0.94168174,-0.019009862,0.14345682,0.17914183,0.29952636,0.052855738,0.0047135474,0.20423476,-0.014371942,-0.00024162722,0.9589367,0.1291541,0.15297548,0.39084262,0.24752419
8626-PTQGE,0,0.008954654,0,1,0,0,0,69,0,1,0,2,2,0,2,2,2,2,1,0,60.05,4176.7,0.012484841,-0.028129095,-0.001957775,0.035955444,-0.46354422,0.09537794,0.060627118,-0.083332494,-0.20961596,-0.11017329,0.007563321,-0.19826128,0.029114345,-0.038017184,-1.7049958,0.054076415,-0.11593764,-0.50290394,-0.49569282
0230-UBYPQ,0,0.02008614,0,1,1,1,0,63,0,1,0,2,0,0,2,0,0,1,0,0,36.1,2298.9,0.014959321,0.1471363,0.009029098,0.026378227,-0.93432504,0.14113215,0.03936284,-0.09642017,-0.17209627,0.038881067,0.0013864089,-0.20764317,-0.072602734,-0.15813163,-0.8008813,-0.0986625,-0.4460581,-0.23297964,-0.036674626
6814-ZPWFQ,0,0.041071936,0,1,1,0,0,51,1,2,2,1,1,1,1,1,1,1,0,0,25.0,1260.7,0.017133486,0.1621309,-0.006802763,0.023974882,-0.21333587,-0.0061339904,0.06388211,0.050742704,-0.22021697,-0.039006487,-0.012894759,-0.20997985,-0.008657109,-0.17360501,-0.7550439,-0.07892594,-0.11506926,-0.55491537,-0.024542648
5921-NGYRH,0,0.06185646,0,1,0,1,0,64,1,0,1,2,0,0,0,0,0,0,1,3,73.55,4764.0,0.020661222,-0.041372526,-0.0041741487,0.0015057576,-1.0780967,-0.024610605,-0.06754638,0.11263354,-0.3954944,0.065919034,0.016314035,0.16941692,-0.09006225,0.0025614598,0.5512852,0.043348867,-0.4561248,-0.12302677,-0.3729994
7803-XOCCZ,0,0.11017069,0,0,0,1,1,52,1,0,1,2,0,2,2,0,0,0,1,0,84.05,4326.8,0.02097293,-0.043524366,0.007928507,-0.0937406,-0.73483676,-0.002250847,-0.133634,0.10955257,-0.28455204,0.10001819,-0.021544412,-0.3797811,-0.0020288588,-0.040856738,0.5909315,0.03673035,-0.06530411,0.13624685,-0.24010089
1459-QNFQT,0,0.016353177,0,1,0,1,1,70,0,1,0,2,0,2,2,2,2,2,0,0,59.5,4144.8,0.011165574,-0.0185908,0.009189207,-0.08837062,-0.23579088,0.066457815,0.07141248,-0.09714024,-0.17755629,0.19663872,-0.0024772242,-0.22718585,0.017559938,0.035515223,-1.5310825,-0.092540815,-0.0935551,-0.46512386,-0.42614418
3948-FVVRP,0,0.20137641,0,1,0,1,1,9,1,0,0,0,2,0,2,0,0,0,0,3,54.8,452.8,-0.046858948,-0.021166597,0.0049294415,-0.06586577,0.33100137,-0.017319245,-0.060706105,-0.21882467,0.23074713,-0.13276103,-0.0109313205,-0.21054542,-0.024894375,-0.007436715,0.57022566,-0.19638832,-0.0789873,-0.20319884,-0.16950777
0923-PNFUB,1,0.5305535,1,0,0,0,0,3,1,0,1,0,2,0,0,2,0,0,0,2,83.75,247.25,0.00885674,-0.01865767,-0.004894318,0.015859889,0.36960828,-0.00878011,-0.13902906,0.16681111,0.2859005,-0.16335803,0.0071379086,0.049861737,0.010018502,-0.021952268,0.7816548,-0.29984528,0.10082152,0.20388447,-0.17230645
4654-ULTTN,0,0.16034825,0,1,0,1,0,70,1,2,0,2,0,2,2,0,2,2,1,1,74.8,5315.8,0.0021175412,-0.02893732,0.0025356724,0.03457733,0.13498585,-0.014050094,0.1335032,-0.1330735,-0.20762725,0.42694286,-0.0031833127,-0.15399756,-0.024658237,0.03452875,-1.0433416,0.057744082,-0.05534977,-0.23818368,0.46905318
5628-FCGYG,0,0.5788037,1,1,0,0,0,21,1,2,1,0,0,0,0,0,2,0,1,2,84.1,1737.45,0.0127722155,-0.020699428,-0.013848283,0.023454161,-0.2388664,-0.0072929664,0.16745372,0.16711655,0.21229263,0.046102755,0.0068536904,0.16724896,-0.018021394,0.027589802,0.7019347,0.13647483,0.21388943,0.09219994,-0.30956468
0506-LVNGN,1,0.5012987,1,0,1,0,0,5,1,0,1,0,0,2,0,0,0,0,1,1,75.55,349.65,0.008934139,0.08203032,-0.050357245,0.01288074,0.52148163,-0.010998711,-0.18993752,0.14662611,0.22888507,0.040621337,-0.00541712,0.13862415,-0.017681351,-0.037871726,0.7818361,0.10711643,-0.16526972,-0.33672398,-0.2003583
4329-YPDDQ,0,0.38630313,0,1,0,0,0,20,1,0,1,2,2,2,2,2,2,0,1,0,108.2,2203.7,-0.092650525,-0.018800342,0.012532808,0.01246768,0.0051039755,-0.009796512,-0.11771991,0.070744075,-0.12715502,-0.073417604,-0.0129122585,-0.24927342,0.041502576,0.0298205,0.53284454,0.07882748,-0.1636603,0.67914134,-0.011252083
9866-OCCKE,0,0.014389543,0,0,1,1,0,72,1,2,1,2,0,2,2,2,2,2,1,3,109.75,8075.35,-0.12734936,0.11099957,-0.02650652,0.044440113,-1.54211,-0.036453858,0.08461524,0.034973547,-0.43588248,0.16858107,0.012280083,-0.12362995,0.025817066,0.04643671,-1.8997896,0.05357574,-0.033993427,0.5361992,-0.069735736
0794-YVSGE,0,0.002336445,0,1,0,1,1,72,1,0,2,1,1,1,1,1,1,2,0,0,20.3,1401.15,0.012645364,-0.03321648,0.049111754,-0.046810616,-1.6280209,-0.030813513,-0.09793817,0.050757945,-0.40784812,-0.08397956,-0.021993203,-0.20044273,-0.07949601,-0.077516414,-1.6451061,-0.13119522,-0.021302184,-0.52880853,-0.085585445
4342-HENTK,1,0.6082791,1,0,1,0,0,2,1,0,1,0,0,0,0,0,0,0,1,2,70.65,142.35,0.006746207,0.09019689,-0.0021123304,0.013029526,0.42757094,-0.013575621,-0.17702578,0.12858579,0.20590746,0.04980447,0.0049904697,0.13959658,-0.017681351,-0.024915317,0.7802361,0.09522219,0.12032424,-0.23435645,-0.10323421
5934-TSSAU,0,0.2770511,0,0,0,1,1,23,1,0,1,0,0,2,0,0,0,0,1,1,75.3,1702.9,0.011645193,-0.013308157,0.008266831,-0.048789185,-0.36058736,-0.017455287,-0.14374347,0.13756333,0.15832016,0.036924783,-0.014138292,0.17218369,-0.030378431,-0.020933252,0.69290835,0.09371989,-0.21896875,-0.120912254,-0.23222882
9986-BONCE,1,0.1206474,0,0,0,0,0,4,1,0,2,1,1,1,1,1,1,0,0,0,20.95,85.5,0.050174393,-0.033767477,-0.0046944264,0.014911554,0.3129053,-0.011203783,-0.16207501,0.04318971,-0.5194906,-0.0843282,-0.0013552269,-0.3008779,-0.0048844093,-0.036251307,0.59664595,-0.16263944,-0.023687279,-0.48643005,-0.123230666
5301-GAUUY,1,0.38531464,0,1,0,0,0,32,1,2,1,0,2,0,0,0,0,0,1,0,80.35,2596.15,-0.01938541,-0.015269617,-0.0046185963,0.024159983,-0.5109281,-0.00985629,0.10256611,0.15435736,0.18877898,-0.049925018,0.024888536,0.14675204,-0.028052663,-0.051466722,0.7567461,0.12545286,-0.242202,-0.025937155,0.016114859
0725-CXOTM,0,0.10798781,0,0,0,0,0,36,1,2,0,2,0,2,2,2,2,1,1,1,89.65,3348.1,0.00063729705,-0.028428953,0.0033131437,0.018310964,-0.25573888,-0.009970432,0.031603664,-0.11888062,-0.17248558,0.06759,0.009998093,-0.13369766,0.04159151,0.1992275,-0.47502607,0.0444829,-0.101676844,0.06517243,-0.24825855
2843-CQMEG,0,0.11666427,0,1,0,0,0,24,1,0,0,0,2,0,0,0,0,0,1,3,49.7,1218.25,0.0021025613,-0.04139257,-0.008612563,0.01798861,-0.51834047,-0.06616063,-0.13825162,-0.38777286,0.1744811,0.039719325,-0.0033769645,0.14189687,-0.039189745,-0.03608085,0.47498888,0.11176918,-0.24629207,-0.3302075,-0.12244895
5600-PDUJF,0,0.2786542,0,1,0,0,0,6,1,0,0,0,0,0,2,0,0,0,1,1,49.5,312.7,-0.053803377,-0.01459224,0.0008099589,0.01567429,0.5716559,-0.016229026,-0.1648627,-0.18861166,0.20483565,0.053220402,0.01113787,-0.27932745,-0.030675806,-0.02451256,0.5589578,0.080946974,-0.14075693,-0.32189587,-0.16389336
4500-HKANN,0,0.015747277,0,1,0,1,1,23,1,2,0,0,2,0,2,0,0,2,0,3,59.7,1414.2,-0.0019373507,-0.047071803,0.029620236,-0.045341272,-0.23170453,-0.020152047,0.047976993,-0.14676629,0.3301211,-0.07062558,-0.011863902,-0.21195272,-0.03711973,-0.0002521283,-1.757722,-0.13961467,-0.17696913,-0.5131697,-0.08144414
1862-QRWPE,0,0.015712675,0,0,0,1,1,48,1,0,2,1,1,1,1,1,1,2,0,0,20.65,1057.0,-0.02648596,-0.050755687,0.0042184037,-0.08626313,-0.25376207,-0.006904483,-0.14336489,0.05163736,-0.2588703,-0.106654376,-0.01721871,-0.18101418,-0.017313482,-0.07551938,-1.5611236,-0.10434696,0.040793885,-0.6154785,0.3202023
2155-AMQRX,0,0.07924128,0,0,0,0,0,28,1,2,0,0,0,0,2,0,0,0,1,1,54.9,1505.15,0.048209023,-0.022966592,-0.028896283,0.0094550345,-0.66192293,-0.057420343,0.08395475,-0.36943018,0.1424801,0.015036216,0.013549887,-0.30435038,-0.04021544,-0.037649527,0.5332569,0.07934941,-0.15395129,-0.46293086,-0.18903136
0823-HSCDJ,1,0.41628045,0,1,1,0,0,52,0,1,0,0,2,0,0,2,2,0,1,2,49.15,2550.9,0.022275211,0.14864466,-0.040499885,0.068152905,-0.5204963,0.16871727,0.13124923,-0.3227103,0.18616271,-0.06444073,0.0031204203,0.19097118,0.029820656,0.038951963,0.50164354,0.09745255,0.20823349,-0.21302843,0.07694412
4090-KPJIP,0,0.73052764,1,0,0,0,0,3,1,2,1,0,0,0,0,0,0,0,1,2,74.95,212.4,-0.01319482,-0.026362147,-0.0021585706,0.021911416,0.46768728,-0.012902396,0.19940339,0.14401259,0.27195632,0.058233898,0.0047135474,0.1484901,-0.024911668,-0.05168405,0.83699876,0.14772576,0.12290137,-0.14704639,-0.09924771
2737-YNGYW,1,0.6559001,1,0,0,0,0,2,1,0,1,0,0,0,0,0,2,0,0,2,80.55,184.1,0.022180025,-0.02671077,-0.012887722,0.009879295,0.4892971,-0.0073833605,-0.1409736,0.12985472,0.2736954,0.10836404,0.0075379517,0.07849319,-0.01744733,0.029694181,0.7716103,-0.22414203,0.10976697,0.11672974,-0.023256447
5619-XZZKR,0,0.028848955,0,1,0,0,0,4,1,0,2,1,1,1,1,1,1,1,0,3,19.95,68.2,-0.022547241,-0.039288383,-0.008950786,0.008174019,0.32440236,-0.010084122,-0.1633575,0.030198315,-0.3929658,-0.04299604,-0.026943235,-0.16074114,-0.014828835,-0.20369248,-0.8942052,-0.12738977,-0.18271396,-0.6043449,0.06509188
6047-YHPVI,1,0.54068285,1,1,0,0,0,5,1,0,1,0,0,0,0,0,0,0,1,2,69.7,316.9,-0.0063475855,-0.010905319,-0.002372703,0.011449087,0.34144667,-0.0134218605,-0.19266851,0.1562969,0.267836,0.05488626,0.007350703,0.14705561,-0.018095255,-0.011659684,0.7614417,0.09373165,0.15127137,-0.2907215,-0.23425616
8375-DKEBR,1,0.8877384,1,0,1,0,0,1,1,0,1,0,0,0,0,0,0,0,1,2,69.6,69.6,0.0061280155,0.14794278,-0.0021123304,0.017510878,0.85372597,-0.01968309,-0.15548308,0.16742626,0.19999139,0.045919158,0.005281034,0.23326363,-0.016985578,-0.023925707,0.89996004,0.09313867,0.13484521,0.0353465,0.49478167
7729-XBTWX,0,0.009373345,0,1,0,1,1,66,1,0,2,1,1,1,1,1,1,2,1,3,19.75,1344.5,0.0028081778,-0.03886875,0.05131813,-0.09848569,-0.49346516,0.00048936345,-0.17048772,0.04853859,-0.3104488,-0.0827727,-0.0052968813,-0.1945996,-0.0487779,-0.078593716,-1.7561125,0.032272168,-0.21797137,-0.13984396,-0.11094326
4983-CLMLV,0,0.31728932,0,0,0,1,0,52,1,2,1,0,2,0,2,2,2,0,1,1,102.7,5138.1,-0.020673124,-0.021769129,0.012889145,0.042288985,-0.8040621,-0.011203042,0.15032348,0.13495925,0.1960615,-0.085802354,0.008344636,-0.37998798,0.041440766,0.036224443,0.5733684,0.08851607,-0.079022944,0.55082536,-0.14975297
9227-LUNBG,1,0.43570834,0,0,0,0,0,1,0,1,0,0,0,0,0,0,0,0,0,2,24.6,24.6,-0.017376794,-0.07679835,0.00043659657,0.013304887,0.69240564,0.05565723,0.047301088,-0.28787416,0.2417886,0.035445444,0.0035526238,0.1403875,-0.026347954,-0.037401184,0.6943006,-0.4250892,0.13914841,-0.658008,0.25579467
2758-RNWXS,0,0.1337,0,1,0,0,0,35,1,0,1,2,0,0,2,0,2,1,1,2,89.2,3251.3,-0.01061315,-0.016173752,0.0031972127,0.0159838,-0.14768411,-0.0046929866,-0.08586436,0.051542353,-0.27142814,0.05881678,0.014828037,-0.17295592,-0.04266864,0.16548994,-0.4888975,0.054643486,0.12710738,-0.059064925,-0.010973319
7055-HNEOJ,0,0.32618293,0,1,0,1,0,3,1,0,0,0,0,2,2,0,0,0,1,3,55.8,154.55,-0.05330177,-0.02047542,0.0007838663,0.013266221,0.6371823,-0.016250597,-0.1354378,-0.24442455,0.22208382,0.047586445,0.10471425,-0.3406264,-0.033053696,-0.016459154,0.5974297,0.07737474,0.010574568,-0.40099734,-0.12624408
7134-MJPDY,0,0.28547493,0,0,1,0,0,66,1,2,1,0,0,2,2,2,2,1,1,1,102.85,6976.75,-0.18786882,0.05449697,0.06808867,0.042700283,-0.3346908,-0.0036089816,0.08721647,0.050072182,0.16965453,0.123629645,-0.0001092235,-0.1823611,0.040804386,0.15646476,-0.56415343,0.06279576,-0.05032238,0.6472969,-0.048344117
4560-WQAQW,0,0.039933503,0,0,0,0,0,59,1,2,0,2,0,0,2,0,2,1,0,0,68.7,4070.95,-0.051387835,-0.03351216,-0.00038940617,0.015310098,-0.49712288,-0.010568638,0.05282688,-0.1359298,-0.17134431,0.049589805,0.0034730467,-0.17774726,-0.049934752,0.16607827,-0.5079179,-0.10530851,-0.0951847,-0.4027081,-0.17878303
8532-UEFWH,0,0.01611493,0,1,0,1,1,52,1,2,2,1,1,1,1,1,1,2,0,3,25.75,1345.85,0.007808229,-0.048338164,0.032540325,-0.09891253,-0.21710332,-0.00941008,0.10281913,0.047861274,-0.30978966,-0.07376118,-0.02057628,-0.19259095,-0.0499944,-0.06552673,-1.6304903,-0.09250442,-0.16262156,-0.48106048,0.19911484
8541-QVFKM,0,0.68308604,1,0,0,0,0,8,1,2,1,0,0,0,0,0,0,0,1,2,73.5,632.2,-0.016281929,-0.023871088,-0.0024715434,0.03080616,0.24923474,-0.013552676,0.14748827,0.16839123,0.26759553,0.056906216,0.005196362,0.14276448,-0.041332267,-0.045976993,0.81300527,0.14099415,0.16385448,-0.17540425,-0.050129972
7129-ACFOG,0,0.38653645,0,0,0,0,0,5,1,2,0,2,0,0,0,0,0,0,1,2,53.8,283.95,-0.009226298,-0.028281746,0.0004177785,0.018886844,0.36121342,-0.020651827,0.13878712,-0.19363391,-0.4207231,0.06992984,0.004022085,0.116012484,-0.02509563,-0.054305542,0.71655476,0.11120333,0.1416259,-0.25448877,-0.08491563
2495-INZWQ,1,0.6813264,1,1,0,0,0,4,0,1,0,0,0,0,0,2,2,0,1,2,44.55,174.3,0.019095171,-0.02292027,-0.00816687,0.055669826,0.402981,0.098351315,0.23012078,-0.23179184,0.24417299,0.08428513,0.0039856117,0.15557493,0.037773747,0.08259832,0.6495437,0.15119487,0.14197375,-0.33316785,0.04782499
0263-FJTQO,0,0.014276994,0,1,0,1,1,50,1,2,0,2,0,0,2,2,0,2,1,1,70.5,3486.65,-0.0013684847,-0.031293526,-0.006638979,-0.09464077,-0.29416856,-0.009468149,0.10255952,-0.12630656,-0.18084347,0.15571532,0.008589631,-0.18496506,0.017276969,-0.03119739,-1.6423546,0.033847034,-0.07689107,-0.4179274,-0.4054252
0181-RITDD,0,0.055941004,0,1,0,1,1,62,1,0,1,2,2,2,2,2,2,2,0,3,108.15,6825.65,0.045874998,-0.01730233,-0.03901317,-0.0755047,-0.62739146,-0.0065431725,-0.042109158,0.05061716,-0.19739613,-0.11099365,0.038083997,-0.15393573,0.048258536,0.027657395,-1.1909733,-0.15623894,-0.1741838,1.1210154,-0.31658754
8241-JUIQO,0,0.025955345,0,0,0,0,0,61,1,0,2,1,1,1,1,1,1,1,0,0,19.45,1336.35,-0.01501424,-0.017850053,-0.026139129,0.010457181,-0.6604339,-0.0016546173,-0.15092583,0.053640436,-0.261059,-0.0033556863,-0.0030334424,-0.16740829,-0.033204462,-0.15182792,-0.818927,-0.07651163,-0.23417361,-0.17058077,0.15214661
0913-XWSCN,0,0.28846696,0,1,0,1,1,55,1,2,1,0,0,0,0,0,2,0,0,0,85.5,4713.4,0.0062130233,-0.04577656,0.0027914676,-0.055974264,-0.6125163,-0.0195111,0.12734938,0.14000371,0.174579,0.09055649,0.013400486,0.1537356,-0.025508564,0.049802408,0.6614245,-0.17972675,-0.13862474,0.113377415,-0.3092113
2159-TURXX,0,0.09474212,0,1,0,0,0,5,1,0,2,1,1,1,1,1,1,0,0,1,20.05,95.55,-0.049377423,-0.04202448,-0.004293971,0.015020311,0.32176116,-0.013042584,-0.19794378,0.036738366,-0.5260576,-0.080407634,-0.00092223834,-0.3298983,-0.0046568685,-0.053163018,0.6142973,-0.20238124,-0.08748542,-0.4465358,-0.15746272
6461-PPAXN,0,0.035201125,0,0,0,1,1,35,1,0,0,2,0,0,2,0,0,1,1,0,54.95,1916.0,0.011470741,-0.016235152,-0.056167733,-0.04440177,-0.3231503,-0.007776111,-0.051382728,-0.094210394,-0.1878442,0.047287595,0.008420934,-0.16471551,-0.025363643,-0.12589218,-0.78096837,0.054455396,-0.14646254,-0.23327899,-0.12540057
1452-KIOVK,0,0.36498997,0,1,0,0,1,22,1,2,1,0,2,0,0,2,0,0,1,1,89.1,1949.4,-0.008536694,-0.009540939,0.0015274576,-0.110610254,-0.2893246,-0.017201446,0.10068513,0.14703444,0.1881467,-0.04468533,0.012405669,0.16884737,0.0346665,-0.052131906,0.71154106,0.09963648,-0.24914244,-0.08824945,-0.09961302
1139-WUOAH,0,0.057136238,0,1,0,0,0,57,0,1,0,0,0,2,2,2,2,2,0,1,53.35,3090.05,0.008380837,-0.033426415,6.6383975e-05,0.034233946,-0.37031266,0.060835466,0.066506326,-0.1025712,0.24311508,0.16216803,-0.00861957,-0.20627096,0.020391554,0.019722713,-1.3358012,-0.1499606,-0.1441353,-0.038641803,0.020062055
3207-OYBWH,1,0.27698857,0,1,1,1,0,57,1,2,1,0,2,2,0,0,2,0,1,0,95.25,5427.05,0.002563473,0.119493365,0.0028317757,0.028922787,-0.6955027,-0.013240824,0.14636235,0.12801288,0.16761848,-0.061357196,-0.009733073,0.1484898,-0.062244326,0.04914562,0.5255122,0.09857308,-0.21517128,0.07613518,-0.34663472
8347-GDTMP,0,0.015690815,0,0,0,1,0,64,1,0,2,1,1,1,1,1,1,2,0,1,19.45,1225.65,-0.0014199858,-0.041197762,0.035914067,0.049734853,-0.25372484,-0.012513379,-0.16127723,0.04495702,-0.2509682,-0.12106076,0.0067904685,-0.15494597,-0.057970844,-0.019267622,-1.7399443,-0.09540464,-0.05343053,-0.27547535,0.01156539
9909-DFRJA,0,0.19407211,0,0,0,0,0,26,1,0,1,2,0,2,2,0,2,1,1,0,95.85,2475.35,0.03488651,-0.015962029,0.022692189,0.017153764,-0.123259164,-0.0030733775,-0.06373333,0.048439637,-0.09536712,0.078016594,0.0029100121,-0.16756299,-0.10348918,0.1619849,-0.7081763,0.08252503,-0.13649294,0.48114058,0.11282761
6383-ZTSIW,0,0.2541601,0,0,1,1,0,39,1,0,1,2,2,0,0,2,2,1,0,3,99.1,3877.95,-0.019028565,0.30831358,0.010701112,0.034173165,-0.09722911,-0.025863819,-0.10355882,0.04885046,-0.1917824,-0.05783016,-0.01056499,0.05295887,0.056911312,0.16414066,-0.5380042,-0.1714679,0.045792278,0.7755618,-0.3093949
5438-QMDDL,0,0.1659068,0,0,0,1,0,19,1,0,0,0,2,0,0,0,2,0,1,3,59.8,1130.85,-0.02765758,-0.05766551,0.010137221,0.015609657,-0.2356257,-0.07955093,-0.16335915,-0.41781172,0.16083246,-0.070087664,-0.0029984422,0.11029713,-0.030262286,0.069405854,0.46585506,0.14151613,-0.20689408,-0.3761396,0.1287051
8914-RBTSB,1,0.3380355,0,1,0,1,0,31,1,2,1,0,2,2,0,2,0,0,0,2,93.8,3019.5,-0.0038296557,-0.025125267,0.0045238463,0.02196776,-0.47145295,-0.021358721,0.11064872,0.15842563,0.22829631,-0.12753332,-0.021569392,0.11147582,0.04263119,-0.038878784,0.6049353,-0.34634563,0.1602015,0.18697625,-0.19682413
6164-HXUGH,0,0.1087901,0,0,0,1,1,6,1,0,2,1,1,1,1,1,1,0,0,3,19.85,119.3,0.0448382,-0.050660074,0.029532285,-0.056747973,0.31996104,-0.0045805955,-0.14394808,0.05402776,-0.5664171,-0.0797672,-0.019022312,-0.27390677,-0.01488003,-0.036726795,0.615865,-0.20737518,-0.18425918,-0.38630214,-0.09356493
6900-RBKER,0,0.030429415,0,1,0,0,0,52,1,2,1,0,0,2,0,0,2,2,1,1,89.45,4577.75,0.013259863,-0.054652616,0.013984903,0.018330704,-0.3699669,-0.007534991,0.12934382,0.060493127,0.24224597,0.125145,-0.014115009,0.1277681,-0.0431887,0.049468692,-2.0362408,0.058877874,-0.16758735,-0.29110396,-0.2667461
1492-QGCLU,0,0.13727164,0,1,0,1,1,53,1,2,0,2,0,2,2,2,2,0,0,2,85.7,4616.1,0.010283354,-0.057121854,0.0031557528,-0.07529626,-0.5280857,-0.023979785,0.1530654,-0.23217438,-0.26761088,0.12739937,-0.00036660142,-0.33885235,0.08161239,0.033019155,0.47493833,-0.1104474,0.17321436,0.07191012,-0.28357568
6664-FPDAC,1,0.17320627,0,0,1,0,0,56,1,2,1,0,2,2,2,2,2,1,1,2,111.95,6418.9,-0.09533793,0.054608744,0.020348212,0.060521834,-0.55867577,-0.009018349,0.09054266,0.0656298,0.19257347,-0.06484475,0.0066545545,-0.18102303,0.041408915,0.10493041,-0.5722705,0.0644808,-0.022956468,0.11767193,0.17090863
1088-AUUZZ,0,0.008502761,0,1,0,1,1,56,1,2,0,2,2,0,2,0,2,2,1,1,75.85,4261.2,0.0028958896,-0.06473846,0.03600663,-0.12922552,-0.3523273,-0.011622177,0.10101922,-0.12720679,-0.18567388,-0.107845694,0.004605235,-0.20798138,-0.06427443,0.02013472,-1.9294145,0.040136125,-0.046896935,-0.45783114,-0.22936079
6651-AZVTJ,1,0.6282878,1,1,0,1,1,49,1,2,1,0,0,2,0,2,2,0,1,2,99.8,4872.45,0.035384584,-0.03632368,0.012775975,-0.11197291,-0.530347,-0.020440029,0.21559519,0.1776123,0.22075318,0.115781024,-0.0013901206,0.15765284,0.054064237,0.03896838,0.6247442,0.12408055,0.20740807,0.53653175,-0.24677452
8219-VYBVI,0,0.016400525,0,1,0,0,1,39,1,2,2,1,1,1,1,1,1,2,0,3,25.0,1004.35,-0.02746736,-0.056561355,0.023926986,-0.091267094,-0.15785943,-0.006006919,0.06689572,0.044244703,-0.30499747,-0.1127155,-0.02057628,-0.17857753,-0.02990183,-0.075472616,-1.4522704,-0.03578473,-0.1534323,-0.619924,0.14306772
0310-MVLET,1,0.39993387,0,0,0,1,1,61,1,2,1,0,2,0,0,2,2,0,1,2,99.15,6010.05,-0.04605937,-0.0045817583,-0.03714351,-0.12102809,-1.1411455,-0.020406993,0.1500297,0.17362104,0.24538007,-0.14792147,-0.0025435472,0.16837795,0.055132784,0.01501232,0.67503273,0.13515839,0.22691202,0.5334781,-0.21382007
7233-IOQNP,0,0.10827589,0,0,0,1,0,43,0,1,0,2,0,0,2,0,0,0,0,0,34.0,1505.35,0.03136296,-0.03534145,0.07877736,0.026182612,-0.33993357,0.16010183,0.069075525,-0.18813412,-0.24887192,0.033386473,0.007969938,-0.31988052,-0.043090306,-0.047704004,0.5480782,-0.1438594,-0.15410525,-0.4636527,-0.02960999
7311-MQJCH,0,0.041990664,0,0,0,0,0,5,1,0,2,1,1,1,1,1,1,1,0,2,19.55,99.6,0.02203025,-0.030818358,-0.009001056,0.011496007,0.24896286,-0.0118874,-0.14348349,0.021032728,-0.3309665,-0.06262942,-0.015485544,-0.14295773,-0.0055045076,-0.15558258,-0.8438688,-0.12320623,0.12916523,-0.5434766,-0.09200333
9256-JTBNZ,0,0.11014823,0,0,0,0,0,11,1,0,2,1,1,1,1,1,1,0,0,0,20.3,246.3,0.05158571,-0.037477523,-0.0048645996,0.017709382,0.070699714,-0.0053540366,-0.17111643,0.055819623,-0.37044942,-0.07175704,-0.0008276409,-0.20470728,-0.021899996,-0.037962824,0.5693353,-0.17157428,-0.009648724,-0.5748143,-0.122698545
8713-IGZSO,0,0.11585581,0,1,0,0,0,2,1,2,2,1,1,1,1,1,1,0,0,3,24.85,62.0,-0.014518517,-0.060706697,-0.003993973,0.016048275,0.47101563,-0.0119419405,0.09535413,0.050161,-0.6072309,-0.13768777,-0.017921753,-0.32072344,-0.010622751,-0.03578126,0.6130274,-0.28659707,-0.13675913,-0.62493414,0.04076396
6821-BUXUX,1,0.7277277,1,0,0,0,0,13,1,2,1,2,2,0,0,2,0,0,1,2,96.65,1244.5,0.025288263,-0.026813796,-0.0024057766,0.042532615,-0.0032066773,-0.0064430963,0.110546246,0.09995519,-0.21439171,-0.098295845,0.0056473827,0.11249594,0.06264447,-0.036899865,0.82214266,0.177846,0.12230033,0.81190336,0.027503941
9114-DPSIA,0,0.0011535216,0,1,0,1,1,72,1,2,0,2,2,2,2,0,2,2,0,1,81.0,5750.0,0.0038597672,-0.052212615,0.009676657,-0.039941575,-1.8964128,-0.040973287,0.10090394,-0.14417161,-0.3573479,-0.15384072,-0.036172286,-0.20615616,-0.099158764,0.013351807,-1.8896804,-0.13430054,-0.1597977,-0.4208842,-0.21129653
4501-UYKBC,0,0.10126442,0,0,1,0,0,46,1,2,0,0,0,2,2,0,2,1,1,1,69.1,3255.35,-0.08794038,0.13832676,5.1277922e-05,0.022089047,-0.29166135,-0.012903631,0.033720415,-0.11579517,0.15381214,0.03849056,0.0007091933,-0.23417138,-0.027505845,0.13315937,-0.56265295,0.054853942,-0.16097724,-0.2504669,0.034833625
2798-NYLMZ,0,0.3144299,0,1,0,1,0,71,1,2,1,2,0,2,2,2,2,2,1,1,108.55,7616.0,0.13266905,-0.0068797516,-0.053694017,0.032977246,-0.7403588,-0.01295711,0.11630466,0.04527858,-0.38684937,0.24438201,-0.006228996,-0.07390213,0.027841788,0.06179052,-1.0925084,0.0851144,-0.049864702,1.1664903,0.7801312
6711-VTNRE,1,0.34181017,0,0,0,0,0,36,1,0,1,0,0,2,2,0,2,0,1,2,87.55,3078.1,0.07880025,-0.017830683,0.0010345634,0.020717518,-0.53300136,-0.008634018,-0.17103142,0.13510077,0.2027389,0.057701025,-0.01892801,-0.26836887,-0.035797324,0.015406001,0.604999,0.07826789,0.12203987,0.098879054,0.031894367
5966-EMAZU,0,0.14903103,0,1,0,1,0,64,1,2,1,2,0,2,2,2,2,1,1,3,108.5,6880.85,0.0903385,-0.01119439,-0.07512718,0.067767054,-0.9392629,-0.020179069,0.04300806,0.052566785,-0.35734555,0.08664634,0.041192632,-0.14867449,0.06750025,0.14961709,-0.4258714,0.048193637,-0.1386626,0.91875255,-0.1422612
3627-FHKBK,1,0.4998658,0,0,0,0,0,1,1,0,1,2,0,0,0,0,0,0,0,3,75.3,75.3,0.012864283,-0.045810625,-0.0032276022,0.009085776,0.75762326,-0.009841569,-0.067256264,0.10990776,-0.49752972,0.08832874,-0.0129789645,0.181968,-0.023529097,-0.02781984,0.82213384,-0.25363404,-0.111950465,-0.07413574,0.19449122
7861-UVUFT,1,0.61387974,1,0,0,1,0,15,1,0,1,0,0,2,0,2,0,0,1,2,84.3,1308.4,0.0021554285,-0.014800206,0.05611378,0.014066829,-0.024406407,-0.01794773,-0.19264165,0.1351046,0.24587514,0.043351896,-0.010941916,0.078634776,0.017097041,-0.022273516,0.74619836,0.10918949,0.17895827,0.2657569,-0.0966153
9824-QCJPK,0,0.0086711645,0,1,0,1,0,36,1,0,2,1,1,1,1,1,1,1,0,3,20.0,666.75,-0.015201999,-0.034147076,0.010006078,0.015135186,-0.5134229,-0.017179007,-0.20079063,0.05062766,-0.3524185,-0.042027038,-0.012225729,-0.15233983,-0.028571822,-0.24932194,-0.84389395,-0.1252069,-0.23051374,-0.8003647,-0.14796199
7816-VGHTO,0,0.03369062,0,0,0,1,1,6,0,1,0,0,2,2,2,0,0,2,0,3,40.55,217.5,-0.010037651,-0.034434356,0.0021929871,-0.05953371,0.14296536,0.049684994,0.045707323,-0.09104649,0.40603828,-0.11278768,0.096471794,-0.1854372,-0.034274403,-0.03623361,-1.9676005,-0.11329236,-0.0483903,-0.27669257,-0.080338754
3794-NFNCH,0,0.08711994,0,1,0,1,0,30,1,0,0,0,0,2,0,0,0,0,1,3,50.0,1474.9,-0.010146565,-0.038103312,0.036920037,0.009788024,-0.7439352,-0.081765145,-0.11512282,-0.48191988,0.17964342,-0.0051393667,0.026359359,0.13158819,-0.05529858,-0.036831,0.43932688,0.066127025,-0.16038206,-0.4149882,-0.04621398
3877-JRJIP,1,0.70692974,1,1,0,0,0,1,1,2,0,0,0,0,0,2,0,0,1,2,59.85,59.85,0.009198721,-0.043649737,-0.00018354268,0.020100225,0.7416971,-0.04292458,0.15973479,-0.34483033,0.22762533,0.065593235,0.0054371003,0.16517064,0.029126817,-0.05041151,0.78120613,0.12992117,0.12595914,-0.38443926,0.33541316
5228-EXCET,1,0.46070597,0,1,0,0,0,13,1,0,1,0,0,0,0,0,2,0,1,2,80.85,1008.7,-0.019303698,-0.022669513,-0.013848283,0.015196678,-0.018462108,-0.0057009687,-0.23449881,0.13329464,0.24341182,0.05620866,0.013311993,0.11381629,-0.03459166,0.021229887,0.6586895,0.078046866,0.17398733,0.0047056456,-0.27109972
6248-BSHKG,0,0.016409604,0,1,0,1,1,61,1,0,2,1,1,1,1,1,1,1,0,3,20.4,1226.45,0.015519576,-0.02422828,0.017056307,-0.052833565,-0.5388089,-0.0058179097,-0.16728038,0.049327705,-0.36289018,-0.05977169,-0.015483834,-0.18600318,-0.02207568,-0.1450075,-0.67220604,-0.09129157,-0.097848125,-0.58247477,-0.101998806
8915-NNTRC,0,0.00812288,0,1,0,1,1,72,1,2,1,2,2,0,2,2,2,2,1,1,107.7,7919.8,0.10481286,-0.025436334,0.00036453694,-0.07302098,-1.6830746,-0.011948499,0.09679516,0.04885335,-0.39429003,-0.11630846,0.01540634,-0.16167927,0.033436798,0.021876235,-1.8754557,0.08158343,-0.12298469,0.48293117,-0.17754962
3470-OBUET,0,0.04173044,0,0,0,1,1,67,1,2,0,2,2,0,2,2,0,2,0,1,74.0,4868.4,-0.007710064,-0.04409413,0.003053763,-0.085872404,-0.00031412952,-0.013107426,0.015244873,-0.09511498,-0.17218602,-0.16581163,0.0023902957,-0.17519881,0.02194421,-0.016917417,-1.3912845,-0.06750805,-0.007058059,-0.23585398,0.35072482
3229-USWAR,0,0.11025175,0,0,0,0,0,34,1,0,0,2,0,2,2,2,2,1,1,0,79.95,2727.3,0.00090139173,-0.017119234,-0.00094869465,0.01497675,-0.24755222,-0.009058862,-0.040496804,-0.119057685,-0.13302004,0.04287826,0.002210238,-0.14010222,0.024793286,0.16183035,-0.54955673,0.053815547,-0.17477652,-0.06963999,0.16097663
1927-QEWMY,0,0.0016266644,0,0,0,1,0,72,1,0,2,1,1,1,1,1,1,2,0,1,20.5,1502.25,-0.017040381,-0.03482512,0.05262672,0.039897498,-1.9283645,-0.03896155,-0.15172915,0.042193983,-0.40574464,-0.082308084,-0.020975564,-0.19399247,-0.08196941,-0.07583043,-1.5503111,-0.12233765,-0.19544548,-0.5277498,-0.077501945
6374-AFWOX,0,0.014518138,0,1,0,1,0,46,1,0,0,2,2,2,2,0,0,2,0,3,65.65,3047.15,-0.03337737,-0.06820291,0.0034106507,0.025600256,-0.3119719,-0.030688278,-0.02369817,-0.11775588,-0.20357019,-0.084889725,0.033700507,-0.16835476,-0.060940593,-0.006284982,-1.6595881,-0.08987211,-0.11248865,-0.3354182,0.07588461
7912-SYRQT,1,0.63387144,1,0,0,0,0,7,1,2,1,0,0,0,0,0,0,0,1,0,75.1,552.95,-0.003641359,-0.01985045,-0.003011199,0.02969896,0.37475598,-0.009720259,0.15505746,0.16726898,0.2309955,0.061860673,0.009081967,0.1438767,-0.040872365,-0.062420864,0.83628446,0.1496454,-0.19258974,-0.13089103,-0.09744149
2070-FNEXE,1,0.2412541,0,0,1,0,0,7,1,0,1,2,0,0,0,0,0,0,0,0,76.45,503.6,0.012876927,0.12061778,-0.052031424,0.013747207,0.14021815,-0.01187736,-0.09009224,0.108928256,-0.40967023,0.103229545,0.015412874,0.13146871,-0.033023756,-0.07472258,0.7463572,-0.2552524,-0.12902473,-0.24947691,-0.18427554
5803-NQJZO,0,0.0019192667,0,1,0,1,0,72,1,2,0,2,2,2,2,0,0,2,1,0,67.8,4804.65,0.0029509324,-0.056652993,0.007602223,0.015012715,-1.9511158,-0.04020873,0.053368576,-0.122866474,-0.3481299,-0.15142612,-0.032603253,-0.2107462,-0.100916676,-0.024794033,-1.6142098,0.05190722,-0.118254416,-0.46844298,-0.09513906
5651-YLPRD,0,0.47651422,0,0,0,1,1,32,1,0,1,0,2,0,0,2,0,0,1,2,86.1,2723.75,0.0042562583,-0.008854723,0.0021093392,-0.0930063,-0.4646992,-0.020182455,-0.12388005,0.16519038,0.21859747,-0.092861384,0.0080394605,0.13631904,0.03318137,-0.018336024,0.6929538,0.11673764,0.1371017,0.11231535,0.15023161
1271-UODNO,0,0.07300034,0,1,0,0,0,39,1,2,0,0,0,0,2,0,0,2,1,1,53.85,2200.7,-0.009271561,-0.025657753,0.012563118,0.02651272,-0.25397757,-0.024135228,0.07660653,-0.15629226,0.3100419,0.20930006,0.010491075,-0.16757017,-0.0281034,-0.033352513,-1.2891122,0.06588126,-0.112089776,-0.099540465,-0.00455609
5014-WUQMG,0,0.14745772,0,1,0,1,1,47,1,0,1,2,2,2,0,0,2,1,1,2,96.1,4391.45,0.025281504,-0.033691805,0.0011185604,-0.13220839,-0.23262171,-0.016095039,-0.15027589,0.06014718,-0.2263755,-0.10803208,0.01999674,0.08943476,-0.07082475,0.11439427,-0.5756681,0.09482713,0.1673502,0.4276682,-0.15988162
5889-JTMUL,1,0.49266204,0,0,1,1,0,50,1,2,1,0,2,2,0,2,0,0,1,2,95.05,4888.7,-0.0350028,0.17422128,-0.01547346,0.03746551,-0.57889736,-0.028544731,0.17050998,0.15358685,0.20324926,-0.07777102,0.0011100634,0.15370446,0.04290018,-0.042972352,0.63477063,0.1349058,0.2114741,0.14022073,-0.25958556
0788-DXBFY,0,0.050466556,0,1,0,1,1,58,1,0,2,1,1,1,1,1,1,1,1,2,19.55,1108.8,0.07960077,-0.02542496,0.013738027,-0.0907212,-0.22405183,0.004549293,-0.20176065,0.051485952,-0.32374743,-0.090472855,-0.015559208,-0.19487503,-0.0058826623,-0.299661,-0.9192693,0.05704564,0.13123779,-0.25355294,0.4218878
2669-QVCRG,0,0.31151533,0,0,0,0,0,41,1,2,1,2,0,0,0,0,0,0,1,1,81.3,3190.65,0.024620093,-0.018556012,-0.0031034113,0.021798467,-0.37708515,-0.010113702,0.03540109,0.12143237,-0.35257775,0.06574037,0.013364046,0.12039724,-0.03306477,-0.049648516,0.70421106,0.08162544,-0.058449287,0.020200491,-0.050011143
6630-UJZMY,0,0.7992642,1,0,1,1,0,4,1,2,1,0,0,0,0,2,0,0,1,2,83.25,308.05,-0.013247573,0.11811638,0.0077728448,0.026987478,0.39432758,-0.016781,0.22456542,0.17056054,0.3147773,0.06189012,0.0029294495,0.10773518,0.031119166,-0.067279465,0.8717015,0.115430176,0.07782472,0.10576734,-0.10326971
5061-PBXFW,0,0.07773504,0,0,0,1,1,32,1,0,0,2,2,0,2,0,0,0,0,0,61.4,1864.65,0.053653214,-0.024557296,0.0061584716,-0.056872252,-0.42193958,-0.023298169,-0.05312328,-0.19299613,-0.17875633,-0.07285705,0.011237823,-0.26041824,-0.014553677,-0.038244274,0.54587424,-0.15935333,-0.092411116,-0.32883298,-0.12301057
2700-LUEVA,0,0.22931604,0,1,0,0,0,1,1,0,2,1,1,1,1,1,1,0,0,1,20.75,20.75,-0.067366466,-0.06895288,-0.015771652,0.022040093,0.70109034,-0.012908797,-0.19371815,0.044213537,-0.46724555,-0.017824687,-0.00092223834,-0.3056917,-0.0045616757,-0.028682502,0.7252989,-0.1905672,-0.31109023,-0.4092204,0.43892914
3865-ZFZIB,0,0.010779934,0,1,0,0,0,19,1,0,2,1,1,1,1,1,1,2,0,3,19.65,358.15,-0.013572628,-0.055291492,-0.004070928,0.02536288,-0.12059255,-0.009236624,-0.17037351,0.03443563,-0.30222765,-0.078939766,-0.010926867,-0.14311361,-0.027423201,-0.08869006,-1.7671895,-0.11313125,-0.19334751,-0.29635262,-0.13532388
0471-ARVMX,0,0.17335911,0,0,1,1,0,62,1,2,1,2,0,2,0,2,2,1,1,2,104.85,6312.9,-0.08821372,0.06965122,-0.06301518,0.035859115,-0.8253439,-0.021769866,0.078468114,0.045900006,-0.29086733,0.099170916,0.005779636,0.07660244,0.06047557,0.1151194,-0.6455816,0.055956382,0.19706123,0.6071078,-0.025140505
8985-OOPOS,0,0.10104344,0,0,0,0,0,1,1,0,0,0,0,2,2,2,2,1,0,1,74.1,74.1,-0.066904806,-0.02363502,-0.0011705299,0.012830489,0.49106494,-0.010054475,-0.09375171,-0.06995862,0.20368835,0.031987965,0.0033463521,-0.35018498,0.013677124,0.10853707,-0.8394298,-0.18939526,-0.14469752,-0.2696922,0.057283737
0719-SYFRB,1,0.19273832,0,0,0,0,0,12,1,2,0,2,0,2,2,0,0,0,1,3,61.65,713.75,0.04142821,-0.04445866,-0.0006025737,0.030599935,0.014466844,-0.026588798,0.10498485,-0.15456069,-0.34783882,0.06195805,0.05093737,-0.18596001,-0.051514637,-0.051597845,0.6215056,0.09426503,-0.20936418,-0.34352493,0.012775753
0447-BEMNG,1,0.15626837,0,0,0,1,0,48,0,1,0,2,0,2,0,0,2,0,1,0,45.3,2145.0,0.009277468,-0.032720912,0.02055039,0.050756577,-0.5267505,0.14157154,0.09674081,-0.29570377,-0.30373394,0.021306455,-0.004871927,0.1843075,-0.0437432,0.057567045,0.5916963,0.073902465,-0.233178,-0.3600307,-0.08397864
5630-AHZIL,0,0.24305873,0,0,0,0,1,3,1,0,0,2,0,0,2,0,2,0,1,0,64.5,177.4,0.076081395,-0.019892322,-0.0024702584,-0.055673644,0.4924076,-0.007905497,-0.11222203,-0.14582051,-0.30917585,0.08765064,0.01030028,-0.29729724,-0.015752276,0.034924544,0.6394868,0.078803904,-0.09454089,-0.35293093,-0.09273123
2190-BCXEC,0,0.25548726,0,0,0,1,0,40,1,2,1,0,0,0,2,0,0,0,1,1,78.85,3126.85,0.055587623,-0.01585959,0.0022326321,0.02815123,-0.5843656,-0.010324292,0.052943774,0.12257972,0.17859657,0.048260495,0.009958484,-0.3805289,-0.032481126,-0.0062140627,0.63327545,0.08723989,-0.17949092,-0.03184164,0.0019475378
1559-DTODC,0,0.27227437,0,1,0,0,0,19,0,1,0,0,0,0,0,0,0,0,1,0,25.15,468.35,-0.0040155007,-0.01812673,0.0020571202,0.05302093,-0.16831186,0.12654674,0.16131318,-0.24906613,0.18737145,0.059280407,0.009020311,0.1361259,-0.030746643,-0.05903383,0.51516724,0.09240688,-0.20821789,-0.54416037,0.0054804315
3244-DCJWY,1,0.7939894,1,0,0,0,0,1,1,0,1,0,0,0,0,0,0,0,1,2,70.25,70.25,0.0063227504,-0.016838396,-0.0021585706,0.011356032,0.79021996,-0.019009862,-0.13292572,0.16777447,0.26145703,0.051000945,0.00697989,0.18863495,-0.017085742,-0.01949852,0.8846724,0.09779391,0.14941122,-0.19176224,0.18202363
3967-VQOGC,0,0.0039139646,0,0,0,1,1,67,1,2,2,1,1,1,1,1,1,2,1,3,24.9,1680.25,-0.012944402,-0.026726725,0.014944842,-0.10389174,-0.71136725,-0.00039142277,0.0073241927,0.045187637,-0.30887425,-0.103316024,-0.01782023,-0.20093523,-0.0477942,-0.07029279,-1.6945252,0.025009241,-0.18171473,-0.63702905,-0.46489882
0265-PSUAE,0,0.5766199,1,0,0,1,1,16,1,0,1,2,0,2,0,2,2,0,0,0,100.7,1522.7,0.058338895,-0.038529236,0.007794953,-0.040728174,-0.04852303,-0.015936922,-0.04452888,0.10801381,-0.075367644,0.04265564,-0.01872301,0.07337208,0.050404254,0.042825423,0.75163925,-0.3152663,-0.13289635,0.77506363,0.17853025
1622-HSHSF,0,0.45937368,0,0,0,0,0,1,1,0,2,1,1,1,1,1,1,0,1,3,19.55,19.55,0.045168694,-0.06927262,-0.00987297,0.014603,0.83024466,-0.013141067,-0.17341821,0.066501684,-0.4470258,-0.03808548,-0.018011855,-0.28360432,-0.006139884,-0.026407631,0.8137858,0.12694824,0.03656624,-0.2949897,0.33251256
9867-XOBQA,0,0.025848918,0,0,0,0,1,21,0,1,0,2,2,2,2,2,0,2,0,3,53.15,1183.2,-0.032016233,-0.053710524,0.015669458,-0.00011352636,-0.19233944,0.059605896,0.03787233,-0.070462,-0.21553484,-0.07972187,0.048859153,-0.21262883,0.061705325,-0.02364869,-1.6966218,-0.12539107,-0.08342342,-0.19020784,0.17203645
6773-LQTVT,0,0.1766277,0,0,1,1,1,29,0,1,0,0,2,2,0,0,0,0,1,3,35.65,1025.15,-0.02343535,0.20332338,0.02628035,-0.25468895,-0.50759953,0.07128182,0.08677039,-0.31380165,0.17944847,-0.07485662,0.037326805,0.15110673,-0.025906194,-0.064551905,0.51173824,0.030238494,-0.16017492,-0.41780972,0.055171236
4332-MUOEZ,0,0.123042725,0,1,1,1,1,20,1,0,1,2,0,2,2,0,2,1,0,1,94.3,1818.3,-0.043283872,0.12882037,0.0025374254,-0.0792574,0.14740689,-0.00473436,-0.0914645,0.041721296,-0.14272329,0.042762455,0.004933665,-0.1754509,-0.07101862,0.13488568,-0.7323842,-0.11377202,-0.14621699,0.49311623,-0.31057888
0023-XUOPT,1,0.6161086,1,0,0,1,0,13,1,2,1,0,2,2,0,2,0,0,0,2,94.1,1215.6,-0.016231697,-0.033160638,0.005441537,0.034102783,-0.06672551,-0.018930992,0.11250573,0.14584194,0.115374945,-0.13011506,0.00037963176,0.06420742,0.049184624,-0.035133984,0.6937932,-0.4343674,0.12983608,0.63034683,0.27593932
6543-CPZMK,1,0.31056702,0,1,0,1,1,9,0,1,0,0,2,0,0,0,0,0,1,2,29.95,248.95,0.01961017,-0.0149109075,0.017323134,-0.32666862,0.2228774,-0.01996248,0.119765736,-0.28746662,0.25214273,-0.12829816,0.0021349413,0.13418323,-0.016760979,-0.027520597,0.62877464,0.08473233,0.17972995,-0.36341366,-0.2245164
6418-HNFED,0,0.008747356,0,1,0,1,0,51,1,0,0,2,2,2,2,2,2,2,1,1,83.25,4089.45,-0.012182849,-0.054966252,0.0026606182,0.03739967,-0.3194832,-0.020228356,-0.1253808,-0.15854578,-0.19196841,-0.07795689,-0.023189986,-0.17655942,0.025012814,0.015825469,-1.9403789,0.028633663,-0.0735224,-0.37706974,-0.23909093
1036-GUDCL,0,0.045618795,0,1,0,1,1,60,1,0,0,2,2,0,2,2,2,0,1,1,79.05,4663.4,-0.016422646,-0.031919044,-0.025863044,-0.103722215,-1.0755322,-0.018563867,-0.10812031,-0.20667465,-0.25007278,-0.05666266,0.022386791,-0.37185326,0.029635204,-0.044271387,0.43359154,0.052034933,-0.02126507,-0.03422751,-0.16399534
4818-QIUFN,1,0.48538366,0,0,1,0,0,20,1,2,1,2,0,0,0,0,0,0,1,2,79.15,1520.9,-0.009293101,0.1303544,-0.03429515,0.02319177,-0.20655431,-0.0070395307,0.123254195,0.12160479,-0.37334782,0.03834015,0.0031626378,0.18356223,-0.032047693,-0.001243759,0.7470726,0.11065697,0.20744397,0.044522353,-0.07860136
0778-NELLA,1,0.43232563,0,1,0,0,0,9,0,1,0,0,0,0,0,2,0,0,1,1,34.7,296.1,0.00042477736,-0.017492212,0.0009031442,0.064121485,0.2596351,0.0745211,0.1667966,-0.2647613,0.22068676,0.061156534,0.0075184777,0.1271638,0.045607958,-0.056078773,0.6217635,0.12979364,-0.23617381,-0.29410025,-0.13462967
7495-OOKFY,1,0.7109152,1,0,1,1,0,8,1,2,1,0,2,0,0,0,0,0,1,1,80.65,633.3,0.0043053627,0.1031825,0.0049243206,0.040829033,0.31567428,-0.0068007326,0.17502835,0.17904085,0.26842684,-0.06217909,0.010767609,0.113717444,-0.033773776,-0.048086517,0.8374298,0.15777378,-0.15163983,0.081486255,-0.041047856
4737-HOBAX,0,0.06653662,0,1,0,1,0,63,1,2,0,0,0,2,2,2,2,2,0,1,79.8,5034.05,0.012412416,-0.039645955,-0.014632396,0.02010555,-0.6019794,-0.014729292,0.09833132,-0.104156464,0.2051565,0.328716,-0.007228316,-0.17503837,0.035954196,0.0056553883,-1.2724268,-0.1556405,-0.012329712,0.0014577291,0.0980941
7919-ZODZZ,0,0.18328631,0,0,0,1,1,10,1,0,0,0,2,2,0,0,2,1,1,3,65.9,660.05,-0.07389592,-0.017330375,0.006718342,-0.06230555,0.108251646,-0.018943168,-0.061906535,-0.1534264,0.39603928,-0.06249097,0.054319534,0.14111488,-0.025583342,0.12432817,-0.57807785,0.07689208,0.03410157,-0.31042376,-0.022396015
2988-PLAHS,0,0.17274643,0,0,0,0,0,3,1,0,0,0,0,2,0,2,2,1,1,2,69.95,220.45,-0.07704166,-0.019805798,-0.0004387367,0.0106106475,0.31018114,-0.016925167,-0.16637237,-0.13187453,0.32796806,0.053801022,0.009765264,0.12791845,0.014967628,0.10243189,-0.79149634,0.08756758,0.08705095,-0.37857226,-0.06679778
9067-SQTNS,0,0.020569406,0,1,0,1,1,44,1,0,2,1,1,1,1,1,1,1,0,0,20.6,926.0,-0.0023949924,-0.02912314,0.008487649,-0.06639288,-0.5319057,-0.0039102565,-0.20507893,0.0534753,-0.26557827,-0.054746658,-0.027787363,-0.19462098,-0.0059938193,-0.26998043,-0.6508562,-0.06943398,0.07013917,-0.55969644,-0.008543644
6483-OATDN,0,0.23474038,0,1,0,1,1,8,1,0,0,2,0,0,0,0,0,0,1,1,51.3,411.6,-0.032289512,-0.012016273,0.0032632034,-0.058403887,0.22672789,-0.0029636503,-0.097198024,-0.1902447,-0.3058209,0.06060433,0.010170985,0.13174072,-0.024791082,-0.027574163,0.6731603,0.068463735,-0.12027465,-0.27698654,-0.15807778
5469-CTCWN,1,0.11768668,0,1,0,1,1,61,1,2,1,2,2,0,0,2,2,1,1,2,106.0,6547.7,0.083093375,-0.008798328,-0.054444883,-0.15392548,-0.77809227,-0.015237117,0.06394042,0.06188555,-0.3168451,-0.09480158,-0.10300692,0.09657006,0.053378846,0.11805926,-0.6612018,0.06221964,0.18609181,0.6642405,-0.1684221
3524-WQDSG,0,0.6070848,1,0,0,1,1,43,1,2,1,0,0,2,0,2,2,0,1,0,99.3,4209.95,0.00020760673,-0.016649783,0.01001284,-0.0995639,-0.37193596,-0.016903263,0.16181545,0.15731993,0.17340475,0.09714323,-0.011591399,0.072173476,0.05014955,0.04942946,0.71101886,0.12950455,-0.18697043,0.790493,-0.21475786
6968-URWQU,0,0.1831608,0,1,0,1,0,43,1,0,0,0,0,0,0,2,0,1,1,3,56.35,2391.15,0.0081231175,-0.027524658,0.005269155,0.0067898533,-0.27855733,-0.038777784,-0.070641614,-0.20639479,0.45871177,0.035514165,-0.004885832,0.10884543,0.0563621,-0.17956288,-0.56252664,0.07610464,0.09402373,-0.16876127,0.2420357
8601-QACRS,1,0.44177073,0,0,0,0,0,5,1,2,0,0,0,0,0,0,0,0,1,3,50.6,249.95,-0.005811066,-0.036810286,0.00058644766,0.018127449,0.5728377,-0.021674339,0.16761333,-0.2885345,0.26770103,0.049432393,-0.011820285,0.09748572,-0.03992059,-0.057414062,0.6442802,0.12010691,-0.20389941,-0.29797924,-0.1590602
8690-UPCZI,0,0.032508533,0,1,0,1,1,29,1,2,0,2,0,0,2,2,0,1,0,0,69.05,1958.45,-0.015617933,-0.020162702,0.0052879886,-0.008567603,-0.20658799,-0.013117695,0.046587672,-0.15582034,-0.17683806,0.06618356,0.010432218,-0.18117055,0.026547944,-0.15266195,-0.76100045,-0.13036714,-0.20101842,-0.2830642,-0.19302218
5331-RGMTT,0,0.5807469,1,1,1,1,0,54,1,2,1,0,0,2,0,2,2,0,1,1,99.05,5295.7,0.0027107412,0.11556816,0.009313913,0.028755978,-0.50379026,-0.013723752,0.19940135,0.14328915,0.18445255,0.091057815,-0.010569007,0.15509401,0.06701645,0.054451562,0.60699606,0.10945023,-0.17477131,0.633429,-0.3230667
1357-BIJKI,0,0.34405667,0,1,0,1,0,50,1,2,1,0,2,0,0,2,2,1,1,2,98.25,4858.7,0.08700275,-0.032268755,0.011674936,0.046772912,-0.35119414,-0.022947798,0.15537605,0.087438256,0.24699688,-0.116264634,0.004197837,0.109481014,0.04635737,0.14705889,-0.67330664,0.13945097,0.22887392,0.49086267,-0.20160457
2088-IEBAU,0,0.016303502,0,0,0,0,0,68,1,2,0,2,2,2,2,2,2,2,1,2,88.15,6148.45,-0.033252403,-0.031649146,0.00573796,0.02071735,-0.43908617,-0.021335801,0.12807037,-0.10735071,-0.2666532,-0.16829339,0.0041193618,-0.17640167,0.025389891,0.005855518,-1.9145651,0.054035094,0.09801373,-0.27189788,0.037834663
0679-IDSTG,1,0.8804329,1,0,1,1,1,1,1,0,1,0,0,0,0,0,0,0,1,2,69.25,69.25,0.006717379,0.14078209,0.006130733,-0.07810034,0.8651133,-0.01870329,-0.120936565,0.16907516,0.20110495,0.054951224,0.004844999,0.23160437,-0.016601333,-0.024521831,0.89684546,0.087703474,0.13265987,0.030864175,0.47622702
6519-ZHPXP,0,0.017263766,0,0,0,1,1,72,1,0,1,2,2,2,2,2,2,2,1,0,108.3,7679.65,-0.19958735,-0.030369874,0.0025027478,-0.08014694,-1.8633446,-0.006672635,-0.045092065,0.043751616,-0.37458828,-0.09007756,-0.004826941,-0.14463711,0.027620332,0.052675296,-1.5701334,0.08707709,0.05596218,0.9447046,0.20267835
2101-RANCD,0,0.40278366,0,0,0,0,0,55,1,2,1,0,0,0,0,0,0,0,1,2,73.1,4144.9,-0.02179081,-0.027395053,-0.003522445,0.024425248,-0.63682514,-0.014662314,0.15066862,0.16526064,0.2216411,0.05244307,0.0065947818,0.17360984,-0.033083513,-0.034680832,0.68291533,0.10851847,0.2833199,-0.23258837,-0.2095025
4029-HPFVY,0,0.49691564,0,1,0,0,0,3,1,0,1,0,0,0,0,0,0,0,1,3,70.3,220.4,-0.009175364,-0.032463018,-0.0021083006,0.010040075,0.4870573,-0.013194929,-0.18948774,0.1562969,0.27240533,0.043133352,-0.013628306,0.14260396,-0.027287383,-0.020636678,0.7375627,0.097055666,-0.1541964,-0.24861032,-0.19847886
1015-OWJKI,0,0.09955315,0,1,0,0,0,1,1,0,2,1,1,1,1,1,1,0,0,3,19.05,19.05,-0.04428806,-0.072684474,-0.0049574357,0.03547864,0.8571188,-0.009290593,-0.15907098,0.06662511,-0.50012064,-0.08292003,-0.017578866,-0.26781714,-0.00521292,-0.011077972,0.72010565,-0.5569476,0.03559614,-1.349691,0.21375939
8314-HTWVE,0,0.011081354,0,0,0,1,1,7,1,0,2,1,1,1,1,1,1,2,0,3,19.85,144.15,0.026500229,-0.04304046,0.025574705,-0.07242362,0.11694972,-0.0058607217,-0.11424176,0.0334374,-0.3263679,-0.08531751,-0.016775789,-0.16329023,-0.020198923,-0.06872115,-1.9759701,-0.109246746,-0.21404219,-0.45647255,0.027384225
5357-TZHPP,1,0.76898015,1,1,1,0,0,9,1,2,1,0,0,0,0,0,2,0,1,1,84.4,732.5,-0.0030929495,0.112382516,-0.0125512965,0.03859186,0.2903922,-0.015603847,0.23826702,0.16505578,0.26594973,0.06272882,0.011461947,0.13230413,-0.024795957,0.084318,0.7521032,0.09967315,-0.19913153,0.22954991,0.024184175
8727-XDPUD,0,0.025149751,0,1,0,0,0,37,0,1,0,0,0,0,0,2,0,2,0,1,35.8,1316.9,0.004250011,-0.03622854,-0.009592392,0.0066975495,-0.34753877,0.06764717,0.041847233,-0.114437245,0.29046187,0.07773844,0.009138024,0.099650174,0.027095098,-0.08604274,-1.6365931,-0.1585858,-0.14495924,-0.38192055,-0.31683728
9073-ZZIAY,0,0.012399651,0,1,0,1,1,62,1,0,0,2,2,2,2,2,2,2,0,2,86.1,5215.25,0.016614458,-0.05468844,-0.018708713,-0.057404555,-0.532646,-0.019714216,-0.093540095,-0.13283405,-0.22233646,-0.16538127,-0.017377282,-0.16715978,0.049773373,-0.028438365,-1.7013475,-0.08471355,0.1509582,-0.20742418,-0.042015
5181-OABFK,0,0.016936835,0,0,0,1,1,56,1,0,0,2,2,2,0,0,0,2,1,1,61.3,3346.8,0.049646467,-0.044460148,-0.0041017146,-0.08124143,-0.35373604,-0.024458503,-0.03142826,-0.116811946,-0.1665371,-0.06687221,-0.007909417,0.14441264,-0.05271685,-0.029742472,-1.8173144,0.034316782,-0.06756426,-0.35782763,-0.01761004
3812-LRZIR,0,0.01777001,0,0,0,1,1,27,1,2,2,1,1,1,1,1,1,2,0,2,24.5,761.95,0.002298199,-0.048855677,0.0031822533,-0.10755035,-0.14272146,-0.009722881,0.07756674,0.04538616,-0.29304674,-0.1153453,-0.016409345,-0.17608552,-0.016633056,-0.0605537,-1.5836555,-0.17844759,0.090601616,-0.59890985,0.1658127
5204-HMGYF,0,0.040094167,0,0,0,1,1,49,1,0,0,2,2,2,2,2,2,1,1,3,87.2,4345.0,-0.030988999,-0.05962014,0.0017920963,-0.08087073,-0.62041074,-0.013173959,-0.117027484,-0.14293616,-0.22257076,-0.06406734,0.06358085,-0.17399913,0.039288588,0.17557266,-0.30913657,0.035486322,-0.2216884,0.08975536,-0.4753648
9950-MTGYX,0,0.010320621,0,1,0,1,1,28,1,0,2,1,1,1,1,1,1,2,1,1,20.3,487.95,-0.024232503,-0.034238297,0.0035103767,-0.0865307,-0.293065,0.0014174227,-0.21089706,0.043701727,-0.2709289,-0.09387319,-0.0050959634,-0.18322939,-0.017535634,-0.089613385,-1.5954456,0.040237755,-0.083114006,-0.66982514,0.054745015
3675-EQOZA,0,0.094749965,0,1,0,0,0,5,1,0,2,1,1,1,1,1,1,0,0,0,20.65,93.55,-0.049437616,-0.04202448,-0.0046310984,0.014675393,0.3059596,-0.012870945,-0.19477934,0.043813616,-0.52573323,-0.0843282,-0.00092223834,-0.328995,-0.0047680256,-0.05145346,0.5826935,-0.16170278,-0.037962995,-0.5376567,-0.11762063
3646-ITDGM,0,0.034717787,0,0,0,0,0,56,1,0,2,1,1,1,1,1,1,2,0,0,19.7,1051.9,-0.035111684,-0.055254716,0.00088805426,0.029578272,-0.14559405,-0.0052467883,-0.14932407,0.051503997,-0.2572954,-0.090747654,-0.009644877,-0.17470022,-0.019401297,-0.0738814,-1.5373604,-0.11250359,0.020846894,-0.1670878,0.45439354
3913-FCUUW,0,0.0020506391,0,0,0,1,1,72,1,2,0,2,2,2,2,0,0,2,1,0,70.45,5165.7,-0.0067350497,-0.051641937,0.0070271892,-0.03155396,-1.9252164,-0.031468578,0.052690335,-0.11222323,-0.35337642,-0.15202692,-0.030149262,-0.19756241,-0.08844995,-0.01883682,-1.6872185,0.054025583,-0.08224045,-0.42478323,-0.058584522
